ISO-10303-21;
HEADER;
FILE_DESCRIPTION(('CoCreate Modeling STEP Export'),'2;1');
FILE_NAME('FX30B-5S-3.81DSA.stp','2013-06-12T10:12:52',(''),(''),
'CoCreate Modeling STEP processor for AP214 (Solid Model)',
'CoCreate Modeling 17.0  01-Apr-2010 (C) Parametric Technology GmbH','')
;
FILE_SCHEMA(('AUTOMOTIVE_DESIGN { 1 0 10303 214 1 1 1 1 }'));
ENDSEC;
DATA;
#10=CARTESIAN_POINT('',(-6.023077,29.880602,-53.6875));
#20=DIRECTION('',(0.,-1.,0.));
#30=DIRECTION('',(1.,0.,0.));
#40=AXIS2_PLACEMENT_3D('',#10,#20,#30);
#50=PLANE('',#40);
#60=CARTESIAN_POINT('',(-1.523077,29.880602,-27.3975));
#70=DIRECTION('',(0.,-1.,0.));
#80=DIRECTION('',(-1.,0.,0.));
#90=AXIS2_PLACEMENT_3D('',#60,#70,#80);
#100=CIRCLE('',#90,1.);
#110=CARTESIAN_POINT('',(-0.523076999999999,29.880602,-27.3975));
#120=VERTEX_POINT('',#110);
#130=CARTESIAN_POINT('',(-1.523077,29.880602,-26.3975));
#140=VERTEX_POINT('',#130);
#150=EDGE_CURVE('',#120,#140,#100,.T.);
#160=ORIENTED_EDGE('',*,*,#150,.F.);
#170=CARTESIAN_POINT('',(-6.323077,29.880602,-26.3975));
#180=DIRECTION('',(-1.,0.,0.));
#190=VECTOR('',#180,1.);
#200=LINE('',#170,#190);
#210=CARTESIAN_POINT('',(-10.523077,29.880602,-26.3975));
#220=VERTEX_POINT('',#210);
#230=EDGE_CURVE('',#140,#220,#200,.T.);
#240=ORIENTED_EDGE('',*,*,#230,.F.);
#250=CARTESIAN_POINT('',(-10.523077,29.880602,-27.3975));
#260=DIRECTION('',(1.2335811384724E-16,1.,0.));
#270=DIRECTION('',(1.,-1.2335811384724E-16,0.));
#280=AXIS2_PLACEMENT_3D('',#250,#260,#270);
#290=CIRCLE('',#280,1.);
#300=CARTESIAN_POINT('',(-11.523077,29.880602,-27.3975));
#310=VERTEX_POINT('',#300);
#320=EDGE_CURVE('',#310,#220,#290,.T.);
#330=ORIENTED_EDGE('',*,*,#320,.T.);
#340=CARTESIAN_POINT('',(-11.523077,29.880602,-25.1475));
#350=DIRECTION('',(0.,0.,-1.));
#360=VECTOR('',#350,1.);
#370=LINE('',#340,#360);
#380=CARTESIAN_POINT('',(-11.523077,29.880602,-25.8225));
#390=VERTEX_POINT('',#380);
#400=EDGE_CURVE('',#390,#310,#370,.T.);
#410=ORIENTED_EDGE('',*,*,#400,.T.);
#420=CARTESIAN_POINT('',(-6.323077,29.880602,-20.6225));
#430=DIRECTION('',(0.707106781186548,0.,0.707106781186547));
#440=VECTOR('',#430,1.);
#450=LINE('',#420,#440);
#460=CARTESIAN_POINT('',(-9.523077,29.880602,-23.8224999999999));
#470=VERTEX_POINT('',#460);
#480=EDGE_CURVE('',#390,#470,#450,.T.);
#490=ORIENTED_EDGE('',*,*,#480,.F.);
#500=CARTESIAN_POINT('',(-6.323077,29.880602,-23.8225));
#510=DIRECTION('',(-1.,0.,0.));
#520=VECTOR('',#510,1.);
#530=LINE('',#500,#520);
#540=CARTESIAN_POINT('',(-4.42307699999999,29.880602,-23.8224999999999))
;
#550=VERTEX_POINT('',#540);
#560=EDGE_CURVE('',#550,#470,#530,.T.);
#570=ORIENTED_EDGE('',*,*,#560,.T.);
#580=CARTESIAN_POINT('',(-4.42307699999999,29.880602,-25.1475));
#590=DIRECTION('',(0.,0.,1.));
#600=VECTOR('',#590,1.);
#610=LINE('',#580,#600);
#620=CARTESIAN_POINT('',(-4.42307699999999,29.880602,-24.0225));
#630=VERTEX_POINT('',#620);
#640=EDGE_CURVE('',#630,#550,#610,.T.);
#650=ORIENTED_EDGE('',*,*,#640,.T.);
#660=CARTESIAN_POINT('',(-6.323077,29.880602,-24.0225));
#670=DIRECTION('',(-1.,0.,0.));
#680=VECTOR('',#670,1.);
#690=LINE('',#660,#680);
#700=CARTESIAN_POINT('',(-1.42307699999999,29.880602,-24.0225));
#710=VERTEX_POINT('',#700);
#720=EDGE_CURVE('',#710,#630,#690,.T.);
#730=ORIENTED_EDGE('',*,*,#720,.T.);
#740=CARTESIAN_POINT('',(-1.42307699999999,29.880602,-25.1475));
#750=DIRECTION('',(0.,0.,-1.));
#760=VECTOR('',#750,1.);
#770=LINE('',#740,#760);
#780=CARTESIAN_POINT('',(-1.42307699999999,29.880602,-23.8224999999999))
;
#790=VERTEX_POINT('',#780);
#800=EDGE_CURVE('',#790,#710,#770,.T.);
#810=ORIENTED_EDGE('',*,*,#800,.T.);
#820=CARTESIAN_POINT('',(-1.023077,29.880602,-23.8224999999999));
#830=VERTEX_POINT('',#820);
#840=EDGE_CURVE('',#830,#790,#530,.T.);
#850=ORIENTED_EDGE('',*,*,#840,.T.);
#860=CARTESIAN_POINT('',(0.301923000000041,29.880602,-25.1475));
#870=DIRECTION('',(0.707106781186547,0.,-0.707106781186548));
#880=VECTOR('',#870,1.);
#890=LINE('',#860,#880);
#900=CARTESIAN_POINT('',(-0.523076999999999,29.880602,-24.3225));
#910=VERTEX_POINT('',#900);
#920=EDGE_CURVE('',#830,#910,#890,.T.);
#930=ORIENTED_EDGE('',*,*,#920,.F.);
#940=CARTESIAN_POINT('',(-0.523076999999999,29.880602,-25.1475));
#950=DIRECTION('',(0.,0.,1.));
#960=VECTOR('',#950,1.);
#970=LINE('',#940,#960);
#980=EDGE_CURVE('',#120,#910,#970,.T.);
#990=ORIENTED_EDGE('',*,*,#980,.T.);
#1000=EDGE_LOOP('',(#990,#930,#850,#810,#730,#650,#570,#490,#410,#330,
#240,#160));
#1010=FACE_OUTER_BOUND('',#1000,.T.);
#1020=CARTESIAN_POINT('',(-4.17307699999999,29.880602,-25.1475));
#1030=DIRECTION('',(0.,0.,1.));
#1040=VECTOR('',#1030,1.);
#1050=LINE('',#1020,#1040);
#1060=CARTESIAN_POINT('',(-4.17307699999999,29.880602,-25.2475));
#1070=VERTEX_POINT('',#1060);
#1080=CARTESIAN_POINT('',(-4.17307699999999,29.880602,-24.7475));
#1090=VERTEX_POINT('',#1080);
#1100=EDGE_CURVE('',#1070,#1090,#1050,.T.);
#1110=ORIENTED_EDGE('',*,*,#1100,.F.);
#1120=CARTESIAN_POINT('',(-6.323077,29.880602,-24.7475));
#1130=DIRECTION('',(-1.,0.,0.));
#1140=VECTOR('',#1130,1.);
#1150=LINE('',#1120,#1140);
#1160=CARTESIAN_POINT('',(-5.273077,29.880602,-24.7475));
#1170=VERTEX_POINT('',#1160);
#1180=EDGE_CURVE('',#1090,#1170,#1150,.T.);
#1190=ORIENTED_EDGE('',*,*,#1180,.F.);
#1200=CARTESIAN_POINT('',(-5.273077,29.880602,-25.1475));
#1210=DIRECTION('',(0.,0.,-1.));
#1220=VECTOR('',#1210,1.);
#1230=LINE('',#1200,#1220);
#1240=CARTESIAN_POINT('',(-5.273077,29.880602,-25.2475));
#1250=VERTEX_POINT('',#1240);
#1260=EDGE_CURVE('',#1170,#1250,#1230,.T.);
#1270=ORIENTED_EDGE('',*,*,#1260,.F.);
#1280=CARTESIAN_POINT('',(-6.323077,29.880602,-25.2475));
#1290=DIRECTION('',(-1.,0.,0.));
#1300=VECTOR('',#1290,1.);
#1310=LINE('',#1280,#1300);
#1320=EDGE_CURVE('',#1070,#1250,#1310,.T.);
#1330=ORIENTED_EDGE('',*,*,#1320,.T.);
#1340=EDGE_LOOP('',(#1330,#1270,#1190,#1110));
#1350=FACE_BOUND('',#1340,.T.);
#1360=CARTESIAN_POINT('',(-7.87307700000001,29.880602,-25.1475));
#1370=DIRECTION('',(0.,0.,-1.));
#1380=VECTOR('',#1370,1.);
#1390=LINE('',#1360,#1380);
#1400=CARTESIAN_POINT('',(-7.873077,29.880602,-24.7475));
#1410=VERTEX_POINT('',#1400);
#1420=CARTESIAN_POINT('',(-7.873077,29.880602,-25.2475));
#1430=VERTEX_POINT('',#1420);
#1440=EDGE_CURVE('',#1410,#1430,#1390,.T.);
#1450=ORIENTED_EDGE('',*,*,#1440,.F.);
#1460=CARTESIAN_POINT('',(-6.773077,29.880602,-25.2475));
#1470=VERTEX_POINT('',#1460);
#1480=EDGE_CURVE('',#1470,#1430,#1310,.T.);
#1490=ORIENTED_EDGE('',*,*,#1480,.T.);
#1500=CARTESIAN_POINT('',(-6.773077,29.880602,-25.1475));
#1510=DIRECTION('',(0.,0.,1.));
#1520=VECTOR('',#1510,1.);
#1530=LINE('',#1500,#1520);
#1540=CARTESIAN_POINT('',(-6.773077,29.880602,-24.7475));
#1550=VERTEX_POINT('',#1540);
#1560=EDGE_CURVE('',#1470,#1550,#1530,.T.);
#1570=ORIENTED_EDGE('',*,*,#1560,.F.);
#1580=EDGE_CURVE('',#1550,#1410,#1150,.T.);
#1590=ORIENTED_EDGE('',*,*,#1580,.F.);
#1600=EDGE_LOOP('',(#1590,#1570,#1490,#1450));
#1610=FACE_BOUND('',#1600,.T.);
#1620=ADVANCED_FACE('',(#1010,#1350,#1610),#50,.T.);
#1630=CARTESIAN_POINT('',(-9.823077,22.430602,-32.2025));
#1640=DIRECTION('',(1.,0.,0.));
#1650=DIRECTION('',(0.,-1.,0.));
#1660=AXIS2_PLACEMENT_3D('',#1630,#1640,#1650);
#1670=PLANE('',#1660);
#1680=CARTESIAN_POINT('',(-9.823077,25.880602,-35.5074999999999));
#1690=DIRECTION('',(0.,1.,0.));
#1700=VECTOR('',#1690,1.);
#1710=LINE('',#1680,#1700);
#1720=CARTESIAN_POINT('',(-9.823077,19.430602,-35.5074999999999));
#1730=VERTEX_POINT('',#1720);
#1740=CARTESIAN_POINT('',(-9.823077,26.530602,-35.5074999999999));
#1750=VERTEX_POINT('',#1740);
#1760=EDGE_CURVE('',#1730,#1750,#1710,.T.);
#1770=ORIENTED_EDGE('',*,*,#1760,.T.);
#1780=CARTESIAN_POINT('',(-9.823077,19.430602,-25.1475));
#1790=DIRECTION('',(0.,0.,1.));
#1800=VECTOR('',#1790,1.);
#1810=LINE('',#1780,#1800);
#1820=CARTESIAN_POINT('',(-9.823077,19.430602,-36.5074999999999));
#1830=VERTEX_POINT('',#1820);
#1840=EDGE_CURVE('',#1830,#1730,#1810,.T.);
#1850=ORIENTED_EDGE('',*,*,#1840,.T.);
#1860=CARTESIAN_POINT('',(-9.823077,25.880602,-36.5074999999999));
#1870=DIRECTION('',(0.,-1.,0.));
#1880=VECTOR('',#1870,1.);
#1890=LINE('',#1860,#1880);
#1900=CARTESIAN_POINT('',(-9.823077,26.530602,-36.5074999999999));
#1910=VERTEX_POINT('',#1900);
#1920=EDGE_CURVE('',#1910,#1830,#1890,.T.);
#1930=ORIENTED_EDGE('',*,*,#1920,.T.);
#1940=CARTESIAN_POINT('',(-9.823077,26.530602,-25.1475));
#1950=DIRECTION('',(0.,0.,-1.));
#1960=VECTOR('',#1950,1.);
#1970=LINE('',#1940,#1960);
#1980=CARTESIAN_POINT('',(-9.823077,26.530602,-37.3625000000001));
#1990=VERTEX_POINT('',#1980);
#2000=EDGE_CURVE('',#1910,#1990,#1970,.T.);
#2010=ORIENTED_EDGE('',*,*,#2000,.F.);
#2020=CARTESIAN_POINT('',(-9.823077,25.880602,-37.3625000000001));
#2030=DIRECTION('',(0.,1.,0.));
#2040=VECTOR('',#2030,1.);
#2050=LINE('',#2020,#2040);
#2060=CARTESIAN_POINT('',(-9.823077,16.980602,-37.3625000000001));
#2070=VERTEX_POINT('',#2060);
#2080=EDGE_CURVE('',#2070,#1990,#2050,.T.);
#2090=ORIENTED_EDGE('',*,*,#2080,.T.);
#2100=CARTESIAN_POINT('',(-9.823077,16.980602,-25.1475));
#2110=DIRECTION('',(0.,0.,1.));
#2120=VECTOR('',#2110,1.);
#2130=LINE('',#2100,#2120);
#2140=CARTESIAN_POINT('',(-9.823077,16.980602,-35.0025));
#2150=VERTEX_POINT('',#2140);
#2160=EDGE_CURVE('',#2070,#2150,#2130,.T.);
#2170=ORIENTED_EDGE('',*,*,#2160,.F.);
#2180=CARTESIAN_POINT('',(-9.823077,25.880602,-35.0025));
#2190=DIRECTION('',(0.,1.,0.));
#2200=VECTOR('',#2190,1.);
#2210=LINE('',#2180,#2200);
#2220=CARTESIAN_POINT('',(-9.823077,26.530602,-35.0025));
#2230=VERTEX_POINT('',#2220);
#2240=EDGE_CURVE('',#2150,#2230,#2210,.T.);
#2250=ORIENTED_EDGE('',*,*,#2240,.F.);
#2260=EDGE_CURVE('',#2230,#1750,#1970,.T.);
#2270=ORIENTED_EDGE('',*,*,#2260,.F.);
#2280=EDGE_LOOP('',(#2270,#2250,#2170,#2090,#2010,#1930,#1850,#1770));
#2290=FACE_OUTER_BOUND('',#2280,.T.);
#2300=ADVANCED_FACE('',(#2290),#1670,.T.);
#2310=CARTESIAN_POINT('',(-1.373077,18.680602,-49.9374999999999));
#2320=DIRECTION('',(-1.,-0.,-0.));
#2330=DIRECTION('',(0.,0.,-1.));
#2340=AXIS2_PLACEMENT_3D('',#2310,#2320,#2330);
#2350=PLANE('',#2340);
#2360=CARTESIAN_POINT('',(-1.373077,25.880602,-52.2375));
#2370=DIRECTION('',(0.,-1.,0.));
#2380=VECTOR('',#2370,1.);
#2390=LINE('',#2360,#2380);
#2400=CARTESIAN_POINT('',(-1.373077,27.780602,-52.2375));
#2410=VERTEX_POINT('',#2400);
#2420=CARTESIAN_POINT('',(-1.373077,16.980602,-52.2375));
#2430=VERTEX_POINT('',#2420);
#2440=EDGE_CURVE('',#2410,#2430,#2390,.T.);
#2450=ORIENTED_EDGE('',*,*,#2440,.T.);
#2460=CARTESIAN_POINT('',(-1.373077,27.780602,-54.4874999999999));
#2470=DIRECTION('',(0.,0.,-1.));
#2480=VECTOR('',#2470,1.);
#2490=LINE('',#2460,#2480);
#2500=CARTESIAN_POINT('',(-1.373077,27.780602,-49.8375));
#2510=VERTEX_POINT('',#2500);
#2520=EDGE_CURVE('',#2510,#2410,#2490,.T.);
#2530=ORIENTED_EDGE('',*,*,#2520,.T.);
#2540=CARTESIAN_POINT('',(-1.373077,25.880602,-49.4856481481481));
#2550=DIRECTION('',(0.,-0.983282004984459,0.182089260182312));
#2560=VECTOR('',#2550,1.);
#2570=LINE('',#2540,#2560);
#2580=CARTESIAN_POINT('',(-1.373077,26.430602,-49.5875));
#2590=VERTEX_POINT('',#2580);
#2600=EDGE_CURVE('',#2510,#2590,#2570,.T.);
#2610=ORIENTED_EDGE('',*,*,#2600,.F.);
#2620=CARTESIAN_POINT('',(-1.373077,25.880602,-49.5875));
#2630=DIRECTION('',(0.,1.,0.));
#2640=VECTOR('',#2630,1.);
#2650=LINE('',#2620,#2640);
#2660=CARTESIAN_POINT('',(-1.373077,16.980602,-49.5875));
#2670=VERTEX_POINT('',#2660);
#2680=EDGE_CURVE('',#2670,#2590,#2650,.T.);
#2690=ORIENTED_EDGE('',*,*,#2680,.T.);
#2700=CARTESIAN_POINT('',(-1.373077,16.980602,-25.1475));
#2710=DIRECTION('',(0.,0.,-1.));
#2720=VECTOR('',#2710,1.);
#2730=LINE('',#2700,#2720);
#2740=EDGE_CURVE('',#2670,#2430,#2730,.T.);
#2750=ORIENTED_EDGE('',*,*,#2740,.F.);
#2760=EDGE_LOOP('',(#2750,#2690,#2610,#2530,#2450));
#2770=FACE_OUTER_BOUND('',#2760,.T.);
#2780=ADVANCED_FACE('',(#2770),#2350,.T.);
#2790=CARTESIAN_POINT('',(-9.923077,25.680602,-30.0475));
#2800=DIRECTION('',(0.,-0.,1.));
#2810=DIRECTION('',(0.,1.,0.));
#2820=AXIS2_PLACEMENT_3D('',#2790,#2800,#2810);
#2830=PLANE('',#2820);
#2840=CARTESIAN_POINT('',(-9.823077,25.880602,-30.0475));
#2850=DIRECTION('',(0.,1.,0.));
#2860=VECTOR('',#2850,1.);
#2870=LINE('',#2840,#2860);
#2880=CARTESIAN_POINT('',(-9.823077,16.980602,-30.0475));
#2890=VERTEX_POINT('',#2880);
#2900=CARTESIAN_POINT('',(-9.823077,26.430602,-30.0475));
#2910=VERTEX_POINT('',#2900);
#2920=EDGE_CURVE('',#2890,#2910,#2870,.T.);
#2930=ORIENTED_EDGE('',*,*,#2920,.T.);
#2940=CARTESIAN_POINT('',(-6.323077,16.980602,-30.0475));
#2950=DIRECTION('',(-1.,1.2335811384724E-16,0.));
#2960=VECTOR('',#2950,1.);
#2970=LINE('',#2940,#2960);
#2980=CARTESIAN_POINT('',(-10.673077,16.980602,-30.0475));
#2990=VERTEX_POINT('',#2980);
#3000=EDGE_CURVE('',#2890,#2990,#2970,.T.);
#3010=ORIENTED_EDGE('',*,*,#3000,.F.);
#3020=CARTESIAN_POINT('',(-10.673077,25.880602,-30.0475));
#3030=DIRECTION('',(0.,-1.,0.));
#3040=VECTOR('',#3030,1.);
#3050=LINE('',#3020,#3040);
#3060=CARTESIAN_POINT('',(-10.673077,26.430602,-30.0475));
#3070=VERTEX_POINT('',#3060);
#3080=EDGE_CURVE('',#3070,#2990,#3050,.T.);
#3090=ORIENTED_EDGE('',*,*,#3080,.T.);
#3100=CARTESIAN_POINT('',(-6.023077,26.430602,-30.0475));
#3110=DIRECTION('',(1.,0.,0.));
#3120=VECTOR('',#3110,1.);
#3130=LINE('',#3100,#3120);
#3140=EDGE_CURVE('',#3070,#2910,#3130,.T.);
#3150=ORIENTED_EDGE('',*,*,#3140,.F.);
#3160=EDGE_LOOP('',(#3150,#3090,#3010,#2930));
#3170=FACE_OUTER_BOUND('',#3160,.T.);
#3180=ADVANCED_FACE('',(#3170),#2830,.T.);
#3190=CARTESIAN_POINT('',(-8.523077,18.680602,-28.0975));
#3200=DIRECTION('',(0.,0.,-1.));
#3210=DIRECTION('',(1.,0.,0.));
#3220=AXIS2_PLACEMENT_3D('',#3190,#3200,#3210);
#3230=PLANE('',#3220);
#3240=CARTESIAN_POINT('',(-6.323077,16.980602,-28.0975));
#3250=DIRECTION('',(-1.,1.2335811384724E-16,0.));
#3260=VECTOR('',#3250,1.);
#3270=LINE('',#3240,#3260);
#3280=CARTESIAN_POINT('',(-6.723077,16.980602,-28.0975));
#3290=VERTEX_POINT('',#3280);
#3300=CARTESIAN_POINT('',(-7.723077,16.980602,-28.0975));
#3310=VERTEX_POINT('',#3300);
#3320=EDGE_CURVE('',#3290,#3310,#3270,.T.);
#3330=ORIENTED_EDGE('',*,*,#3320,.T.);
#3340=CARTESIAN_POINT('',(-6.723077,25.880602,-28.0975));
#3350=DIRECTION('',(0.,1.,0.));
#3360=VECTOR('',#3350,1.);
#3370=LINE('',#3340,#3360);
#3380=CARTESIAN_POINT('',(-6.723077,27.780602,-28.0975));
#3390=VERTEX_POINT('',#3380);
#3400=EDGE_CURVE('',#3290,#3390,#3370,.T.);
#3410=ORIENTED_EDGE('',*,*,#3400,.F.);
#3420=CARTESIAN_POINT('',(-6.023077,27.780602,-28.0975));
#3430=DIRECTION('',(-1.,0.,0.));
#3440=VECTOR('',#3430,1.);
#3450=LINE('',#3420,#3440);
#3460=CARTESIAN_POINT('',(-7.723077,27.780602,-28.0975));
#3470=VERTEX_POINT('',#3460);
#3480=EDGE_CURVE('',#3390,#3470,#3450,.T.);
#3490=ORIENTED_EDGE('',*,*,#3480,.F.);
#3500=CARTESIAN_POINT('',(-7.723077,25.880602,-28.0975));
#3510=DIRECTION('',(0.,1.,0.));
#3520=VECTOR('',#3510,1.);
#3530=LINE('',#3500,#3520);
#3540=EDGE_CURVE('',#3310,#3470,#3530,.T.);
#3550=ORIENTED_EDGE('',*,*,#3540,.T.);
#3560=EDGE_LOOP('',(#3550,#3490,#3410,#3330));
#3570=FACE_OUTER_BOUND('',#3560,.T.);
#3580=ADVANCED_FACE('',(#3570),#3230,.T.);
#3590=CARTESIAN_POINT('',(-10.673077,19.680602,-42.3774999999999));
#3600=DIRECTION('',(-1.,0.,0.));
#3610=DIRECTION('',(0.,0.,1.));
#3620=AXIS2_PLACEMENT_3D('',#3590,#3600,#3610);
#3630=PLANE('',#3620);
#3640=CARTESIAN_POINT('',(-10.673077,26.530602,-25.1475));
#3650=DIRECTION('',(0.,0.,-1.));
#3660=VECTOR('',#3650,1.);
#3670=LINE('',#3640,#3660);
#3680=CARTESIAN_POINT('',(-10.673077,26.530602,-44.6324999999999));
#3690=VERTEX_POINT('',#3680);
#3700=CARTESIAN_POINT('',(-10.673077,26.530602,-46.4324999999999));
#3710=VERTEX_POINT('',#3700);
#3720=EDGE_CURVE('',#3690,#3710,#3670,.T.);
#3730=ORIENTED_EDGE('',*,*,#3720,.F.);
#3740=CARTESIAN_POINT('',(-10.673077,26.880602,-46.4324999999999));
#3750=DIRECTION('',(0.,1.,0.));
#3760=VECTOR('',#3750,1.);
#3770=LINE('',#3740,#3760);
#3780=CARTESIAN_POINT('',(-10.673077,16.980602,-46.4324999999999));
#3790=VERTEX_POINT('',#3780);
#3800=EDGE_CURVE('',#3790,#3710,#3770,.T.);
#3810=ORIENTED_EDGE('',*,*,#3800,.T.);
#3820=CARTESIAN_POINT('',(-10.673077,16.980602,-25.1475));
#3830=DIRECTION('',(0.,0.,-1.));
#3840=VECTOR('',#3830,1.);
#3850=LINE('',#3820,#3840);
#3860=CARTESIAN_POINT('',(-10.673077,16.980602,-44.6324999999999));
#3870=VERTEX_POINT('',#3860);
#3880=EDGE_CURVE('',#3870,#3790,#3850,.T.);
#3890=ORIENTED_EDGE('',*,*,#3880,.T.);
#3900=CARTESIAN_POINT('',(-10.673077,26.880602,-44.6324999999999));
#3910=DIRECTION('',(0.,1.,0.));
#3920=VECTOR('',#3910,1.);
#3930=LINE('',#3900,#3920);
#3940=EDGE_CURVE('',#3870,#3690,#3930,.T.);
#3950=ORIENTED_EDGE('',*,*,#3940,.F.);
#3960=EDGE_LOOP('',(#3950,#3890,#3810,#3730));
#3970=FACE_OUTER_BOUND('',#3960,.T.);
#3980=ADVANCED_FACE('',(#3970),#3630,.F.);
#3990=CARTESIAN_POINT('',(-2.223077,25.680602,-48.3874999999999));
#4000=DIRECTION('',(-1.,0.,0.));
#4010=DIRECTION('',(0.,0.,1.));
#4020=AXIS2_PLACEMENT_3D('',#3990,#4000,#4010);
#4030=PLANE('',#4020);
#4040=CARTESIAN_POINT('',(-2.223077,25.880602,-47.9374999999999));
#4050=DIRECTION('',(0.,1.,0.));
#4060=VECTOR('',#4050,1.);
#4070=LINE('',#4040,#4060);
#4080=CARTESIAN_POINT('',(-2.223077,19.430602,-47.9374999999999));
#4090=VERTEX_POINT('',#4080);
#4100=CARTESIAN_POINT('',(-2.223077,26.530602,-47.9374999999999));
#4110=VERTEX_POINT('',#4100);
#4120=EDGE_CURVE('',#4090,#4110,#4070,.T.);
#4130=ORIENTED_EDGE('',*,*,#4120,.T.);
#4140=CARTESIAN_POINT('',(-2.223077,19.430602,-25.1475));
#4150=DIRECTION('',(0.,0.,-1.));
#4160=VECTOR('',#4150,1.);
#4170=LINE('',#4140,#4160);
#4180=CARTESIAN_POINT('',(-2.223077,19.430602,-46.9374999999999));
#4190=VERTEX_POINT('',#4180);
#4200=EDGE_CURVE('',#4190,#4090,#4170,.T.);
#4210=ORIENTED_EDGE('',*,*,#4200,.T.);
#4220=CARTESIAN_POINT('',(-2.223077,25.880602,-46.9374999999999));
#4230=DIRECTION('',(0.,-1.,0.));
#4240=VECTOR('',#4230,1.);
#4250=LINE('',#4220,#4240);
#4260=CARTESIAN_POINT('',(-2.223077,26.530602,-46.9374999999999));
#4270=VERTEX_POINT('',#4260);
#4280=EDGE_CURVE('',#4270,#4190,#4250,.T.);
#4290=ORIENTED_EDGE('',*,*,#4280,.T.);
#4300=CARTESIAN_POINT('',(-2.223077,26.530602,-25.1475));
#4310=DIRECTION('',(0.,0.,1.));
#4320=VECTOR('',#4310,1.);
#4330=LINE('',#4300,#4320);
#4340=CARTESIAN_POINT('',(-2.223077,26.530602,-46.0825));
#4350=VERTEX_POINT('',#4340);
#4360=EDGE_CURVE('',#4270,#4350,#4330,.T.);
#4370=ORIENTED_EDGE('',*,*,#4360,.F.);
#4380=CARTESIAN_POINT('',(-2.223077,25.880602,-46.0825));
#4390=DIRECTION('',(0.,1.,0.));
#4400=VECTOR('',#4390,1.);
#4410=LINE('',#4380,#4400);
#4420=CARTESIAN_POINT('',(-2.223077,16.980602,-46.0825));
#4430=VERTEX_POINT('',#4420);
#4440=EDGE_CURVE('',#4430,#4350,#4410,.T.);
#4450=ORIENTED_EDGE('',*,*,#4440,.T.);
#4460=CARTESIAN_POINT('',(-2.223077,16.980602,-25.1475));
#4470=DIRECTION('',(0.,0.,-1.));
#4480=VECTOR('',#4470,1.);
#4490=LINE('',#4460,#4480);
#4500=CARTESIAN_POINT('',(-2.223077,16.980602,-49.5875));
#4510=VERTEX_POINT('',#4500);
#4520=EDGE_CURVE('',#4430,#4510,#4490,.T.);
#4530=ORIENTED_EDGE('',*,*,#4520,.F.);
#4540=CARTESIAN_POINT('',(-2.223077,25.880602,-49.5875));
#4550=DIRECTION('',(0.,1.,0.));
#4560=VECTOR('',#4550,1.);
#4570=LINE('',#4540,#4560);
#4580=CARTESIAN_POINT('',(-2.223077,26.430602,-49.5875));
#4590=VERTEX_POINT('',#4580);
#4600=EDGE_CURVE('',#4510,#4590,#4570,.T.);
#4610=ORIENTED_EDGE('',*,*,#4600,.F.);
#4620=CARTESIAN_POINT('',(-2.223077,25.880602,-49.4856481481481));
#4630=DIRECTION('',(0.,0.983282004984459,-0.182089260182312));
#4640=VECTOR('',#4630,1.);
#4650=LINE('',#4620,#4640);
#4660=CARTESIAN_POINT('',(-2.223077,26.530602,-49.6060185185185));
#4670=VERTEX_POINT('',#4660);
#4680=EDGE_CURVE('',#4590,#4670,#4650,.T.);
#4690=ORIENTED_EDGE('',*,*,#4680,.F.);
#4700=EDGE_CURVE('',#4670,#4110,#4330,.T.);
#4710=ORIENTED_EDGE('',*,*,#4700,.F.);
#4720=EDGE_LOOP('',(#4710,#4690,#4610,#4530,#4450,#4370,#4290,#4210,
#4130));
#4730=FACE_OUTER_BOUND('',#4720,.T.);
#4740=ADVANCED_FACE('',(#4730),#4030,.T.);
#4750=CARTESIAN_POINT('',(-8.523077,18.680602,-51.5374999999999));
#4760=DIRECTION('',(0.,0.,-1.));
#4770=DIRECTION('',(1.,0.,0.));
#4780=AXIS2_PLACEMENT_3D('',#4750,#4760,#4770);
#4790=PLANE('',#4780);
#4800=CARTESIAN_POINT('',(-6.323077,16.980602,-51.5374999999999));
#4810=DIRECTION('',(-1.,1.2335811384724E-16,0.));
#4820=VECTOR('',#4810,1.);
#4830=LINE('',#4800,#4820);
#4840=CARTESIAN_POINT('',(-6.723077,16.980602,-51.5374999999999));
#4850=VERTEX_POINT('',#4840);
#4860=CARTESIAN_POINT('',(-7.723077,16.980602,-51.5374999999999));
#4870=VERTEX_POINT('',#4860);
#4880=EDGE_CURVE('',#4850,#4870,#4830,.T.);
#4890=ORIENTED_EDGE('',*,*,#4880,.F.);
#4900=CARTESIAN_POINT('',(-7.723077,25.880602,-51.5374999999999));
#4910=DIRECTION('',(0.,1.,0.));
#4920=VECTOR('',#4910,1.);
#4930=LINE('',#4900,#4920);
#4940=CARTESIAN_POINT('',(-7.723077,27.780602,-51.5374999999999));
#4950=VERTEX_POINT('',#4940);
#4960=EDGE_CURVE('',#4870,#4950,#4930,.T.);
#4970=ORIENTED_EDGE('',*,*,#4960,.F.);
#4980=CARTESIAN_POINT('',(-6.023077,27.780602,-51.5374999999999));
#4990=DIRECTION('',(-1.,0.,0.));
#5000=VECTOR('',#4990,1.);
#5010=LINE('',#4980,#5000);
#5020=CARTESIAN_POINT('',(-6.723077,27.780602,-51.5374999999999));
#5030=VERTEX_POINT('',#5020);
#5040=EDGE_CURVE('',#5030,#4950,#5010,.T.);
#5050=ORIENTED_EDGE('',*,*,#5040,.T.);
#5060=CARTESIAN_POINT('',(-6.723077,25.880602,-51.5374999999999));
#5070=DIRECTION('',(0.,1.,0.));
#5080=VECTOR('',#5070,1.);
#5090=LINE('',#5060,#5080);
#5100=EDGE_CURVE('',#4850,#5030,#5090,.T.);
#5110=ORIENTED_EDGE('',*,*,#5100,.T.);
#5120=EDGE_LOOP('',(#5110,#5050,#4970,#4890));
#5130=FACE_OUTER_BOUND('',#5120,.T.);
#5140=ADVANCED_FACE('',(#5130),#4790,.F.);
#5150=CARTESIAN_POINT('',(-9.823077,25.880602,-38.4625000000002));
#5160=DIRECTION('',(0.,-1.,0.));
#5170=VECTOR('',#5160,1.);
#5180=LINE('',#5150,#5170);
#5190=CARTESIAN_POINT('',(-9.823077,26.530602,-38.4625000000001));
#5200=VERTEX_POINT('',#5190);
#5210=CARTESIAN_POINT('',(-9.823077,16.980602,-38.4625000000001));
#5220=VERTEX_POINT('',#5210);
#5230=EDGE_CURVE('',#5200,#5220,#5180,.T.);
#5240=ORIENTED_EDGE('',*,*,#5230,.T.);
#5250=CARTESIAN_POINT('',(-9.823077,26.530602,-25.1475));
#5260=DIRECTION('',(0.,0.,-1.));
#5270=VECTOR('',#5260,1.);
#5280=LINE('',#5250,#5270);
#5290=CARTESIAN_POINT('',(-9.823077,26.530602,-39.3174999999999));
#5300=VERTEX_POINT('',#5290);
#5310=EDGE_CURVE('',#5200,#5300,#5280,.T.);
#5320=ORIENTED_EDGE('',*,*,#5310,.F.);
#5330=CARTESIAN_POINT('',(-9.823077,25.880602,-39.3174999999999));
#5340=DIRECTION('',(0.,1.,0.));
#5350=VECTOR('',#5340,1.);
#5360=LINE('',#5330,#5350);
#5370=CARTESIAN_POINT('',(-9.823077,19.430602,-39.3174999999999));
#5380=VERTEX_POINT('',#5370);
#5390=EDGE_CURVE('',#5380,#5300,#5360,.T.);
#5400=ORIENTED_EDGE('',*,*,#5390,.T.);
#5410=CARTESIAN_POINT('',(-9.823077,19.430602,-25.1475));
#5420=DIRECTION('',(0.,0.,1.));
#5430=VECTOR('',#5420,1.);
#5440=LINE('',#5410,#5430);
#5450=CARTESIAN_POINT('',(-9.823077,19.430602,-40.3174999999999));
#5460=VERTEX_POINT('',#5450);
#5470=EDGE_CURVE('',#5460,#5380,#5440,.T.);
#5480=ORIENTED_EDGE('',*,*,#5470,.T.);
#5490=CARTESIAN_POINT('',(-9.823077,25.880602,-40.3174999999999));
#5500=DIRECTION('',(0.,-1.,0.));
#5510=VECTOR('',#5500,1.);
#5520=LINE('',#5490,#5510);
#5530=CARTESIAN_POINT('',(-9.823077,26.530602,-40.3174999999999));
#5540=VERTEX_POINT('',#5530);
#5550=EDGE_CURVE('',#5540,#5460,#5520,.T.);
#5560=ORIENTED_EDGE('',*,*,#5550,.T.);
#5570=CARTESIAN_POINT('',(-9.823077,26.530602,-41.1725));
#5580=VERTEX_POINT('',#5570);
#5590=EDGE_CURVE('',#5540,#5580,#5280,.T.);
#5600=ORIENTED_EDGE('',*,*,#5590,.F.);
#5610=CARTESIAN_POINT('',(-9.823077,25.880602,-41.1725));
#5620=DIRECTION('',(0.,1.,1.23358113847239E-16));
#5630=VECTOR('',#5620,1.);
#5640=LINE('',#5610,#5630);
#5650=CARTESIAN_POINT('',(-9.823077,16.980602,-41.1725));
#5660=VERTEX_POINT('',#5650);
#5670=EDGE_CURVE('',#5660,#5580,#5640,.T.);
#5680=ORIENTED_EDGE('',*,*,#5670,.T.);
#5690=CARTESIAN_POINT('',(-9.823077,16.980602,-25.1475));
#5700=DIRECTION('',(0.,0.,1.));
#5710=VECTOR('',#5700,1.);
#5720=LINE('',#5690,#5710);
#5730=EDGE_CURVE('',#5660,#5220,#5720,.T.);
#5740=ORIENTED_EDGE('',*,*,#5730,.F.);
#5750=EDGE_LOOP('',(#5740,#5680,#5600,#5560,#5480,#5400,#5320,#5240));
#5760=FACE_OUTER_BOUND('',#5750,.T.);
#5770=ADVANCED_FACE('',(#5760),#1670,.T.);
#5780=CARTESIAN_POINT('',(-2.02307700000001,19.430602,-42.6225));
#5790=DIRECTION('',(0.,0.,-1.));
#5800=DIRECTION('',(-1.,1.2335811384724E-16,0.));
#5810=AXIS2_PLACEMENT_3D('',#5780,#5790,#5800);
#5820=PLANE('',#5810);
#5830=CARTESIAN_POINT('',(-6.323077,26.530602,-42.6225));
#5840=DIRECTION('',(1.,0.,0.));
#5850=VECTOR('',#5840,1.);
#5860=LINE('',#5830,#5850);
#5870=CARTESIAN_POINT('',(-2.223077,26.530602,-42.6225));
#5880=VERTEX_POINT('',#5870);
#5890=CARTESIAN_POINT('',(-1.373077,26.530602,-42.6225));
#5900=VERTEX_POINT('',#5890);
#5910=EDGE_CURVE('',#5880,#5900,#5860,.T.);
#5920=ORIENTED_EDGE('',*,*,#5910,.F.);
#5930=CARTESIAN_POINT('',(-1.373077,26.880602,-42.6225));
#5940=DIRECTION('',(1.2335811384724E-16,1.,0.));
#5950=VECTOR('',#5940,1.);
#5960=LINE('',#5930,#5950);
#5970=CARTESIAN_POINT('',(-1.37307700000001,16.980602,-42.6225));
#5980=VERTEX_POINT('',#5970);
#5990=EDGE_CURVE('',#5980,#5900,#5960,.T.);
#6000=ORIENTED_EDGE('',*,*,#5990,.T.);
#6010=CARTESIAN_POINT('',(-6.323077,16.980602,-42.6225));
#6020=DIRECTION('',(1.,-1.2335811384724E-16,0.));
#6030=VECTOR('',#6020,1.);
#6040=LINE('',#6010,#6030);
#6050=CARTESIAN_POINT('',(-2.223077,16.980602,-42.6225));
#6060=VERTEX_POINT('',#6050);
#6070=EDGE_CURVE('',#6060,#5980,#6040,.T.);
#6080=ORIENTED_EDGE('',*,*,#6070,.T.);
#6090=CARTESIAN_POINT('',(-2.223077,25.880602,-42.6225));
#6100=DIRECTION('',(0.,1.,0.));
#6110=VECTOR('',#6100,1.);
#6120=LINE('',#6090,#6110);
#6130=EDGE_CURVE('',#6060,#5880,#6120,.T.);
#6140=ORIENTED_EDGE('',*,*,#6130,.F.);
#6150=EDGE_LOOP('',(#6140,#6080,#6000,#5920));
#6160=FACE_OUTER_BOUND('',#6150,.T.);
#6170=ADVANCED_FACE('',(#6160),#5820,.F.);
#6180=CARTESIAN_POINT('',(-8.52307700000002,26.530602,-43.1274999999999)
);
#6190=DIRECTION('',(0.,0.,1.));
#6200=DIRECTION('',(1.,0.,0.));
#6210=AXIS2_PLACEMENT_3D('',#6180,#6190,#6200);
#6220=PLANE('',#6210);
#6230=CARTESIAN_POINT('',(-2.223077,25.880602,-43.1274999999999));
#6240=DIRECTION('',(0.,-1.,0.));
#6250=VECTOR('',#6240,1.);
#6260=LINE('',#6230,#6250);
#6270=CARTESIAN_POINT('',(-2.223077,26.530602,-43.1274999999999));
#6280=VERTEX_POINT('',#6270);
#6290=CARTESIAN_POINT('',(-2.223077,19.430602,-43.1274999999999));
#6300=VERTEX_POINT('',#6290);
#6310=EDGE_CURVE('',#6280,#6300,#6260,.T.);
#6320=ORIENTED_EDGE('',*,*,#6310,.F.);
#6330=CARTESIAN_POINT('',(-6.323077,19.430602,-43.1274999999999));
#6340=DIRECTION('',(-1.,0.,0.));
#6350=VECTOR('',#6340,1.);
#6360=LINE('',#6330,#6350);
#6370=CARTESIAN_POINT('',(-9.823077,19.430602,-43.1274999999999));
#6380=VERTEX_POINT('',#6370);
#6390=EDGE_CURVE('',#6300,#6380,#6360,.T.);
#6400=ORIENTED_EDGE('',*,*,#6390,.F.);
#6410=CARTESIAN_POINT('',(-9.823077,25.880602,-43.1274999999999));
#6420=DIRECTION('',(0.,1.,0.));
#6430=VECTOR('',#6420,1.);
#6440=LINE('',#6410,#6430);
#6450=CARTESIAN_POINT('',(-9.823077,26.530602,-43.1274999999999));
#6460=VERTEX_POINT('',#6450);
#6470=EDGE_CURVE('',#6380,#6460,#6440,.T.);
#6480=ORIENTED_EDGE('',*,*,#6470,.F.);
#6490=CARTESIAN_POINT('',(-6.323077,26.530602,-43.1274999999999));
#6500=DIRECTION('',(1.,0.,0.));
#6510=VECTOR('',#6500,1.);
#6520=LINE('',#6490,#6510);
#6530=EDGE_CURVE('',#6460,#6280,#6520,.T.);
#6540=ORIENTED_EDGE('',*,*,#6530,.F.);
#6550=EDGE_LOOP('',(#6540,#6480,#6400,#6320));
#6560=FACE_OUTER_BOUND('',#6550,.T.);
#6570=ADVANCED_FACE('',(#6560),#6220,.T.);
#6580=CARTESIAN_POINT('',(-9.77307700000001,23.380602,-42.2225));
#6590=DIRECTION('',(-0.707106781186546,8.72273588157651E-17,
0.707106781186549));
#6600=DIRECTION('',(-0.707106781186549,8.72273588157655E-17,
-0.707106781186546));
#6610=AXIS2_PLACEMENT_3D('',#6580,#6590,#6600);
#6620=PLANE('',#6610);
#6630=CARTESIAN_POINT('',(-9.673077,25.880602,-42.1225));
#6640=DIRECTION('',(-1.2335811384724E-16,-1.,0.));
#6650=VECTOR('',#6640,1.);
#6660=LINE('',#6630,#6650);
#6670=CARTESIAN_POINT('',(-9.67307700000001,26.530602,-42.1225));
#6680=VERTEX_POINT('',#6670);
#6690=CARTESIAN_POINT('',(-9.67307700000001,16.980602,-42.1225));
#6700=VERTEX_POINT('',#6690);
#6710=EDGE_CURVE('',#6680,#6700,#6660,.T.);
#6720=ORIENTED_EDGE('',*,*,#6710,.T.);
#6730=CARTESIAN_POINT('',(-6.323077,26.530602,-38.7725));
#6740=DIRECTION('',(0.707106781186549,0.,0.707106781186546));
#6750=VECTOR('',#6740,1.);
#6760=LINE('',#6730,#6750);
#6770=CARTESIAN_POINT('',(-9.823077,26.530602,-42.2725));
#6780=VERTEX_POINT('',#6770);
#6790=EDGE_CURVE('',#6780,#6680,#6760,.T.);
#6800=ORIENTED_EDGE('',*,*,#6790,.T.);
#6810=CARTESIAN_POINT('',(-9.823077,25.880602,-42.2725));
#6820=DIRECTION('',(0.,1.,-1.23358113847239E-16));
#6830=VECTOR('',#6820,1.);
#6840=LINE('',#6810,#6830);
#6850=CARTESIAN_POINT('',(-9.823077,16.980602,-42.2725));
#6860=VERTEX_POINT('',#6850);
#6870=EDGE_CURVE('',#6860,#6780,#6840,.T.);
#6880=ORIENTED_EDGE('',*,*,#6870,.T.);
#6890=CARTESIAN_POINT('',(-6.323077,16.980602,-38.7725));
#6900=DIRECTION('',(0.707106781186549,-5.55111512312578E-17,
0.707106781186546));
#6910=VECTOR('',#6900,1.);
#6920=LINE('',#6890,#6910);
#6930=EDGE_CURVE('',#6860,#6700,#6920,.T.);
#6940=ORIENTED_EDGE('',*,*,#6930,.F.);
#6950=EDGE_LOOP('',(#6940,#6880,#6800,#6720));
#6960=FACE_OUTER_BOUND('',#6950,.T.);
#6970=ADVANCED_FACE('',(#6960),#6620,.F.);
#6980=CARTESIAN_POINT('',(-2.62307700000001,34.2806044,-55.8125));
#6990=DIRECTION('',(0.,0.,-1.));
#7000=DIRECTION('',(-1.,0.,0.));
#7010=AXIS2_PLACEMENT_3D('',#6980,#6990,#7000);
#7020=PLANE('',#7010);
#7030=CARTESIAN_POINT('',(-9.523077,31.580602,-55.8125));
#7040=DIRECTION('',(1.2335811384724E-16,1.,0.));
#7050=VECTOR('',#7040,1.);
#7060=LINE('',#7030,#7050);
#7070=CARTESIAN_POINT('',(-9.52307699999999,29.880602,-55.8125));
#7080=VERTEX_POINT('',#7070);
#7090=CARTESIAN_POINT('',(-9.52307699999997,33.280602,-55.8125));
#7100=VERTEX_POINT('',#7090);
#7110=EDGE_CURVE('',#7080,#7100,#7060,.T.);
#7120=ORIENTED_EDGE('',*,*,#7110,.T.);
#7130=CARTESIAN_POINT('',(-6.323077,29.880602,-55.8125));
#7140=DIRECTION('',(-1.,0.,0.));
#7150=VECTOR('',#7140,1.);
#7160=LINE('',#7130,#7150);
#7170=CARTESIAN_POINT('',(-1.02307700000001,29.880602,-55.8125));
#7180=VERTEX_POINT('',#7170);
#7190=EDGE_CURVE('',#7180,#7080,#7160,.T.);
#7200=ORIENTED_EDGE('',*,*,#7190,.T.);
#7210=CARTESIAN_POINT('',(-1.023077,31.580602,-55.8125));
#7220=DIRECTION('',(0.,-1.,0.));
#7230=VECTOR('',#7220,1.);
#7240=LINE('',#7210,#7230);
#7250=CARTESIAN_POINT('',(-1.02307700000003,33.280602,-55.8125));
#7260=VERTEX_POINT('',#7250);
#7270=EDGE_CURVE('',#7260,#7180,#7240,.T.);
#7280=ORIENTED_EDGE('',*,*,#7270,.T.);
#7290=CARTESIAN_POINT('',(-6.323077,33.280602,-55.8125));
#7300=DIRECTION('',(1.,-5.55111512312578E-17,0.));
#7310=VECTOR('',#7300,1.);
#7320=LINE('',#7290,#7310);
#7330=EDGE_CURVE('',#7100,#7260,#7320,.T.);
#7340=ORIENTED_EDGE('',*,*,#7330,.T.);
#7350=EDGE_LOOP('',(#7340,#7280,#7200,#7120));
#7360=FACE_OUTER_BOUND('',#7350,.T.);
#7370=ADVANCED_FACE('',(#7360),#7020,.T.);
#7380=CARTESIAN_POINT('',(-1.523077,25.880602,-27.3975));
#7390=DIRECTION('',(0.,-1.,0.));
#7400=DIRECTION('',(-1.,0.,0.));
#7410=AXIS2_PLACEMENT_3D('',#7380,#7390,#7400);
#7420=CYLINDRICAL_SURFACE('',#7410,1.);
#7430=CARTESIAN_POINT('',(-1.523077,16.980602,-27.3975));
#7440=DIRECTION('',(0.,-1.,0.));
#7450=DIRECTION('',(-1.,0.,0.));
#7460=AXIS2_PLACEMENT_3D('',#7430,#7440,#7450);
#7470=CIRCLE('',#7460,1.);
#7480=CARTESIAN_POINT('',(-0.523076999999999,16.980602,-27.3975));
#7490=VERTEX_POINT('',#7480);
#7500=CARTESIAN_POINT('',(-1.523077,16.980602,-26.3975));
#7510=VERTEX_POINT('',#7500);
#7520=EDGE_CURVE('',#7490,#7510,#7470,.T.);
#7530=ORIENTED_EDGE('',*,*,#7520,.F.);
#7540=CARTESIAN_POINT('',(-1.523077,25.880602,-26.3975));
#7550=DIRECTION('',(0.,-1.,0.));
#7560=VECTOR('',#7550,1.);
#7570=LINE('',#7540,#7560);
#7580=EDGE_CURVE('',#140,#7510,#7570,.T.);
#7590=ORIENTED_EDGE('',*,*,#7580,.T.);
#7600=ORIENTED_EDGE('',*,*,#150,.T.);
#7610=CARTESIAN_POINT('',(-0.523076999999999,25.880602,-27.3975));
#7620=DIRECTION('',(0.,-1.,0.));
#7630=VECTOR('',#7620,1.);
#7640=LINE('',#7610,#7630);
#7650=EDGE_CURVE('',#120,#7490,#7640,.T.);
#7660=ORIENTED_EDGE('',*,*,#7650,.F.);
#7670=EDGE_LOOP('',(#7660,#7600,#7590,#7530));
#7680=FACE_OUTER_BOUND('',#7670,.T.);
#7690=ADVANCED_FACE('',(#7680),#7420,.T.);
#7700=CARTESIAN_POINT('',(-2.373077,26.680602,-45.0325));
#7710=DIRECTION('',(1.,-0.,0.));
#7720=DIRECTION('',(0.,0.,-1.));
#7730=AXIS2_PLACEMENT_3D('',#7700,#7710,#7720);
#7740=PLANE('',#7730);
#7750=CARTESIAN_POINT('',(-2.373077,26.530602,-25.1475));
#7760=DIRECTION('',(0.,0.,-1.));
#7770=VECTOR('',#7760,1.);
#7780=LINE('',#7750,#7770);
#7790=CARTESIAN_POINT('',(-2.373077,26.530602,-45.1325));
#7800=VERTEX_POINT('',#7790);
#7810=CARTESIAN_POINT('',(-2.373077,26.530602,-45.9325));
#7820=VERTEX_POINT('',#7810);
#7830=EDGE_CURVE('',#7800,#7820,#7780,.T.);
#7840=ORIENTED_EDGE('',*,*,#7830,.T.);
#7850=CARTESIAN_POINT('',(-2.373077,25.880602,-45.1325));
#7860=DIRECTION('',(0.,-1.,0.));
#7870=VECTOR('',#7860,1.);
#7880=LINE('',#7850,#7870);
#7890=CARTESIAN_POINT('',(-2.373077,16.980602,-45.1325));
#7900=VERTEX_POINT('',#7890);
#7910=EDGE_CURVE('',#7800,#7900,#7880,.T.);
#7920=ORIENTED_EDGE('',*,*,#7910,.F.);
#7930=CARTESIAN_POINT('',(-2.373077,16.980602,-25.1475));
#7940=DIRECTION('',(0.,0.,-1.));
#7950=VECTOR('',#7940,1.);
#7960=LINE('',#7930,#7950);
#7970=CARTESIAN_POINT('',(-2.373077,16.980602,-45.9325));
#7980=VERTEX_POINT('',#7970);
#7990=EDGE_CURVE('',#7900,#7980,#7960,.T.);
#8000=ORIENTED_EDGE('',*,*,#7990,.F.);
#8010=CARTESIAN_POINT('',(-2.373077,25.880602,-45.9325));
#8020=DIRECTION('',(0.,1.,0.));
#8030=VECTOR('',#8020,1.);
#8040=LINE('',#8010,#8030);
#8050=EDGE_CURVE('',#7980,#7820,#8040,.T.);
#8060=ORIENTED_EDGE('',*,*,#8050,.F.);
#8070=EDGE_LOOP('',(#8060,#8000,#7920,#7840));
#8080=FACE_OUTER_BOUND('',#8070,.T.);
#8090=ADVANCED_FACE('',(#8080),#7740,.F.);
#8100=CARTESIAN_POINT('',(-1.37307700000001,19.680602,-38.5674999999999)
);
#8110=DIRECTION('',(-1.,1.2335811384724E-16,0.));
#8120=DIRECTION('',(0.,0.,1.));
#8130=AXIS2_PLACEMENT_3D('',#8100,#8110,#8120);
#8140=PLANE('',#8130);
#8150=ORIENTED_EDGE('',*,*,#5990,.F.);
#8160=CARTESIAN_POINT('',(-1.373077,26.530602,-25.1475));
#8170=DIRECTION('',(0.,0.,-1.));
#8180=VECTOR('',#8170,1.);
#8190=LINE('',#8160,#8180);
#8200=CARTESIAN_POINT('',(-1.373077,26.530602,-40.8224999999999));
#8210=VERTEX_POINT('',#8200);
#8220=EDGE_CURVE('',#8210,#5900,#8190,.T.);
#8230=ORIENTED_EDGE('',*,*,#8220,.T.);
#8240=CARTESIAN_POINT('',(-1.373077,26.880602,-40.8224999999999));
#8250=DIRECTION('',(1.2335811384724E-16,1.,0.));
#8260=VECTOR('',#8250,1.);
#8270=LINE('',#8240,#8260);
#8280=CARTESIAN_POINT('',(-1.37307700000001,16.980602,-40.8224999999999)
);
#8290=VERTEX_POINT('',#8280);
#8300=EDGE_CURVE('',#8290,#8210,#8270,.T.);
#8310=ORIENTED_EDGE('',*,*,#8300,.T.);
#8320=CARTESIAN_POINT('',(-1.37307700000001,16.980602,-25.1475));
#8330=DIRECTION('',(0.,0.,-1.));
#8340=VECTOR('',#8330,1.);
#8350=LINE('',#8320,#8340);
#8360=EDGE_CURVE('',#8290,#5980,#8350,.T.);
#8370=ORIENTED_EDGE('',*,*,#8360,.F.);
#8380=EDGE_LOOP('',(#8370,#8310,#8230,#8150));
#8390=FACE_OUTER_BOUND('',#8380,.T.);
#8400=ADVANCED_FACE('',(#8390),#8140,.T.);
#8410=CARTESIAN_POINT('',(-7.64807699999999,33.280602,-52.725));
#8420=DIRECTION('',(5.55111512312578E-17,1.,0.));
#8430=DIRECTION('',(0.,0.,-1.));
#8440=AXIS2_PLACEMENT_3D('',#8410,#8420,#8430);
#8450=PLANE('',#8440);
#8460=CARTESIAN_POINT('',(-6.323077,33.280602,-49.7174999999999));
#8470=DIRECTION('',(-1.,5.55111512312578E-17,0.));
#8480=VECTOR('',#8470,1.);
#8490=LINE('',#8460,#8480);
#8500=CARTESIAN_POINT('',(-10.723077,33.280602,-49.7174999999999));
#8510=VERTEX_POINT('',#8500);
#8520=CARTESIAN_POINT('',(-11.523077,33.280602,-49.7174999999999));
#8530=VERTEX_POINT('',#8520);
#8540=EDGE_CURVE('',#8510,#8530,#8490,.T.);
#8550=ORIENTED_EDGE('',*,*,#8540,.F.);
#8560=CARTESIAN_POINT('',(-11.523077,33.280602,-66.1975));
#8570=DIRECTION('',(0.,0.,1.));
#8580=VECTOR('',#8570,1.);
#8590=LINE('',#8560,#8580);
#8600=CARTESIAN_POINT('',(-11.523077,33.280602,-53.8125));
#8610=VERTEX_POINT('',#8600);
#8620=EDGE_CURVE('',#8610,#8530,#8590,.T.);
#8630=ORIENTED_EDGE('',*,*,#8620,.T.);
#8640=CARTESIAN_POINT('',(-40.188077,33.280602,-25.1475));
#8650=DIRECTION('',(0.707106781186548,-5.55111512312578E-17,
-0.707106781186548));
#8660=VECTOR('',#8650,1.);
#8670=LINE('',#8640,#8660);
#8680=EDGE_CURVE('',#8610,#7100,#8670,.T.);
#8690=ORIENTED_EDGE('',*,*,#8680,.F.);
#8700=ORIENTED_EDGE('',*,*,#7330,.F.);
#8710=CARTESIAN_POINT('',(29.641923,33.280602,-25.1475));
#8720=DIRECTION('',(0.707106781186548,-5.55111512312578E-17,
0.707106781186548));
#8730=VECTOR('',#8720,1.);
#8740=LINE('',#8710,#8730);
#8750=CARTESIAN_POINT('',(-0.523076999999999,33.280602,-55.3125));
#8760=VERTEX_POINT('',#8750);
#8770=EDGE_CURVE('',#7260,#8760,#8740,.T.);
#8780=ORIENTED_EDGE('',*,*,#8770,.F.);
#8790=CARTESIAN_POINT('',(-0.523076999999999,33.280602,-25.1475));
#8800=DIRECTION('',(0.,0.,-1.));
#8810=VECTOR('',#8800,1.);
#8820=LINE('',#8790,#8810);
#8830=CARTESIAN_POINT('',(-0.523076999999999,33.280602,-49.7174999999999
));
#8840=VERTEX_POINT('',#8830);
#8850=EDGE_CURVE('',#8840,#8760,#8820,.T.);
#8860=ORIENTED_EDGE('',*,*,#8850,.T.);
#8870=CARTESIAN_POINT('',(-1.323077,33.280602,-49.7174999999999));
#8880=VERTEX_POINT('',#8870);
#8890=EDGE_CURVE('',#8840,#8880,#8490,.T.);
#8900=ORIENTED_EDGE('',*,*,#8890,.F.);
#8910=CARTESIAN_POINT('',(-1.323077,33.280602,-25.1475));
#8920=DIRECTION('',(0.,0.,1.));
#8930=VECTOR('',#8920,1.);
#8940=LINE('',#8910,#8930);
#8950=CARTESIAN_POINT('',(-1.323077,33.280602,-29.9175));
#8960=VERTEX_POINT('',#8950);
#8970=EDGE_CURVE('',#8880,#8960,#8940,.T.);
#8980=ORIENTED_EDGE('',*,*,#8970,.F.);
#8990=CARTESIAN_POINT('',(-6.323077,33.280602,-29.9175));
#9000=DIRECTION('',(-1.,5.55111512312578E-17,0.));
#9010=VECTOR('',#9000,1.);
#9020=LINE('',#8990,#9010);
#9030=CARTESIAN_POINT('',(-0.523076999999999,33.280602,-29.9175));
#9040=VERTEX_POINT('',#9030);
#9050=EDGE_CURVE('',#9040,#8960,#9020,.T.);
#9060=ORIENTED_EDGE('',*,*,#9050,.T.);
#9070=CARTESIAN_POINT('',(-0.523076999999999,33.280602,-24.3224999999999
));
#9080=VERTEX_POINT('',#9070);
#9090=EDGE_CURVE('',#9080,#9040,#8820,.T.);
#9100=ORIENTED_EDGE('',*,*,#9090,.T.);
#9110=CARTESIAN_POINT('',(-1.02307699999999,33.280602,-23.8224999999999)
);
#9120=DIRECTION('',(0.707106781186546,-3.92523114670943E-17,
-0.707106781186549));
#9130=VECTOR('',#9120,1.);
#9140=LINE('',#9110,#9130);
#9150=CARTESIAN_POINT('',(-1.02307699999999,33.280602,-23.8225));
#9160=VERTEX_POINT('',#9150);
#9170=EDGE_CURVE('',#9160,#9080,#9140,.T.);
#9180=ORIENTED_EDGE('',*,*,#9170,.T.);
#9190=CARTESIAN_POINT('',(-6.323077,33.280602,-23.8224999999999));
#9200=DIRECTION('',(-1.,5.55111512312578E-17,0.));
#9210=VECTOR('',#9200,1.);
#9220=LINE('',#9190,#9210);
#9230=CARTESIAN_POINT('',(-1.42307699999999,33.280602,-23.8224999999999)
);
#9240=VERTEX_POINT('',#9230);
#9250=EDGE_CURVE('',#9160,#9240,#9220,.T.);
#9260=ORIENTED_EDGE('',*,*,#9250,.F.);
#9270=CARTESIAN_POINT('',(-1.42307699999999,33.280602,-25.1475));
#9280=DIRECTION('',(0.,0.,-1.));
#9290=VECTOR('',#9280,1.);
#9300=LINE('',#9270,#9290);
#9310=CARTESIAN_POINT('',(-1.42307699999999,33.280602,-24.0225));
#9320=VERTEX_POINT('',#9310);
#9330=EDGE_CURVE('',#9240,#9320,#9300,.T.);
#9340=ORIENTED_EDGE('',*,*,#9330,.F.);
#9350=CARTESIAN_POINT('',(-6.323077,33.280602,-24.0225));
#9360=DIRECTION('',(-1.,5.55111512312578E-17,0.));
#9370=VECTOR('',#9360,1.);
#9380=LINE('',#9350,#9370);
#9390=CARTESIAN_POINT('',(-4.42307699999999,33.280602,-24.0225));
#9400=VERTEX_POINT('',#9390);
#9410=EDGE_CURVE('',#9320,#9400,#9380,.T.);
#9420=ORIENTED_EDGE('',*,*,#9410,.F.);
#9430=CARTESIAN_POINT('',(-4.42307699999999,33.280602,-25.1475));
#9440=DIRECTION('',(0.,0.,-1.));
#9450=VECTOR('',#9440,1.);
#9460=LINE('',#9430,#9450);
#9470=CARTESIAN_POINT('',(-4.42307699999999,33.280602,-23.8224999999999)
);
#9480=VERTEX_POINT('',#9470);
#9490=EDGE_CURVE('',#9480,#9400,#9460,.T.);
#9500=ORIENTED_EDGE('',*,*,#9490,.T.);
#9510=CARTESIAN_POINT('',(-6.323077,33.280602,-23.8224999999999));
#9520=DIRECTION('',(-1.,5.55111512312578E-17,0.));
#9530=VECTOR('',#9520,1.);
#9540=LINE('',#9510,#9530);
#9550=CARTESIAN_POINT('',(-9.523077,33.280602,-23.8224999999999));
#9560=VERTEX_POINT('',#9550);
#9570=EDGE_CURVE('',#9480,#9560,#9540,.T.);
#9580=ORIENTED_EDGE('',*,*,#9570,.F.);
#9590=CARTESIAN_POINT('',(-7.12307699999999,33.280602,-21.4224999999999)
);
#9600=DIRECTION('',(0.707106781186548,-5.55111512312578E-17,
0.707106781186548));
#9610=VECTOR('',#9600,1.);
#9620=LINE('',#9590,#9610);
#9630=CARTESIAN_POINT('',(-11.523077,33.280602,-25.8225));
#9640=VERTEX_POINT('',#9630);
#9650=EDGE_CURVE('',#9640,#9560,#9620,.T.);
#9660=ORIENTED_EDGE('',*,*,#9650,.T.);
#9670=CARTESIAN_POINT('',(-11.523077,33.280602,-66.1975));
#9680=DIRECTION('',(0.,0.,-1.));
#9690=VECTOR('',#9680,1.);
#9700=LINE('',#9670,#9690);
#9710=CARTESIAN_POINT('',(-11.523077,33.280602,-29.9175));
#9720=VERTEX_POINT('',#9710);
#9730=EDGE_CURVE('',#9640,#9720,#9700,.T.);
#9740=ORIENTED_EDGE('',*,*,#9730,.F.);
#9750=CARTESIAN_POINT('',(-10.723077,33.280602,-29.9175));
#9760=VERTEX_POINT('',#9750);
#9770=EDGE_CURVE('',#9760,#9720,#9020,.T.);
#9780=ORIENTED_EDGE('',*,*,#9770,.T.);
#9790=CARTESIAN_POINT('',(-10.723077,33.280602,-25.1475));
#9800=DIRECTION('',(0.,0.,-1.));
#9810=VECTOR('',#9800,1.);
#9820=LINE('',#9790,#9810);
#9830=EDGE_CURVE('',#9760,#8510,#9820,.T.);
#9840=ORIENTED_EDGE('',*,*,#9830,.F.);
#9850=EDGE_LOOP('',(#9840,#9780,#9740,#9660,#9580,#9500,#9420,#9340,
#9260,#9180,#9100,#9060,#8980,#8900,#8860,#8780,#8700,#8690,#8630,#8550)
);
#9860=FACE_OUTER_BOUND('',#9850,.T.);
#9870=CARTESIAN_POINT('',(-2.02307699999999,33.280602,-52.1375));
#9880=DIRECTION('',(5.55111512312578E-17,1.,0.));
#9890=DIRECTION('',(0.,0.,1.));
#9900=AXIS2_PLACEMENT_3D('',#9870,#9880,#9890);
#9910=CIRCLE('',#9900,0.75);
#9920=CARTESIAN_POINT('',(-2.02307699999999,33.280602,-51.3875));
#9930=VERTEX_POINT('',#9920);
#9940=CARTESIAN_POINT('',(-2.02307699999999,33.280602,-52.8875));
#9950=VERTEX_POINT('',#9940);
#9960=EDGE_CURVE('',#9930,#9950,#9910,.T.);
#9970=ORIENTED_EDGE('',*,*,#9960,.F.);
#9980=EDGE_CURVE('',#9950,#9930,#9910,.T.);
#9990=ORIENTED_EDGE('',*,*,#9980,.F.);
#10000=EDGE_LOOP('',(#9990,#9970));
#10010=FACE_BOUND('',#10000,.T.);
#10020=CARTESIAN_POINT('',(-2.02307699999999,33.280602,-27.4975));
#10030=DIRECTION('',(-5.55111512312578E-17,-1.,0.));
#10040=DIRECTION('',(0.,0.,-1.));
#10050=AXIS2_PLACEMENT_3D('',#10020,#10030,#10040);
#10060=CIRCLE('',#10050,0.75);
#10070=CARTESIAN_POINT('',(-2.02307699999999,33.280602,-28.2475));
#10080=VERTEX_POINT('',#10070);
#10090=CARTESIAN_POINT('',(-2.02307699999999,33.280602,-26.7475));
#10100=VERTEX_POINT('',#10090);
#10110=EDGE_CURVE('',#10080,#10100,#10060,.T.);
#10120=ORIENTED_EDGE('',*,*,#10110,.T.);
#10130=EDGE_CURVE('',#10100,#10080,#10060,.T.);
#10140=ORIENTED_EDGE('',*,*,#10130,.T.);
#10150=EDGE_LOOP('',(#10140,#10120));
#10160=FACE_BOUND('',#10150,.T.);
#10170=CARTESIAN_POINT('',(18.5669229999999,33.280602,-25.1475));
#10180=DIRECTION('',(-0.707106781186546,0.,-0.707106781186549));
#10190=VECTOR('',#10180,1.);
#10200=LINE('',#10170,#10190);
#10210=CARTESIAN_POINT('',(-4.023077,33.280602,-47.7375));
#10220=VERTEX_POINT('',#10210);
#10230=CARTESIAN_POINT('',(-4.123077,33.280602,-47.8375));
#10240=VERTEX_POINT('',#10230);
#10250=EDGE_CURVE('',#10220,#10240,#10200,.T.);
#10260=ORIENTED_EDGE('',*,*,#10250,.F.);
#10270=CARTESIAN_POINT('',(-6.323077,33.280602,-47.8375));
#10280=DIRECTION('',(-1.,5.55111512312578E-17,0.));
#10290=VECTOR('',#10280,1.);
#10300=LINE('',#10270,#10290);
#10310=CARTESIAN_POINT('',(-4.923077,33.280602,-47.8375));
#10320=VERTEX_POINT('',#10310);
#10330=EDGE_CURVE('',#10240,#10320,#10300,.T.);
#10340=ORIENTED_EDGE('',*,*,#10330,.F.);
#10350=CARTESIAN_POINT('',(-6.323077,33.280602,-46.4375));
#10360=DIRECTION('',(0.707106781186548,0.,-0.707106781186547));
#10370=VECTOR('',#10360,1.);
#10380=LINE('',#10350,#10370);
#10390=CARTESIAN_POINT('',(-5.023077,33.280602,-47.7375));
#10400=VERTEX_POINT('',#10390);
#10410=EDGE_CURVE('',#10400,#10320,#10380,.T.);
#10420=ORIENTED_EDGE('',*,*,#10410,.T.);
#10430=CARTESIAN_POINT('',(-5.023077,33.280602,-25.1475));
#10440=DIRECTION('',(0.,0.,-1.));
#10450=VECTOR('',#10440,1.);
#10460=LINE('',#10430,#10450);
#10470=CARTESIAN_POINT('',(-5.023077,33.280602,-47.1375));
#10480=VERTEX_POINT('',#10470);
#10490=EDGE_CURVE('',#10480,#10400,#10460,.T.);
#10500=ORIENTED_EDGE('',*,*,#10490,.T.);
#10510=CARTESIAN_POINT('',(16.966923,33.280602,-25.1475));
#10520=DIRECTION('',(-0.707106781186548,5.55111512312578E-17,
-0.707106781186548));
#10530=VECTOR('',#10520,1.);
#10540=LINE('',#10510,#10530);
#10550=CARTESIAN_POINT('',(-4.923077,33.280602,-47.0375));
#10560=VERTEX_POINT('',#10550);
#10570=EDGE_CURVE('',#10560,#10480,#10540,.T.);
#10580=ORIENTED_EDGE('',*,*,#10570,.T.);
#10590=CARTESIAN_POINT('',(-6.323077,33.280602,-47.0375));
#10600=DIRECTION('',(1.,-5.55111512312578E-17,0.));
#10610=VECTOR('',#10600,1.);
#10620=LINE('',#10590,#10610);
#10630=CARTESIAN_POINT('',(-4.12307699999999,33.280602,-47.0375));
#10640=VERTEX_POINT('',#10630);
#10650=EDGE_CURVE('',#10560,#10640,#10620,.T.);
#10660=ORIENTED_EDGE('',*,*,#10650,.F.);
#10670=CARTESIAN_POINT('',(-26.013077,33.280602,-25.1475));
#10680=DIRECTION('',(-0.707106781186548,5.55111512312578E-17,
0.707106781186548));
#10690=VECTOR('',#10680,1.);
#10700=LINE('',#10670,#10690);
#10710=CARTESIAN_POINT('',(-4.02307699999999,33.280602,-47.1375));
#10720=VERTEX_POINT('',#10710);
#10730=EDGE_CURVE('',#10720,#10640,#10700,.T.);
#10740=ORIENTED_EDGE('',*,*,#10730,.T.);
#10750=CARTESIAN_POINT('',(-4.023077,33.280602,-25.1475));
#10760=DIRECTION('',(0.,0.,-1.));
#10770=VECTOR('',#10760,1.);
#10780=LINE('',#10750,#10770);
#10790=EDGE_CURVE('',#10720,#10220,#10780,.T.);
#10800=ORIENTED_EDGE('',*,*,#10790,.F.);
#10810=EDGE_LOOP('',(#10800,#10740,#10660,#10580,#10500,#10420,#10340,
#10260));
#10820=FACE_BOUND('',#10810,.T.);
#10830=CARTESIAN_POINT('',(13.9669229999999,33.280602,-25.1475));
#10840=DIRECTION('',(0.707106781186546,0.,0.707106781186549));
#10850=VECTOR('',#10840,1.);
#10860=LINE('',#10830,#10850);
#10870=CARTESIAN_POINT('',(-8.023077,33.280602,-47.1375));
#10880=VERTEX_POINT('',#10870);
#10890=CARTESIAN_POINT('',(-7.923077,33.280602,-47.0375));
#10900=VERTEX_POINT('',#10890);
#10910=EDGE_CURVE('',#10880,#10900,#10860,.T.);
#10920=ORIENTED_EDGE('',*,*,#10910,.F.);
#10930=CARTESIAN_POINT('',(-6.323077,33.280602,-47.0375));
#10940=DIRECTION('',(1.,-5.55111512312578E-17,0.));
#10950=VECTOR('',#10940,1.);
#10960=LINE('',#10930,#10950);
#10970=CARTESIAN_POINT('',(-7.123077,33.280602,-47.0375));
#10980=VERTEX_POINT('',#10970);
#10990=EDGE_CURVE('',#10900,#10980,#10960,.T.);
#11000=ORIENTED_EDGE('',*,*,#10990,.F.);
#11010=CARTESIAN_POINT('',(-6.323077,33.280602,-47.8375));
#11020=DIRECTION('',(-0.707106781186548,0.,0.707106781186547));
#11030=VECTOR('',#11020,1.);
#11040=LINE('',#11010,#11030);
#11050=CARTESIAN_POINT('',(-7.023077,33.280602,-47.1375));
#11060=VERTEX_POINT('',#11050);
#11070=EDGE_CURVE('',#11060,#10980,#11040,.T.);
#11080=ORIENTED_EDGE('',*,*,#11070,.T.);
#11090=CARTESIAN_POINT('',(-7.023077,33.280602,-25.1475));
#11100=DIRECTION('',(0.,0.,1.));
#11110=VECTOR('',#11100,1.);
#11120=LINE('',#11090,#11110);
#11130=CARTESIAN_POINT('',(-7.023077,33.280602,-47.7375));
#11140=VERTEX_POINT('',#11130);
#11150=EDGE_CURVE('',#11140,#11060,#11120,.T.);
#11160=ORIENTED_EDGE('',*,*,#11150,.T.);
#11170=CARTESIAN_POINT('',(15.566923,33.280602,-25.1475));
#11180=DIRECTION('',(0.707106781186548,-5.55111512312578E-17,
0.707106781186548));
#11190=VECTOR('',#11180,1.);
#11200=LINE('',#11170,#11190);
#11210=CARTESIAN_POINT('',(-7.123077,33.280602,-47.8375));
#11220=VERTEX_POINT('',#11210);
#11230=EDGE_CURVE('',#11220,#11140,#11200,.T.);
#11240=ORIENTED_EDGE('',*,*,#11230,.T.);
#11250=CARTESIAN_POINT('',(-6.323077,33.280602,-47.8375));
#11260=DIRECTION('',(-1.,5.55111512312578E-17,0.));
#11270=VECTOR('',#11260,1.);
#11280=LINE('',#11250,#11270);
#11290=CARTESIAN_POINT('',(-7.923077,33.280602,-47.8375));
#11300=VERTEX_POINT('',#11290);
#11310=EDGE_CURVE('',#11220,#11300,#11280,.T.);
#11320=ORIENTED_EDGE('',*,*,#11310,.F.);
#11330=CARTESIAN_POINT('',(-30.613077,33.280602,-25.1475));
#11340=DIRECTION('',(0.707106781186548,-5.55111512312578E-17,
-0.707106781186548));
#11350=VECTOR('',#11340,1.);
#11360=LINE('',#11330,#11350);
#11370=CARTESIAN_POINT('',(-8.023077,33.280602,-47.7375));
#11380=VERTEX_POINT('',#11370);
#11390=EDGE_CURVE('',#11380,#11300,#11360,.T.);
#11400=ORIENTED_EDGE('',*,*,#11390,.T.);
#11410=CARTESIAN_POINT('',(-8.023077,33.280602,-25.1475));
#11420=DIRECTION('',(0.,0.,1.));
#11430=VECTOR('',#11420,1.);
#11440=LINE('',#11410,#11430);
#11450=EDGE_CURVE('',#11380,#10880,#11440,.T.);
#11460=ORIENTED_EDGE('',*,*,#11450,.F.);
#11470=EDGE_LOOP('',(#11460,#11400,#11320,#11240,#11160,#11080,#11000,
#10920));
#11480=FACE_BOUND('',#11470,.T.);
#11490=CARTESIAN_POINT('',(-6.323077,33.280602,-24.7475));
#11500=DIRECTION('',(1.,-5.55111512312578E-17,0.));
#11510=VECTOR('',#11500,1.);
#11520=LINE('',#11490,#11510);
#11530=CARTESIAN_POINT('',(-5.44414659780235,33.280602,-24.7475));
#11540=VERTEX_POINT('',#11530);
#11550=CARTESIAN_POINT('',(-4.87307700000001,33.280602,-24.7475));
#11560=VERTEX_POINT('',#11550);
#11570=EDGE_CURVE('',#11540,#11560,#11520,.T.);
#11580=ORIENTED_EDGE('',*,*,#11570,.F.);
#11590=CARTESIAN_POINT('',(-4.87307700000001,33.280602,-25.1475));
#11600=DIRECTION('',(0.,0.,1.));
#11610=VECTOR('',#11600,1.);
#11620=LINE('',#11590,#11610);
#11630=CARTESIAN_POINT('',(-4.87307700000001,33.280602,-25.2475));
#11640=VERTEX_POINT('',#11630);
#11650=EDGE_CURVE('',#11640,#11560,#11620,.T.);
#11660=ORIENTED_EDGE('',*,*,#11650,.T.);
#11670=CARTESIAN_POINT('',(-6.323077,33.280602,-25.2475));
#11680=DIRECTION('',(1.,-5.55111512312578E-17,0.));
#11690=VECTOR('',#11680,1.);
#11700=LINE('',#11670,#11690);
#11710=CARTESIAN_POINT('',(-5.44414659780235,33.280602,-25.2475));
#11720=VERTEX_POINT('',#11710);
#11730=EDGE_CURVE('',#11720,#11640,#11700,.T.);
#11740=ORIENTED_EDGE('',*,*,#11730,.T.);
#11750=CARTESIAN_POINT('',(-5.44414659780235,33.280602,-25.1475));
#11760=DIRECTION('',(0.,0.,-1.));
#11770=VECTOR('',#11760,1.);
#11780=LINE('',#11750,#11770);
#11790=EDGE_CURVE('',#11540,#11720,#11780,.T.);
#11800=ORIENTED_EDGE('',*,*,#11790,.T.);
#11810=EDGE_LOOP('',(#11800,#11740,#11660,#11580));
#11820=FACE_BOUND('',#11810,.T.);
#11830=CARTESIAN_POINT('',(-7.173077,33.280602,-25.1475));
#11840=DIRECTION('',(0.,0.,-1.));
#11850=VECTOR('',#11840,1.);
#11860=LINE('',#11830,#11850);
#11870=CARTESIAN_POINT('',(-7.173077,33.280602,-24.7475));
#11880=VERTEX_POINT('',#11870);
#11890=CARTESIAN_POINT('',(-7.173077,33.280602,-25.2475));
#11900=VERTEX_POINT('',#11890);
#11910=EDGE_CURVE('',#11880,#11900,#11860,.T.);
#11920=ORIENTED_EDGE('',*,*,#11910,.T.);
#11930=CARTESIAN_POINT('',(-6.60200740219766,33.280602,-24.7475));
#11940=VERTEX_POINT('',#11930);
#11950=EDGE_CURVE('',#11880,#11940,#11520,.T.);
#11960=ORIENTED_EDGE('',*,*,#11950,.F.);
#11970=CARTESIAN_POINT('',(-6.60200740219766,33.280602,-25.1475));
#11980=DIRECTION('',(0.,0.,1.));
#11990=VECTOR('',#11980,1.);
#12000=LINE('',#11970,#11990);
#12010=CARTESIAN_POINT('',(-6.60200740219766,33.280602,-25.2475));
#12020=VERTEX_POINT('',#12010);
#12030=EDGE_CURVE('',#12020,#11940,#12000,.T.);
#12040=ORIENTED_EDGE('',*,*,#12030,.T.);
#12050=EDGE_CURVE('',#11900,#12020,#11700,.T.);
#12060=ORIENTED_EDGE('',*,*,#12050,.T.);
#12070=EDGE_LOOP('',(#12060,#12040,#11960,#11920));
#12080=FACE_BOUND('',#12070,.T.);
#12090=CARTESIAN_POINT('',(-7.173077,33.280602,-25.1475));
#12100=DIRECTION('',(0.,0.,-1.));
#12110=VECTOR('',#12100,1.);
#12120=LINE('',#12090,#12110);
#12130=CARTESIAN_POINT('',(-7.173077,33.280602,-54.3875));
#12140=VERTEX_POINT('',#12130);
#12150=CARTESIAN_POINT('',(-7.173077,33.280602,-54.8875));
#12160=VERTEX_POINT('',#12150);
#12170=EDGE_CURVE('',#12140,#12160,#12120,.T.);
#12180=ORIENTED_EDGE('',*,*,#12170,.T.);
#12190=CARTESIAN_POINT('',(-6.323077,33.280602,-54.3875));
#12200=DIRECTION('',(1.,-5.55111512312578E-17,0.));
#12210=VECTOR('',#12200,1.);
#12220=LINE('',#12190,#12210);
#12230=CARTESIAN_POINT('',(-6.60200740219766,33.280602,-54.3875));
#12240=VERTEX_POINT('',#12230);
#12250=EDGE_CURVE('',#12140,#12240,#12220,.T.);
#12260=ORIENTED_EDGE('',*,*,#12250,.F.);
#12270=CARTESIAN_POINT('',(-6.60200740219766,33.280602,-25.1475));
#12280=DIRECTION('',(0.,0.,1.));
#12290=VECTOR('',#12280,1.);
#12300=LINE('',#12270,#12290);
#12310=CARTESIAN_POINT('',(-6.60200740219766,33.280602,-54.8875));
#12320=VERTEX_POINT('',#12310);
#12330=EDGE_CURVE('',#12320,#12240,#12300,.T.);
#12340=ORIENTED_EDGE('',*,*,#12330,.T.);
#12350=CARTESIAN_POINT('',(-6.323077,33.280602,-54.8875));
#12360=DIRECTION('',(1.,-5.55111512312578E-17,0.));
#12370=VECTOR('',#12360,1.);
#12380=LINE('',#12350,#12370);
#12390=EDGE_CURVE('',#12160,#12320,#12380,.T.);
#12400=ORIENTED_EDGE('',*,*,#12390,.T.);
#12410=EDGE_LOOP('',(#12400,#12340,#12260,#12180));
#12420=FACE_BOUND('',#12410,.T.);
#12430=CARTESIAN_POINT('',(-5.44414659780235,33.280602,-54.3875));
#12440=VERTEX_POINT('',#12430);
#12450=CARTESIAN_POINT('',(-4.87307700000001,33.280602,-54.3875));
#12460=VERTEX_POINT('',#12450);
#12470=EDGE_CURVE('',#12440,#12460,#12220,.T.);
#12480=ORIENTED_EDGE('',*,*,#12470,.F.);
#12490=CARTESIAN_POINT('',(-4.87307700000001,33.280602,-25.1475));
#12500=DIRECTION('',(0.,0.,1.));
#12510=VECTOR('',#12500,1.);
#12520=LINE('',#12490,#12510);
#12530=CARTESIAN_POINT('',(-4.87307700000001,33.280602,-54.8875));
#12540=VERTEX_POINT('',#12530);
#12550=EDGE_CURVE('',#12540,#12460,#12520,.T.);
#12560=ORIENTED_EDGE('',*,*,#12550,.T.);
#12570=CARTESIAN_POINT('',(-5.44414659780235,33.280602,-54.8875));
#12580=VERTEX_POINT('',#12570);
#12590=EDGE_CURVE('',#12580,#12540,#12380,.T.);
#12600=ORIENTED_EDGE('',*,*,#12590,.T.);
#12610=CARTESIAN_POINT('',(-5.44414659780235,33.280602,-25.1475));
#12620=DIRECTION('',(0.,0.,-1.));
#12630=VECTOR('',#12620,1.);
#12640=LINE('',#12610,#12630);
#12650=EDGE_CURVE('',#12440,#12580,#12640,.T.);
#12660=ORIENTED_EDGE('',*,*,#12650,.T.);
#12670=EDGE_LOOP('',(#12660,#12600,#12560,#12480));
#12680=FACE_BOUND('',#12670,.T.);
#12690=CARTESIAN_POINT('',(0.326923000000002,33.280602,-25.1475));
#12700=DIRECTION('',(0.707106781186548,-5.55111512312578E-17,
0.707106781186548));
#12710=VECTOR('',#12700,1.);
#12720=LINE('',#12690,#12710);
#12730=CARTESIAN_POINT('',(-7.123077,33.280602,-32.5975));
#12740=VERTEX_POINT('',#12730);
#12750=CARTESIAN_POINT('',(-7.023077,33.280602,-32.4975));
#12760=VERTEX_POINT('',#12750);
#12770=EDGE_CURVE('',#12740,#12760,#12720,.T.);
#12780=ORIENTED_EDGE('',*,*,#12770,.T.);
#12790=CARTESIAN_POINT('',(-6.323077,33.280602,-32.5975));
#12800=DIRECTION('',(-1.,5.55111512312578E-17,0.));
#12810=VECTOR('',#12800,1.);
#12820=LINE('',#12790,#12810);
#12830=CARTESIAN_POINT('',(-7.923077,33.280602,-32.5975));
#12840=VERTEX_POINT('',#12830);
#12850=EDGE_CURVE('',#12740,#12840,#12820,.T.);
#12860=ORIENTED_EDGE('',*,*,#12850,.F.);
#12870=CARTESIAN_POINT('',(-15.373077,33.280602,-25.1475));
#12880=DIRECTION('',(0.707106781186548,-5.55111512312578E-17,
-0.707106781186548));
#12890=VECTOR('',#12880,1.);
#12900=LINE('',#12870,#12890);
#12910=CARTESIAN_POINT('',(-8.023077,33.280602,-32.4975));
#12920=VERTEX_POINT('',#12910);
#12930=EDGE_CURVE('',#12920,#12840,#12900,.T.);
#12940=ORIENTED_EDGE('',*,*,#12930,.T.);
#12950=CARTESIAN_POINT('',(-8.023077,33.280602,-25.1475));
#12960=DIRECTION('',(0.,0.,1.));
#12970=VECTOR('',#12960,1.);
#12980=LINE('',#12950,#12970);
#12990=CARTESIAN_POINT('',(-8.023077,33.280602,-31.8975));
#13000=VERTEX_POINT('',#12990);
#13010=EDGE_CURVE('',#12920,#13000,#12980,.T.);
#13020=ORIENTED_EDGE('',*,*,#13010,.F.);
#13030=CARTESIAN_POINT('',(-1.27307700000001,33.280602,-25.1475));
#13040=DIRECTION('',(0.707106781186546,0.,0.707106781186549));
#13050=VECTOR('',#13040,1.);
#13060=LINE('',#13030,#13050);
#13070=CARTESIAN_POINT('',(-7.923077,33.280602,-31.7975));
#13080=VERTEX_POINT('',#13070);
#13090=EDGE_CURVE('',#13000,#13080,#13060,.T.);
#13100=ORIENTED_EDGE('',*,*,#13090,.F.);
#13110=CARTESIAN_POINT('',(-6.323077,33.280602,-31.7975));
#13120=DIRECTION('',(1.,-5.55111512312578E-17,0.));
#13130=VECTOR('',#13120,1.);
#13140=LINE('',#13110,#13130);
#13150=CARTESIAN_POINT('',(-7.123077,33.280602,-31.7975));
#13160=VERTEX_POINT('',#13150);
#13170=EDGE_CURVE('',#13080,#13160,#13140,.T.);
#13180=ORIENTED_EDGE('',*,*,#13170,.F.);
#13190=CARTESIAN_POINT('',(-6.323077,33.280602,-32.5975));
#13200=DIRECTION('',(-0.707106781186548,0.,0.707106781186547));
#13210=VECTOR('',#13200,1.);
#13220=LINE('',#13190,#13210);
#13230=CARTESIAN_POINT('',(-7.023077,33.280602,-31.8975));
#13240=VERTEX_POINT('',#13230);
#13250=EDGE_CURVE('',#13240,#13160,#13220,.T.);
#13260=ORIENTED_EDGE('',*,*,#13250,.T.);
#13270=CARTESIAN_POINT('',(-7.023077,33.280602,-25.1475));
#13280=DIRECTION('',(0.,0.,1.));
#13290=VECTOR('',#13280,1.);
#13300=LINE('',#13270,#13290);
#13310=EDGE_CURVE('',#12760,#13240,#13300,.T.);
#13320=ORIENTED_EDGE('',*,*,#13310,.T.);
#13330=EDGE_LOOP('',(#13320,#13260,#13180,#13100,#13020,#12940,#12860,
#12780));
#13340=FACE_BOUND('',#13330,.T.);
#13350=CARTESIAN_POINT('',(-10.773077,33.280602,-25.1475));
#13360=DIRECTION('',(-0.707106781186548,5.55111512312578E-17,
0.707106781186548));
#13370=VECTOR('',#13360,1.);
#13380=LINE('',#13350,#13370);
#13390=CARTESIAN_POINT('',(-4.02307699999999,33.280602,-31.8975));
#13400=VERTEX_POINT('',#13390);
#13410=CARTESIAN_POINT('',(-4.12307699999999,33.280602,-31.7975));
#13420=VERTEX_POINT('',#13410);
#13430=EDGE_CURVE('',#13400,#13420,#13380,.T.);
#13440=ORIENTED_EDGE('',*,*,#13430,.T.);
#13450=CARTESIAN_POINT('',(-4.02307699999999,33.280602,-25.1475));
#13460=DIRECTION('',(0.,0.,-1.));
#13470=VECTOR('',#13460,1.);
#13480=LINE('',#13450,#13470);
#13490=CARTESIAN_POINT('',(-4.023077,33.280602,-32.4975));
#13500=VERTEX_POINT('',#13490);
#13510=EDGE_CURVE('',#13400,#13500,#13480,.T.);
#13520=ORIENTED_EDGE('',*,*,#13510,.F.);
#13530=CARTESIAN_POINT('',(3.32692299999998,33.280602,-25.1475));
#13540=DIRECTION('',(-0.707106781186546,0.,-0.707106781186549));
#13550=VECTOR('',#13540,1.);
#13560=LINE('',#13530,#13550);
#13570=CARTESIAN_POINT('',(-4.123077,33.280602,-32.5975));
#13580=VERTEX_POINT('',#13570);
#13590=EDGE_CURVE('',#13500,#13580,#13560,.T.);
#13600=ORIENTED_EDGE('',*,*,#13590,.F.);
#13610=CARTESIAN_POINT('',(-6.323077,33.280602,-32.5975));
#13620=DIRECTION('',(-1.,5.55111512312578E-17,0.));
#13630=VECTOR('',#13620,1.);
#13640=LINE('',#13610,#13630);
#13650=CARTESIAN_POINT('',(-4.923077,33.280602,-32.5975));
#13660=VERTEX_POINT('',#13650);
#13670=EDGE_CURVE('',#13580,#13660,#13640,.T.);
#13680=ORIENTED_EDGE('',*,*,#13670,.F.);
#13690=CARTESIAN_POINT('',(-6.323077,33.280602,-31.1975));
#13700=DIRECTION('',(0.707106781186548,0.,-0.707106781186547));
#13710=VECTOR('',#13700,1.);
#13720=LINE('',#13690,#13710);
#13730=CARTESIAN_POINT('',(-5.023077,33.280602,-32.4975));
#13740=VERTEX_POINT('',#13730);
#13750=EDGE_CURVE('',#13740,#13660,#13720,.T.);
#13760=ORIENTED_EDGE('',*,*,#13750,.T.);
#13770=CARTESIAN_POINT('',(-5.023077,33.280602,-25.1475));
#13780=DIRECTION('',(0.,0.,-1.));
#13790=VECTOR('',#13780,1.);
#13800=LINE('',#13770,#13790);
#13810=CARTESIAN_POINT('',(-5.023077,33.280602,-31.8975));
#13820=VERTEX_POINT('',#13810);
#13830=EDGE_CURVE('',#13820,#13740,#13800,.T.);
#13840=ORIENTED_EDGE('',*,*,#13830,.T.);
#13850=CARTESIAN_POINT('',(1.72692300000001,33.280602,-25.1475));
#13860=DIRECTION('',(-0.707106781186548,5.55111512312578E-17,
-0.707106781186548));
#13870=VECTOR('',#13860,1.);
#13880=LINE('',#13850,#13870);
#13890=CARTESIAN_POINT('',(-4.923077,33.280602,-31.7975));
#13900=VERTEX_POINT('',#13890);
#13910=EDGE_CURVE('',#13900,#13820,#13880,.T.);
#13920=ORIENTED_EDGE('',*,*,#13910,.T.);
#13930=CARTESIAN_POINT('',(-6.323077,33.280602,-31.7975));
#13940=DIRECTION('',(1.,-5.55111512312578E-17,0.));
#13950=VECTOR('',#13940,1.);
#13960=LINE('',#13930,#13950);
#13970=EDGE_CURVE('',#13900,#13420,#13960,.T.);
#13980=ORIENTED_EDGE('',*,*,#13970,.F.);
#13990=EDGE_LOOP('',(#13980,#13920,#13840,#13760,#13680,#13600,#13520,
#13440));
#14000=FACE_BOUND('',#13990,.T.);
#14010=CARTESIAN_POINT('',(5.53692300000001,33.280602,-25.1475));
#14020=DIRECTION('',(-0.707106781186548,5.55111512312578E-17,
-0.707106781186548));
#14030=VECTOR('',#14020,1.);
#14040=LINE('',#14010,#14030);
#14050=CARTESIAN_POINT('',(-4.923077,33.280602,-35.6075));
#14060=VERTEX_POINT('',#14050);
#14070=CARTESIAN_POINT('',(-5.023077,33.280602,-35.7075));
#14080=VERTEX_POINT('',#14070);
#14090=EDGE_CURVE('',#14060,#14080,#14040,.T.);
#14100=ORIENTED_EDGE('',*,*,#14090,.T.);
#14110=CARTESIAN_POINT('',(-6.323077,33.280602,-35.6075));
#14120=DIRECTION('',(1.,-5.55111512312578E-17,0.));
#14130=VECTOR('',#14120,1.);
#14140=LINE('',#14110,#14130);
#14150=CARTESIAN_POINT('',(-4.12307699999999,33.280602,-35.6075));
#14160=VERTEX_POINT('',#14150);
#14170=EDGE_CURVE('',#14060,#14160,#14140,.T.);
#14180=ORIENTED_EDGE('',*,*,#14170,.F.);
#14190=CARTESIAN_POINT('',(-14.583077,33.280602,-25.1475));
#14200=DIRECTION('',(-0.707106781186548,5.55111512312578E-17,
0.707106781186548));
#14210=VECTOR('',#14200,1.);
#14220=LINE('',#14190,#14210);
#14230=CARTESIAN_POINT('',(-4.02307699999999,33.280602,-35.7075));
#14240=VERTEX_POINT('',#14230);
#14250=EDGE_CURVE('',#14240,#14160,#14220,.T.);
#14260=ORIENTED_EDGE('',*,*,#14250,.T.);
#14270=CARTESIAN_POINT('',(-4.023077,33.280602,-25.1475));
#14280=DIRECTION('',(0.,0.,-1.));
#14290=VECTOR('',#14280,1.);
#14300=LINE('',#14270,#14290);
#14310=CARTESIAN_POINT('',(-4.023077,33.280602,-36.3075));
#14320=VERTEX_POINT('',#14310);
#14330=EDGE_CURVE('',#14240,#14320,#14300,.T.);
#14340=ORIENTED_EDGE('',*,*,#14330,.F.);
#14350=CARTESIAN_POINT('',(7.13692299999997,33.280602,-25.1475));
#14360=DIRECTION('',(-0.707106781186546,0.,-0.707106781186549));
#14370=VECTOR('',#14360,1.);
#14380=LINE('',#14350,#14370);
#14390=CARTESIAN_POINT('',(-4.123077,33.280602,-36.4075));
#14400=VERTEX_POINT('',#14390);
#14410=EDGE_CURVE('',#14320,#14400,#14380,.T.);
#14420=ORIENTED_EDGE('',*,*,#14410,.F.);
#14430=CARTESIAN_POINT('',(-6.323077,33.280602,-36.4075));
#14440=DIRECTION('',(-1.,5.55111512312578E-17,0.));
#14450=VECTOR('',#14440,1.);
#14460=LINE('',#14430,#14450);
#14470=CARTESIAN_POINT('',(-4.923077,33.280602,-36.4075));
#14480=VERTEX_POINT('',#14470);
#14490=EDGE_CURVE('',#14400,#14480,#14460,.T.);
#14500=ORIENTED_EDGE('',*,*,#14490,.F.);
#14510=CARTESIAN_POINT('',(-6.323077,33.280602,-35.0075));
#14520=DIRECTION('',(0.707106781186548,0.,-0.707106781186547));
#14530=VECTOR('',#14520,1.);
#14540=LINE('',#14510,#14530);
#14550=CARTESIAN_POINT('',(-5.023077,33.280602,-36.3075));
#14560=VERTEX_POINT('',#14550);
#14570=EDGE_CURVE('',#14560,#14480,#14540,.T.);
#14580=ORIENTED_EDGE('',*,*,#14570,.T.);
#14590=CARTESIAN_POINT('',(-5.023077,33.280602,-25.1475));
#14600=DIRECTION('',(0.,0.,-1.));
#14610=VECTOR('',#14600,1.);
#14620=LINE('',#14590,#14610);
#14630=EDGE_CURVE('',#14080,#14560,#14620,.T.);
#14640=ORIENTED_EDGE('',*,*,#14630,.T.);
#14650=EDGE_LOOP('',(#14640,#14580,#14500,#14420,#14340,#14260,#14180,
#14100));
#14660=FACE_BOUND('',#14650,.T.);
#14670=CARTESIAN_POINT('',(2.53692299999997,33.280602,-25.1475));
#14680=DIRECTION('',(0.707106781186546,0.,0.707106781186549));
#14690=VECTOR('',#14680,1.);
#14700=LINE('',#14670,#14690);
#14710=CARTESIAN_POINT('',(-8.023077,33.280602,-35.7075));
#14720=VERTEX_POINT('',#14710);
#14730=CARTESIAN_POINT('',(-7.923077,33.280602,-35.6075));
#14740=VERTEX_POINT('',#14730);
#14750=EDGE_CURVE('',#14720,#14740,#14700,.T.);
#14760=ORIENTED_EDGE('',*,*,#14750,.F.);
#14770=CARTESIAN_POINT('',(-6.323077,33.280602,-35.6075));
#14780=DIRECTION('',(1.,-5.55111512312578E-17,0.));
#14790=VECTOR('',#14780,1.);
#14800=LINE('',#14770,#14790);
#14810=CARTESIAN_POINT('',(-7.123077,33.280602,-35.6075));
#14820=VERTEX_POINT('',#14810);
#14830=EDGE_CURVE('',#14740,#14820,#14800,.T.);
#14840=ORIENTED_EDGE('',*,*,#14830,.F.);
#14850=CARTESIAN_POINT('',(-6.323077,33.280602,-36.4075));
#14860=DIRECTION('',(-0.707106781186548,0.,0.707106781186547));
#14870=VECTOR('',#14860,1.);
#14880=LINE('',#14850,#14870);
#14890=CARTESIAN_POINT('',(-7.023077,33.280602,-35.7075));
#14900=VERTEX_POINT('',#14890);
#14910=EDGE_CURVE('',#14900,#14820,#14880,.T.);
#14920=ORIENTED_EDGE('',*,*,#14910,.T.);
#14930=CARTESIAN_POINT('',(-7.023077,33.280602,-25.1475));
#14940=DIRECTION('',(0.,0.,1.));
#14950=VECTOR('',#14940,1.);
#14960=LINE('',#14930,#14950);
#14970=CARTESIAN_POINT('',(-7.023077,33.280602,-36.3075));
#14980=VERTEX_POINT('',#14970);
#14990=EDGE_CURVE('',#14980,#14900,#14960,.T.);
#15000=ORIENTED_EDGE('',*,*,#14990,.T.);
#15010=CARTESIAN_POINT('',(4.13692300000001,33.280602,-25.1475));
#15020=DIRECTION('',(0.707106781186548,-5.55111512312578E-17,
0.707106781186548));
#15030=VECTOR('',#15020,1.);
#15040=LINE('',#15010,#15030);
#15050=CARTESIAN_POINT('',(-7.123077,33.280602,-36.4075));
#15060=VERTEX_POINT('',#15050);
#15070=EDGE_CURVE('',#15060,#14980,#15040,.T.);
#15080=ORIENTED_EDGE('',*,*,#15070,.T.);
#15090=CARTESIAN_POINT('',(-6.323077,33.280602,-36.4075));
#15100=DIRECTION('',(-1.,5.55111512312578E-17,0.));
#15110=VECTOR('',#15100,1.);
#15120=LINE('',#15090,#15110);
#15130=CARTESIAN_POINT('',(-7.923077,33.280602,-36.4075));
#15140=VERTEX_POINT('',#15130);
#15150=EDGE_CURVE('',#15060,#15140,#15120,.T.);
#15160=ORIENTED_EDGE('',*,*,#15150,.F.);
#15170=CARTESIAN_POINT('',(-19.183077,33.280602,-25.1475));
#15180=DIRECTION('',(0.707106781186548,-5.55111512312578E-17,
-0.707106781186548));
#15190=VECTOR('',#15180,1.);
#15200=LINE('',#15170,#15190);
#15210=CARTESIAN_POINT('',(-8.023077,33.280602,-36.3075));
#15220=VERTEX_POINT('',#15210);
#15230=EDGE_CURVE('',#15220,#15140,#15200,.T.);
#15240=ORIENTED_EDGE('',*,*,#15230,.T.);
#15250=CARTESIAN_POINT('',(-8.023077,33.280602,-25.1475));
#15260=DIRECTION('',(0.,0.,1.));
#15270=VECTOR('',#15260,1.);
#15280=LINE('',#15250,#15270);
#15290=EDGE_CURVE('',#15220,#14720,#15280,.T.);
#15300=ORIENTED_EDGE('',*,*,#15290,.F.);
#15310=EDGE_LOOP('',(#15300,#15240,#15160,#15080,#15000,#14920,#14840,
#14760));
#15320=FACE_BOUND('',#15310,.T.);
#15330=CARTESIAN_POINT('',(13.156923,33.280602,-25.1475));
#15340=DIRECTION('',(-0.707106781186548,5.55111512312578E-17,
-0.707106781186548));
#15350=VECTOR('',#15340,1.);
#15360=LINE('',#15330,#15350);
#15370=CARTESIAN_POINT('',(-4.923077,33.280602,-43.2275));
#15380=VERTEX_POINT('',#15370);
#15390=CARTESIAN_POINT('',(-5.023077,33.280602,-43.3275));
#15400=VERTEX_POINT('',#15390);
#15410=EDGE_CURVE('',#15380,#15400,#15360,.T.);
#15420=ORIENTED_EDGE('',*,*,#15410,.T.);
#15430=CARTESIAN_POINT('',(-6.323077,33.280602,-43.2275));
#15440=DIRECTION('',(1.,-5.55111512312578E-17,0.));
#15450=VECTOR('',#15440,1.);
#15460=LINE('',#15430,#15450);
#15470=CARTESIAN_POINT('',(-4.12307699999999,33.280602,-43.2275));
#15480=VERTEX_POINT('',#15470);
#15490=EDGE_CURVE('',#15380,#15480,#15460,.T.);
#15500=ORIENTED_EDGE('',*,*,#15490,.F.);
#15510=CARTESIAN_POINT('',(-22.203077,33.280602,-25.1475));
#15520=DIRECTION('',(-0.707106781186548,5.55111512312578E-17,
0.707106781186548));
#15530=VECTOR('',#15520,1.);
#15540=LINE('',#15510,#15530);
#15550=CARTESIAN_POINT('',(-4.02307699999999,33.280602,-43.3275));
#15560=VERTEX_POINT('',#15550);
#15570=EDGE_CURVE('',#15560,#15480,#15540,.T.);
#15580=ORIENTED_EDGE('',*,*,#15570,.T.);
#15590=CARTESIAN_POINT('',(-4.02307699999999,33.280602,-25.1475));
#15600=DIRECTION('',(0.,0.,-1.));
#15610=VECTOR('',#15600,1.);
#15620=LINE('',#15590,#15610);
#15630=CARTESIAN_POINT('',(-4.023077,33.280602,-43.9275));
#15640=VERTEX_POINT('',#15630);
#15650=EDGE_CURVE('',#15560,#15640,#15620,.T.);
#15660=ORIENTED_EDGE('',*,*,#15650,.F.);
#15670=CARTESIAN_POINT('',(14.7569229999999,33.280602,-25.1475));
#15680=DIRECTION('',(-0.707106781186546,0.,-0.707106781186549));
#15690=VECTOR('',#15680,1.);
#15700=LINE('',#15670,#15690);
#15710=CARTESIAN_POINT('',(-4.123077,33.280602,-44.0275));
#15720=VERTEX_POINT('',#15710);
#15730=EDGE_CURVE('',#15640,#15720,#15700,.T.);
#15740=ORIENTED_EDGE('',*,*,#15730,.F.);
#15750=CARTESIAN_POINT('',(-6.323077,33.280602,-44.0275));
#15760=DIRECTION('',(-1.,5.55111512312578E-17,0.));
#15770=VECTOR('',#15760,1.);
#15780=LINE('',#15750,#15770);
#15790=CARTESIAN_POINT('',(-4.923077,33.280602,-44.0275));
#15800=VERTEX_POINT('',#15790);
#15810=EDGE_CURVE('',#15720,#15800,#15780,.T.);
#15820=ORIENTED_EDGE('',*,*,#15810,.F.);
#15830=CARTESIAN_POINT('',(-6.323077,33.280602,-42.6275));
#15840=DIRECTION('',(0.707106781186548,0.,-0.707106781186547));
#15850=VECTOR('',#15840,1.);
#15860=LINE('',#15830,#15850);
#15870=CARTESIAN_POINT('',(-5.023077,33.280602,-43.9275));
#15880=VERTEX_POINT('',#15870);
#15890=EDGE_CURVE('',#15880,#15800,#15860,.T.);
#15900=ORIENTED_EDGE('',*,*,#15890,.T.);
#15910=CARTESIAN_POINT('',(-5.023077,33.280602,-25.1475));
#15920=DIRECTION('',(0.,0.,-1.));
#15930=VECTOR('',#15920,1.);
#15940=LINE('',#15910,#15930);
#15950=EDGE_CURVE('',#15400,#15880,#15940,.T.);
#15960=ORIENTED_EDGE('',*,*,#15950,.T.);
#15970=EDGE_LOOP('',(#15960,#15900,#15820,#15740,#15660,#15580,#15500,
#15420));
#15980=FACE_BOUND('',#15970,.T.);
#15990=CARTESIAN_POINT('',(10.1569229999999,33.280602,-25.1475));
#16000=DIRECTION('',(0.707106781186546,0.,0.707106781186549));
#16010=VECTOR('',#16000,1.);
#16020=LINE('',#15990,#16010);
#16030=CARTESIAN_POINT('',(-8.023077,33.280602,-43.3275));
#16040=VERTEX_POINT('',#16030);
#16050=CARTESIAN_POINT('',(-7.923077,33.280602,-43.2275));
#16060=VERTEX_POINT('',#16050);
#16070=EDGE_CURVE('',#16040,#16060,#16020,.T.);
#16080=ORIENTED_EDGE('',*,*,#16070,.F.);
#16090=CARTESIAN_POINT('',(-6.323077,33.280602,-43.2275));
#16100=DIRECTION('',(1.,-5.55111512312578E-17,0.));
#16110=VECTOR('',#16100,1.);
#16120=LINE('',#16090,#16110);
#16130=CARTESIAN_POINT('',(-7.123077,33.280602,-43.2275));
#16140=VERTEX_POINT('',#16130);
#16150=EDGE_CURVE('',#16060,#16140,#16120,.T.);
#16160=ORIENTED_EDGE('',*,*,#16150,.F.);
#16170=CARTESIAN_POINT('',(-6.323077,33.280602,-44.0275));
#16180=DIRECTION('',(-0.707106781186548,0.,0.707106781186547));
#16190=VECTOR('',#16180,1.);
#16200=LINE('',#16170,#16190);
#16210=CARTESIAN_POINT('',(-7.023077,33.280602,-43.3275));
#16220=VERTEX_POINT('',#16210);
#16230=EDGE_CURVE('',#16220,#16140,#16200,.T.);
#16240=ORIENTED_EDGE('',*,*,#16230,.T.);
#16250=CARTESIAN_POINT('',(-7.023077,33.280602,-25.1475));
#16260=DIRECTION('',(0.,0.,1.));
#16270=VECTOR('',#16260,1.);
#16280=LINE('',#16250,#16270);
#16290=CARTESIAN_POINT('',(-7.023077,33.280602,-43.9275));
#16300=VERTEX_POINT('',#16290);
#16310=EDGE_CURVE('',#16300,#16220,#16280,.T.);
#16320=ORIENTED_EDGE('',*,*,#16310,.T.);
#16330=CARTESIAN_POINT('',(11.756923,33.280602,-25.1475));
#16340=DIRECTION('',(0.707106781186548,-5.55111512312578E-17,
0.707106781186548));
#16350=VECTOR('',#16340,1.);
#16360=LINE('',#16330,#16350);
#16370=CARTESIAN_POINT('',(-7.123077,33.280602,-44.0275));
#16380=VERTEX_POINT('',#16370);
#16390=EDGE_CURVE('',#16380,#16300,#16360,.T.);
#16400=ORIENTED_EDGE('',*,*,#16390,.T.);
#16410=CARTESIAN_POINT('',(-6.323077,33.280602,-44.0275));
#16420=DIRECTION('',(-1.,5.55111512312578E-17,0.));
#16430=VECTOR('',#16420,1.);
#16440=LINE('',#16410,#16430);
#16450=CARTESIAN_POINT('',(-7.923077,33.280602,-44.0275));
#16460=VERTEX_POINT('',#16450);
#16470=EDGE_CURVE('',#16380,#16460,#16440,.T.);
#16480=ORIENTED_EDGE('',*,*,#16470,.F.);
#16490=CARTESIAN_POINT('',(-26.803077,33.280602,-25.1475));
#16500=DIRECTION('',(0.707106781186548,-5.55111512312578E-17,
-0.707106781186548));
#16510=VECTOR('',#16500,1.);
#16520=LINE('',#16490,#16510);
#16530=CARTESIAN_POINT('',(-8.023077,33.280602,-43.9275));
#16540=VERTEX_POINT('',#16530);
#16550=EDGE_CURVE('',#16540,#16460,#16520,.T.);
#16560=ORIENTED_EDGE('',*,*,#16550,.T.);
#16570=CARTESIAN_POINT('',(-8.023077,33.280602,-25.1475));
#16580=DIRECTION('',(0.,0.,1.));
#16590=VECTOR('',#16580,1.);
#16600=LINE('',#16570,#16590);
#16610=EDGE_CURVE('',#16540,#16040,#16600,.T.);
#16620=ORIENTED_EDGE('',*,*,#16610,.F.);
#16630=EDGE_LOOP('',(#16620,#16560,#16480,#16400,#16320,#16240,#16160,
#16080));
#16640=FACE_BOUND('',#16630,.T.);
#16650=CARTESIAN_POINT('',(6.34692299999996,33.280602,-25.1475));
#16660=DIRECTION('',(0.707106781186546,0.,0.707106781186549));
#16670=VECTOR('',#16660,1.);
#16680=LINE('',#16650,#16670);
#16690=CARTESIAN_POINT('',(-8.023077,33.280602,-39.5175));
#16700=VERTEX_POINT('',#16690);
#16710=CARTESIAN_POINT('',(-7.923077,33.280602,-39.4175));
#16720=VERTEX_POINT('',#16710);
#16730=EDGE_CURVE('',#16700,#16720,#16680,.T.);
#16740=ORIENTED_EDGE('',*,*,#16730,.F.);
#16750=CARTESIAN_POINT('',(-6.323077,33.280602,-39.4175));
#16760=DIRECTION('',(1.,-5.55111512312578E-17,0.));
#16770=VECTOR('',#16760,1.);
#16780=LINE('',#16750,#16770);
#16790=CARTESIAN_POINT('',(-7.123077,33.280602,-39.4175));
#16800=VERTEX_POINT('',#16790);
#16810=EDGE_CURVE('',#16720,#16800,#16780,.T.);
#16820=ORIENTED_EDGE('',*,*,#16810,.F.);
#16830=CARTESIAN_POINT('',(-6.323077,33.280602,-40.2175));
#16840=DIRECTION('',(-0.707106781186548,0.,0.707106781186547));
#16850=VECTOR('',#16840,1.);
#16860=LINE('',#16830,#16850);
#16870=CARTESIAN_POINT('',(-7.023077,33.280602,-39.5175));
#16880=VERTEX_POINT('',#16870);
#16890=EDGE_CURVE('',#16880,#16800,#16860,.T.);
#16900=ORIENTED_EDGE('',*,*,#16890,.T.);
#16910=CARTESIAN_POINT('',(-7.023077,33.280602,-25.1475));
#16920=DIRECTION('',(0.,0.,1.));
#16930=VECTOR('',#16920,1.);
#16940=LINE('',#16910,#16930);
#16950=CARTESIAN_POINT('',(-7.023077,33.280602,-40.1175));
#16960=VERTEX_POINT('',#16950);
#16970=EDGE_CURVE('',#16960,#16880,#16940,.T.);
#16980=ORIENTED_EDGE('',*,*,#16970,.T.);
#16990=CARTESIAN_POINT('',(7.946923,33.280602,-25.1475));
#17000=DIRECTION('',(0.707106781186548,-5.55111512312578E-17,
0.707106781186548));
#17010=VECTOR('',#17000,1.);
#17020=LINE('',#16990,#17010);
#17030=CARTESIAN_POINT('',(-7.123077,33.280602,-40.2175));
#17040=VERTEX_POINT('',#17030);
#17050=EDGE_CURVE('',#17040,#16960,#17020,.T.);
#17060=ORIENTED_EDGE('',*,*,#17050,.T.);
#17070=CARTESIAN_POINT('',(-6.323077,33.280602,-40.2175));
#17080=DIRECTION('',(-1.,5.55111512312578E-17,0.));
#17090=VECTOR('',#17080,1.);
#17100=LINE('',#17070,#17090);
#17110=CARTESIAN_POINT('',(-7.923077,33.280602,-40.2175));
#17120=VERTEX_POINT('',#17110);
#17130=EDGE_CURVE('',#17040,#17120,#17100,.T.);
#17140=ORIENTED_EDGE('',*,*,#17130,.F.);
#17150=CARTESIAN_POINT('',(-22.993077,33.280602,-25.1475));
#17160=DIRECTION('',(0.707106781186548,-5.55111512312578E-17,
-0.707106781186548));
#17170=VECTOR('',#17160,1.);
#17180=LINE('',#17150,#17170);
#17190=CARTESIAN_POINT('',(-8.023077,33.280602,-40.1175));
#17200=VERTEX_POINT('',#17190);
#17210=EDGE_CURVE('',#17200,#17120,#17180,.T.);
#17220=ORIENTED_EDGE('',*,*,#17210,.T.);
#17230=CARTESIAN_POINT('',(-8.023077,33.280602,-25.1475));
#17240=DIRECTION('',(0.,0.,1.));
#17250=VECTOR('',#17240,1.);
#17260=LINE('',#17230,#17250);
#17270=EDGE_CURVE('',#17200,#16700,#17260,.T.);
#17280=ORIENTED_EDGE('',*,*,#17270,.F.);
#17290=EDGE_LOOP('',(#17280,#17220,#17140,#17060,#16980,#16900,#16820,
#16740));
#17300=FACE_BOUND('',#17290,.T.);
#17310=CARTESIAN_POINT('',(-18.393077,33.280602,-25.1475));
#17320=DIRECTION('',(-0.707106781186548,5.55111512312578E-17,
0.707106781186548));
#17330=VECTOR('',#17320,1.);
#17340=LINE('',#17310,#17330);
#17350=CARTESIAN_POINT('',(-4.02307699999999,33.280602,-39.5175));
#17360=VERTEX_POINT('',#17350);
#17370=CARTESIAN_POINT('',(-4.12307699999999,33.280602,-39.4175));
#17380=VERTEX_POINT('',#17370);
#17390=EDGE_CURVE('',#17360,#17380,#17340,.T.);
#17400=ORIENTED_EDGE('',*,*,#17390,.T.);
#17410=CARTESIAN_POINT('',(-4.02307699999999,33.280602,-25.1475));
#17420=DIRECTION('',(0.,0.,-1.));
#17430=VECTOR('',#17420,1.);
#17440=LINE('',#17410,#17430);
#17450=CARTESIAN_POINT('',(-4.023077,33.280602,-40.1175));
#17460=VERTEX_POINT('',#17450);
#17470=EDGE_CURVE('',#17360,#17460,#17440,.T.);
#17480=ORIENTED_EDGE('',*,*,#17470,.F.);
#17490=CARTESIAN_POINT('',(10.946923,33.280602,-25.1475));
#17500=DIRECTION('',(-0.707106781186546,0.,-0.707106781186549));
#17510=VECTOR('',#17500,1.);
#17520=LINE('',#17490,#17510);
#17530=CARTESIAN_POINT('',(-4.123077,33.280602,-40.2175));
#17540=VERTEX_POINT('',#17530);
#17550=EDGE_CURVE('',#17460,#17540,#17520,.T.);
#17560=ORIENTED_EDGE('',*,*,#17550,.F.);
#17570=CARTESIAN_POINT('',(-6.323077,33.280602,-40.2175));
#17580=DIRECTION('',(-1.,5.55111512312578E-17,0.));
#17590=VECTOR('',#17580,1.);
#17600=LINE('',#17570,#17590);
#17610=CARTESIAN_POINT('',(-4.923077,33.280602,-40.2175));
#17620=VERTEX_POINT('',#17610);
#17630=EDGE_CURVE('',#17540,#17620,#17600,.T.);
#17640=ORIENTED_EDGE('',*,*,#17630,.F.);
#17650=CARTESIAN_POINT('',(-6.323077,33.280602,-38.8175));
#17660=DIRECTION('',(0.707106781186548,0.,-0.707106781186547));
#17670=VECTOR('',#17660,1.);
#17680=LINE('',#17650,#17670);
#17690=CARTESIAN_POINT('',(-5.023077,33.280602,-40.1175));
#17700=VERTEX_POINT('',#17690);
#17710=EDGE_CURVE('',#17700,#17620,#17680,.T.);
#17720=ORIENTED_EDGE('',*,*,#17710,.T.);
#17730=CARTESIAN_POINT('',(-5.023077,33.280602,-25.1475));
#17740=DIRECTION('',(0.,0.,-1.));
#17750=VECTOR('',#17740,1.);
#17760=LINE('',#17730,#17750);
#17770=CARTESIAN_POINT('',(-5.023077,33.280602,-39.5175));
#17780=VERTEX_POINT('',#17770);
#17790=EDGE_CURVE('',#17780,#17700,#17760,.T.);
#17800=ORIENTED_EDGE('',*,*,#17790,.T.);
#17810=CARTESIAN_POINT('',(9.34692300000001,33.280602,-25.1475));
#17820=DIRECTION('',(-0.707106781186548,5.55111512312578E-17,
-0.707106781186548));
#17830=VECTOR('',#17820,1.);
#17840=LINE('',#17810,#17830);
#17850=CARTESIAN_POINT('',(-4.923077,33.280602,-39.4175));
#17860=VERTEX_POINT('',#17850);
#17870=EDGE_CURVE('',#17860,#17780,#17840,.T.);
#17880=ORIENTED_EDGE('',*,*,#17870,.T.);
#17890=CARTESIAN_POINT('',(-6.323077,33.280602,-39.4175));
#17900=DIRECTION('',(1.,-5.55111512312578E-17,0.));
#17910=VECTOR('',#17900,1.);
#17920=LINE('',#17890,#17910);
#17930=EDGE_CURVE('',#17860,#17380,#17920,.T.);
#17940=ORIENTED_EDGE('',*,*,#17930,.F.);
#17950=EDGE_LOOP('',(#17940,#17880,#17800,#17720,#17640,#17560,#17480,
#17400));
#17960=FACE_BOUND('',#17950,.T.);
#17970=ADVANCED_FACE('',(#9860,#10010,#10160,#10820,#11480,#11820,#12080
,#12420,#12680,#13340,#14000,#14660,#15320,#15980,#16640,#17300,#17960),
#8450,.T.);
#17980=CARTESIAN_POINT('',(-7.723077,18.680602,-52.2874999999999));
#17990=DIRECTION('',(1.,0.,-0.));
#18000=DIRECTION('',(0.,0.,1.));
#18010=AXIS2_PLACEMENT_3D('',#17980,#17990,#18000);
#18020=PLANE('',#18010);
#18030=CARTESIAN_POINT('',(-7.723077,16.980602,-25.1475));
#18040=DIRECTION('',(0.,0.,-1.));
#18050=VECTOR('',#18040,1.);
#18060=LINE('',#18030,#18050);
#18070=CARTESIAN_POINT('',(-7.723077,16.980602,-52.2375));
#18080=VERTEX_POINT('',#18070);
#18090=EDGE_CURVE('',#4870,#18080,#18060,.T.);
#18100=ORIENTED_EDGE('',*,*,#18090,.F.);
#18110=CARTESIAN_POINT('',(-7.723077,25.880602,-52.2375));
#18120=DIRECTION('',(0.,-1.,0.));
#18130=VECTOR('',#18120,1.);
#18140=LINE('',#18110,#18130);
#18150=CARTESIAN_POINT('',(-7.723077,27.780602,-52.2375));
#18160=VERTEX_POINT('',#18150);
#18170=EDGE_CURVE('',#18160,#18080,#18140,.T.);
#18180=ORIENTED_EDGE('',*,*,#18170,.T.);
#18190=CARTESIAN_POINT('',(-7.723077,27.780602,-25.1475));
#18200=DIRECTION('',(0.,0.,-1.));
#18210=VECTOR('',#18200,1.);
#18220=LINE('',#18190,#18210);
#18230=EDGE_CURVE('',#4950,#18160,#18220,.T.);
#18240=ORIENTED_EDGE('',*,*,#18230,.T.);
#18250=ORIENTED_EDGE('',*,*,#4960,.T.);
#18260=EDGE_LOOP('',(#18250,#18240,#18180,#18100));
#18270=FACE_OUTER_BOUND('',#18260,.T.);
#18280=ADVANCED_FACE('',(#18270),#18020,.F.);
#18290=CARTESIAN_POINT('',(-2.123077,25.680602,-27.3975));
#18300=DIRECTION('',(0.,0.,1.));
#18310=DIRECTION('',(1.,0.,0.));
#18320=AXIS2_PLACEMENT_3D('',#18290,#18300,#18310);
#18330=PLANE('',#18320);
#18340=CARTESIAN_POINT('',(-1.373077,25.880602,-27.3975));
#18350=DIRECTION('',(0.,1.,0.));
#18360=VECTOR('',#18350,1.);
#18370=LINE('',#18340,#18360);
#18380=CARTESIAN_POINT('',(-1.373077,16.980602,-27.3975));
#18390=VERTEX_POINT('',#18380);
#18400=CARTESIAN_POINT('',(-1.373077,27.780602,-27.3975));
#18410=VERTEX_POINT('',#18400);
#18420=EDGE_CURVE('',#18390,#18410,#18370,.T.);
#18430=ORIENTED_EDGE('',*,*,#18420,.F.);
#18440=CARTESIAN_POINT('',(-6.323077,27.780602,-27.3975));
#18450=DIRECTION('',(-1.,0.,0.));
#18460=VECTOR('',#18450,1.);
#18470=LINE('',#18440,#18460);
#18480=CARTESIAN_POINT('',(-6.723077,27.780602,-27.3975));
#18490=VERTEX_POINT('',#18480);
#18500=EDGE_CURVE('',#18410,#18490,#18470,.T.);
#18510=ORIENTED_EDGE('',*,*,#18500,.F.);
#18520=CARTESIAN_POINT('',(-6.723077,25.880602,-27.3975));
#18530=DIRECTION('',(0.,1.,0.));
#18540=VECTOR('',#18530,1.);
#18550=LINE('',#18520,#18540);
#18560=CARTESIAN_POINT('',(-6.723077,16.980602,-27.3975));
#18570=VERTEX_POINT('',#18560);
#18580=EDGE_CURVE('',#18570,#18490,#18550,.T.);
#18590=ORIENTED_EDGE('',*,*,#18580,.T.);
#18600=CARTESIAN_POINT('',(-6.323077,16.980602,-27.3975));
#18610=DIRECTION('',(-1.,1.2335811384724E-16,0.));
#18620=VECTOR('',#18610,1.);
#18630=LINE('',#18600,#18620);
#18640=EDGE_CURVE('',#18390,#18570,#18630,.T.);
#18650=ORIENTED_EDGE('',*,*,#18640,.T.);
#18660=EDGE_LOOP('',(#18650,#18590,#18510,#18430));
#18670=FACE_OUTER_BOUND('',#18660,.T.);
#18680=ADVANCED_FACE('',(#18670),#18330,.F.);
#18690=CARTESIAN_POINT('',(-2.073077,26.430602,-36.5074999999999));
#18700=DIRECTION('',(0.,0.,-1.));
#18710=DIRECTION('',(-1.,0.,0.));
#18720=AXIS2_PLACEMENT_3D('',#18690,#18700,#18710);
#18730=PLANE('',#18720);
#18740=ORIENTED_EDGE('',*,*,#1920,.F.);
#18750=CARTESIAN_POINT('',(-6.323077,19.430602,-36.5074999999999));
#18760=DIRECTION('',(1.,0.,0.));
#18770=VECTOR('',#18760,1.);
#18780=LINE('',#18750,#18770);
#18790=CARTESIAN_POINT('',(-2.223077,19.430602,-36.5074999999999));
#18800=VERTEX_POINT('',#18790);
#18810=EDGE_CURVE('',#1830,#18800,#18780,.T.);
#18820=ORIENTED_EDGE('',*,*,#18810,.F.);
#18830=CARTESIAN_POINT('',(-2.223077,25.880602,-36.5074999999999));
#18840=DIRECTION('',(0.,-1.,0.));
#18850=VECTOR('',#18840,1.);
#18860=LINE('',#18830,#18850);
#18870=CARTESIAN_POINT('',(-2.223077,26.530602,-36.5074999999999));
#18880=VERTEX_POINT('',#18870);
#18890=EDGE_CURVE('',#18880,#18800,#18860,.T.);
#18900=ORIENTED_EDGE('',*,*,#18890,.T.);
#18910=CARTESIAN_POINT('',(-6.323077,26.530602,-36.5074999999999));
#18920=DIRECTION('',(-1.,0.,0.));
#18930=VECTOR('',#18920,1.);
#18940=LINE('',#18910,#18930);
#18950=EDGE_CURVE('',#18880,#1910,#18940,.T.);
#18960=ORIENTED_EDGE('',*,*,#18950,.F.);
#18970=EDGE_LOOP('',(#18960,#18900,#18820,#18740));
#18980=FACE_OUTER_BOUND('',#18970,.T.);
#18990=ADVANCED_FACE('',(#18980),#18730,.T.);
#19000=CARTESIAN_POINT('',(-9.67307700000001,26.530602,-38.3125000000002
));
#19010=DIRECTION('',(0.707106781186549,0.,-0.707106781186546));
#19020=DIRECTION('',(-0.707106781186546,0.,-0.707106781186549));
#19030=AXIS2_PLACEMENT_3D('',#19000,#19010,#19020);
#19040=PLANE('',#19030);
#19050=ORIENTED_EDGE('',*,*,#5230,.F.);
#19060=CARTESIAN_POINT('',(3.49192300000012,16.980602,-25.1475));
#19070=DIRECTION('',(-0.707106781186546,1.11022302462516E-16,
-0.707106781186549));
#19080=VECTOR('',#19070,1.);
#19090=LINE('',#19060,#19080);
#19100=CARTESIAN_POINT('',(-9.67307700000001,16.980602,-38.3125000000002
));
#19110=VERTEX_POINT('',#19100);
#19120=EDGE_CURVE('',#19110,#5220,#19090,.T.);
#19130=ORIENTED_EDGE('',*,*,#19120,.T.);
#19140=CARTESIAN_POINT('',(-9.673077,25.880602,-38.3125000000002));
#19150=DIRECTION('',(0.,-1.,0.));
#19160=VECTOR('',#19150,1.);
#19170=LINE('',#19140,#19160);
#19180=CARTESIAN_POINT('',(-9.67307700000001,26.530602,-38.3125000000002
));
#19190=VERTEX_POINT('',#19180);
#19200=EDGE_CURVE('',#19190,#19110,#19170,.T.);
#19210=ORIENTED_EDGE('',*,*,#19200,.T.);
#19220=CARTESIAN_POINT('',(3.49192300000012,26.530602,-25.1475));
#19230=DIRECTION('',(-0.707106781186546,0.,-0.707106781186549));
#19240=VECTOR('',#19230,1.);
#19250=LINE('',#19220,#19240);
#19260=EDGE_CURVE('',#19190,#5200,#19250,.T.);
#19270=ORIENTED_EDGE('',*,*,#19260,.F.);
#19280=EDGE_LOOP('',(#19270,#19210,#19130,#19050));
#19290=FACE_OUTER_BOUND('',#19280,.T.);
#19300=ADVANCED_FACE('',(#19290),#19040,.T.);
#19310=CARTESIAN_POINT('',(-2.273077,23.380602,-33.6025));
#19320=DIRECTION('',(0.707106781186546,0.,-0.707106781186549));
#19330=DIRECTION('',(-0.707106781186549,0.,-0.707106781186546));
#19340=AXIS2_PLACEMENT_3D('',#19310,#19320,#19330);
#19350=PLANE('',#19340);
#19360=CARTESIAN_POINT('',(-2.223077,25.880602,-33.5525));
#19370=DIRECTION('',(0.,-1.,0.));
#19380=VECTOR('',#19370,1.);
#19390=LINE('',#19360,#19380);
#19400=CARTESIAN_POINT('',(-2.223077,26.530602,-33.5525));
#19410=VERTEX_POINT('',#19400);
#19420=CARTESIAN_POINT('',(-2.223077,16.980602,-33.5525));
#19430=VERTEX_POINT('',#19420);
#19440=EDGE_CURVE('',#19410,#19430,#19390,.T.);
#19450=ORIENTED_EDGE('',*,*,#19440,.F.);
#19460=CARTESIAN_POINT('',(-6.323077,16.980602,-37.6525));
#19470=DIRECTION('',(-0.707106781186549,5.55111512312578E-17,
-0.707106781186546));
#19480=VECTOR('',#19470,1.);
#19490=LINE('',#19460,#19480);
#19500=CARTESIAN_POINT('',(-2.373077,16.980602,-33.7025));
#19510=VERTEX_POINT('',#19500);
#19520=EDGE_CURVE('',#19430,#19510,#19490,.T.);
#19530=ORIENTED_EDGE('',*,*,#19520,.F.);
#19540=CARTESIAN_POINT('',(-2.373077,25.880602,-33.7025));
#19550=DIRECTION('',(0.,1.,0.));
#19560=VECTOR('',#19550,1.);
#19570=LINE('',#19540,#19560);
#19580=CARTESIAN_POINT('',(-2.373077,26.530602,-33.7025));
#19590=VERTEX_POINT('',#19580);
#19600=EDGE_CURVE('',#19510,#19590,#19570,.T.);
#19610=ORIENTED_EDGE('',*,*,#19600,.F.);
#19620=CARTESIAN_POINT('',(-6.323077,26.530602,-37.6525));
#19630=DIRECTION('',(-0.707106781186549,0.,-0.707106781186546));
#19640=VECTOR('',#19630,1.);
#19650=LINE('',#19620,#19640);
#19660=EDGE_CURVE('',#19410,#19590,#19650,.T.);
#19670=ORIENTED_EDGE('',*,*,#19660,.T.);
#19680=EDGE_LOOP('',(#19670,#19610,#19530,#19450));
#19690=FACE_OUTER_BOUND('',#19680,.T.);
#19700=ADVANCED_FACE('',(#19690),#19350,.F.);
#19710=CARTESIAN_POINT('',(-9.673077,26.530602,-37.5125000000001));
#19720=DIRECTION('',(1.,0.,-1.1102230246251E-15));
#19730=DIRECTION('',(-1.1102230246251E-15,0.,-1.));
#19740=AXIS2_PLACEMENT_3D('',#19710,#19720,#19730);
#19750=PLANE('',#19740);
#19760=ORIENTED_EDGE('',*,*,#19200,.F.);
#19770=CARTESIAN_POINT('',(-9.67307699999999,16.980602,-25.1475));
#19780=DIRECTION('',(-1.1102230246251E-15,1.97215226305253E-31,-1.));
#19790=VECTOR('',#19780,1.);
#19800=LINE('',#19770,#19790);
#19810=CARTESIAN_POINT('',(-9.673077,16.980602,-37.5125000000001));
#19820=VERTEX_POINT('',#19810);
#19830=EDGE_CURVE('',#19820,#19110,#19800,.T.);
#19840=ORIENTED_EDGE('',*,*,#19830,.T.);
#19850=CARTESIAN_POINT('',(-9.673077,25.880602,-37.5125000000001));
#19860=DIRECTION('',(0.,-1.,0.));
#19870=VECTOR('',#19860,1.);
#19880=LINE('',#19850,#19870);
#19890=CARTESIAN_POINT('',(-9.67307700000001,26.530602,-37.5125000000001
));
#19900=VERTEX_POINT('',#19890);
#19910=EDGE_CURVE('',#19900,#19820,#19880,.T.);
#19920=ORIENTED_EDGE('',*,*,#19910,.T.);
#19930=CARTESIAN_POINT('',(-9.67307699999999,26.530602,-25.1475));
#19940=DIRECTION('',(-1.1102230246251E-15,0.,-1.));
#19950=VECTOR('',#19940,1.);
#19960=LINE('',#19930,#19950);
#19970=EDGE_CURVE('',#19900,#19190,#19960,.T.);
#19980=ORIENTED_EDGE('',*,*,#19970,.F.);
#19990=EDGE_LOOP('',(#19980,#19920,#19840,#19760));
#20000=FACE_OUTER_BOUND('',#19990,.T.);
#20010=ADVANCED_FACE('',(#20000),#19750,.T.);
#20020=CARTESIAN_POINT('',(-2.02307700000001,19.430602,-40.8224999999999
));
#20030=DIRECTION('',(0.,0.,-1.));
#20040=DIRECTION('',(-1.,1.2335811384724E-16,0.));
#20050=AXIS2_PLACEMENT_3D('',#20020,#20030,#20040);
#20060=PLANE('',#20050);
#20070=CARTESIAN_POINT('',(-2.223077,25.880602,-40.8224999999999));
#20080=DIRECTION('',(0.,-1.,0.));
#20090=VECTOR('',#20080,1.);
#20100=LINE('',#20070,#20090);
#20110=CARTESIAN_POINT('',(-2.223077,26.530602,-40.8224999999999));
#20120=VERTEX_POINT('',#20110);
#20130=CARTESIAN_POINT('',(-2.223077,16.980602,-40.8224999999999));
#20140=VERTEX_POINT('',#20130);
#20150=EDGE_CURVE('',#20120,#20140,#20100,.T.);
#20160=ORIENTED_EDGE('',*,*,#20150,.F.);
#20170=CARTESIAN_POINT('',(-6.323077,16.980602,-40.8224999999999));
#20180=DIRECTION('',(1.,-1.2335811384724E-16,0.));
#20190=VECTOR('',#20180,1.);
#20200=LINE('',#20170,#20190);
#20210=EDGE_CURVE('',#20140,#8290,#20200,.T.);
#20220=ORIENTED_EDGE('',*,*,#20210,.F.);
#20230=ORIENTED_EDGE('',*,*,#8300,.F.);
#20240=CARTESIAN_POINT('',(-6.323077,26.530602,-40.8224999999999));
#20250=DIRECTION('',(1.,0.,0.));
#20260=VECTOR('',#20250,1.);
#20270=LINE('',#20240,#20260);
#20280=EDGE_CURVE('',#20120,#8210,#20270,.T.);
#20290=ORIENTED_EDGE('',*,*,#20280,.T.);
#20300=EDGE_LOOP('',(#20290,#20230,#20220,#20160));
#20310=FACE_OUTER_BOUND('',#20300,.T.);
#20320=ADVANCED_FACE('',(#20310),#20060,.T.);
#20330=CARTESIAN_POINT('',(-0.773076999999999,31.580602,-24.0725));
#20340=DIRECTION('',(0.707106781186548,0.,0.707106781186547));
#20350=DIRECTION('',(-0.707106781186547,1.25607396694702E-15,
0.707106781186548));
#20360=AXIS2_PLACEMENT_3D('',#20330,#20340,#20350);
#20370=PLANE('',#20360);
#20380=ORIENTED_EDGE('',*,*,#920,.T.);
#20390=CARTESIAN_POINT('',(-1.02307699999999,32.780602,-23.8224999999999
));
#20400=DIRECTION('',(5.55111512312578E-17,1.,0.));
#20410=VECTOR('',#20400,1.);
#20420=LINE('',#20390,#20410);
#20430=EDGE_CURVE('',#830,#9160,#20420,.T.);
#20440=ORIENTED_EDGE('',*,*,#20430,.F.);
#20450=ORIENTED_EDGE('',*,*,#9170,.F.);
#20460=CARTESIAN_POINT('',(-0.523076999999999,31.580602,-24.3225));
#20470=DIRECTION('',(0.,-1.,0.));
#20480=VECTOR('',#20470,1.);
#20490=LINE('',#20460,#20480);
#20500=EDGE_CURVE('',#9080,#910,#20490,.T.);
#20510=ORIENTED_EDGE('',*,*,#20500,.F.);
#20520=EDGE_LOOP('',(#20510,#20450,#20440,#20380));
#20530=FACE_OUTER_BOUND('',#20520,.T.);
#20540=ADVANCED_FACE('',(#20530),#20370,.T.);
#20550=CARTESIAN_POINT('',(-10.523077,19.430602,-46.4324999999999));
#20560=DIRECTION('',(0.,0.,-1.));
#20570=DIRECTION('',(-1.,0.,0.));
#20580=AXIS2_PLACEMENT_3D('',#20550,#20560,#20570);
#20590=PLANE('',#20580);
#20600=CARTESIAN_POINT('',(-6.323077,16.980602,-46.4324999999999));
#20610=DIRECTION('',(1.,-1.2335811384724E-16,0.));
#20620=VECTOR('',#20610,1.);
#20630=LINE('',#20600,#20620);
#20640=CARTESIAN_POINT('',(-9.823077,16.980602,-46.4324999999999));
#20650=VERTEX_POINT('',#20640);
#20660=EDGE_CURVE('',#3790,#20650,#20630,.T.);
#20670=ORIENTED_EDGE('',*,*,#20660,.T.);
#20680=ORIENTED_EDGE('',*,*,#3800,.F.);
#20690=CARTESIAN_POINT('',(-6.323077,26.530602,-46.4324999999999));
#20700=DIRECTION('',(1.,0.,0.));
#20710=VECTOR('',#20700,1.);
#20720=LINE('',#20690,#20710);
#20730=CARTESIAN_POINT('',(-9.823077,26.530602,-46.4324999999999));
#20740=VERTEX_POINT('',#20730);
#20750=EDGE_CURVE('',#3710,#20740,#20720,.T.);
#20760=ORIENTED_EDGE('',*,*,#20750,.F.);
#20770=CARTESIAN_POINT('',(-9.823077,25.880602,-46.4324999999999));
#20780=DIRECTION('',(0.,1.,0.));
#20790=VECTOR('',#20780,1.);
#20800=LINE('',#20770,#20790);
#20810=EDGE_CURVE('',#20650,#20740,#20800,.T.);
#20820=ORIENTED_EDGE('',*,*,#20810,.T.);
#20830=EDGE_LOOP('',(#20820,#20760,#20680,#20670));
#20840=FACE_OUTER_BOUND('',#20830,.T.);
#20850=ADVANCED_FACE('',(#20840),#20590,.F.);
#20860=ORIENTED_EDGE('',*,*,#6130,.T.);
#20870=CARTESIAN_POINT('',(-2.223077,16.980602,-25.1475));
#20880=DIRECTION('',(0.,0.,-1.));
#20890=VECTOR('',#20880,1.);
#20900=LINE('',#20870,#20890);
#20910=CARTESIAN_POINT('',(-2.223077,16.980602,-44.9824999999999));
#20920=VERTEX_POINT('',#20910);
#20930=EDGE_CURVE('',#6060,#20920,#20900,.T.);
#20940=ORIENTED_EDGE('',*,*,#20930,.F.);
#20950=CARTESIAN_POINT('',(-2.223077,25.880602,-44.9824999999999));
#20960=DIRECTION('',(0.,1.,0.));
#20970=VECTOR('',#20960,1.);
#20980=LINE('',#20950,#20970);
#20990=CARTESIAN_POINT('',(-2.223077,26.530602,-44.9824999999999));
#21000=VERTEX_POINT('',#20990);
#21010=EDGE_CURVE('',#20920,#21000,#20980,.T.);
#21020=ORIENTED_EDGE('',*,*,#21010,.F.);
#21030=CARTESIAN_POINT('',(-2.223077,26.530602,-25.1475));
#21040=DIRECTION('',(0.,0.,1.));
#21050=VECTOR('',#21040,1.);
#21060=LINE('',#21030,#21050);
#21070=CARTESIAN_POINT('',(-2.223077,26.530602,-44.1274999999999));
#21080=VERTEX_POINT('',#21070);
#21090=EDGE_CURVE('',#21000,#21080,#21060,.T.);
#21100=ORIENTED_EDGE('',*,*,#21090,.F.);
#21110=CARTESIAN_POINT('',(-2.223077,25.880602,-44.1274999999999));
#21120=DIRECTION('',(0.,1.,0.));
#21130=VECTOR('',#21120,1.);
#21140=LINE('',#21110,#21130);
#21150=CARTESIAN_POINT('',(-2.223077,19.430602,-44.1274999999999));
#21160=VERTEX_POINT('',#21150);
#21170=EDGE_CURVE('',#21160,#21080,#21140,.T.);
#21180=ORIENTED_EDGE('',*,*,#21170,.T.);
#21190=CARTESIAN_POINT('',(-2.223077,19.430602,-25.1475));
#21200=DIRECTION('',(0.,0.,-1.));
#21210=VECTOR('',#21200,1.);
#21220=LINE('',#21190,#21210);
#21230=EDGE_CURVE('',#6300,#21160,#21220,.T.);
#21240=ORIENTED_EDGE('',*,*,#21230,.T.);
#21250=ORIENTED_EDGE('',*,*,#6310,.T.);
#21260=EDGE_CURVE('',#6280,#5880,#21060,.T.);
#21270=ORIENTED_EDGE('',*,*,#21260,.F.);
#21280=EDGE_LOOP('',(#21270,#21250,#21240,#21180,#21100,#21020,#20940,
#20860));
#21290=FACE_OUTER_BOUND('',#21280,.T.);
#21300=ADVANCED_FACE('',(#21290),#4030,.T.);
#21310=CARTESIAN_POINT('',(-9.77307700000001,23.380602,-41.2224999999999
));
#21320=DIRECTION('',(0.707106781186546,-8.72273588157651E-17,
0.707106781186549));
#21330=DIRECTION('',(-0.707106781186549,8.72273588157655E-17,
0.707106781186546));
#21340=AXIS2_PLACEMENT_3D('',#21310,#21320,#21330);
#21350=PLANE('',#21340);
#21360=CARTESIAN_POINT('',(-6.323077,16.980602,-44.6724999999999));
#21370=DIRECTION('',(0.707106781186549,-5.55111512312578E-17,
-0.707106781186546));
#21380=VECTOR('',#21370,1.);
#21390=LINE('',#21360,#21380);
#21400=CARTESIAN_POINT('',(-9.67307700000001,16.980602,-41.3224999999999
));
#21410=VERTEX_POINT('',#21400);
#21420=EDGE_CURVE('',#5660,#21410,#21390,.T.);
#21430=ORIENTED_EDGE('',*,*,#21420,.T.);
#21440=ORIENTED_EDGE('',*,*,#5670,.F.);
#21450=CARTESIAN_POINT('',(-6.323077,26.530602,-44.6724999999999));
#21460=DIRECTION('',(0.707106781186549,0.,-0.707106781186546));
#21470=VECTOR('',#21460,1.);
#21480=LINE('',#21450,#21470);
#21490=CARTESIAN_POINT('',(-9.67307700000001,26.530602,-41.3224999999999
));
#21500=VERTEX_POINT('',#21490);
#21510=EDGE_CURVE('',#5580,#21500,#21480,.T.);
#21520=ORIENTED_EDGE('',*,*,#21510,.F.);
#21530=CARTESIAN_POINT('',(-9.673077,25.880602,-41.3224999999999));
#21540=DIRECTION('',(-1.2335811384724E-16,-1.,0.));
#21550=VECTOR('',#21540,1.);
#21560=LINE('',#21530,#21550);
#21570=EDGE_CURVE('',#21500,#21410,#21560,.T.);
#21580=ORIENTED_EDGE('',*,*,#21570,.F.);
#21590=EDGE_LOOP('',(#21580,#21520,#21440,#21430));
#21600=FACE_OUTER_BOUND('',#21590,.T.);
#21610=ADVANCED_FACE('',(#21600),#21350,.T.);
#21620=CARTESIAN_POINT('',(-11.523077,17.680602,-31.9475));
#21630=DIRECTION('',(-7.17004472731642E-17,-0.581238193719096,
-0.813733471206735));
#21640=DIRECTION('',(1.0038062618243E-16,0.813733471206735,
-0.581238193719096));
#21650=AXIS2_PLACEMENT_3D('',#21620,#21630,#21640);
#21660=PLANE('',#21650);
#21670=CARTESIAN_POINT('',(-6.323077,16.980602,-31.4475));
#21680=DIRECTION('',(1.,-1.2335811384724E-16,0.));
#21690=VECTOR('',#21680,1.);
#21700=LINE('',#21670,#21690);
#21710=CARTESIAN_POINT('',(-11.523077,16.980602,-31.4475));
#21720=VERTEX_POINT('',#21710);
#21730=CARTESIAN_POINT('',(-11.423077,16.980602,-31.4475));
#21740=VERTEX_POINT('',#21730);
#21750=EDGE_CURVE('',#21720,#21740,#21700,.T.);
#21760=ORIENTED_EDGE('',*,*,#21750,.F.);
#21770=CARTESIAN_POINT('',(-11.423077,25.880602,-37.8046428571428));
#21780=DIRECTION('',(8.32667268468868E-17,0.813733471206735,
-0.581238193719096));
#21790=VECTOR('',#21780,1.);
#21800=LINE('',#21770,#21790);
#21810=CARTESIAN_POINT('',(-11.423077,18.030602,-32.1975));
#21820=VERTEX_POINT('',#21810);
#21830=EDGE_CURVE('',#21740,#21820,#21800,.T.);
#21840=ORIENTED_EDGE('',*,*,#21830,.F.);
#21850=CARTESIAN_POINT('',(-6.323077,18.030602,-32.1975));
#21860=DIRECTION('',(1.,-1.2335811384724E-16,0.));
#21870=VECTOR('',#21860,1.);
#21880=LINE('',#21850,#21870);
#21890=CARTESIAN_POINT('',(-11.523077,18.030602,-32.1975));
#21900=VERTEX_POINT('',#21890);
#21910=EDGE_CURVE('',#21900,#21820,#21880,.T.);
#21920=ORIENTED_EDGE('',*,*,#21910,.T.);
#21930=CARTESIAN_POINT('',(-11.523077,25.880602,-37.8046428571428));
#21940=DIRECTION('',(-8.32667268468868E-17,-0.813733471206735,
0.581238193719096));
#21950=VECTOR('',#21940,1.);
#21960=LINE('',#21930,#21950);
#21970=EDGE_CURVE('',#21900,#21720,#21960,.T.);
#21980=ORIENTED_EDGE('',*,*,#21970,.F.);
#21990=EDGE_LOOP('',(#21980,#21920,#21840,#21760));
#22000=FACE_OUTER_BOUND('',#21990,.T.);
#22010=ADVANCED_FACE('',(#22000),#21660,.T.);
#22020=CARTESIAN_POINT('',(-2.223077,25.680602,-31.2475));
#22030=DIRECTION('',(1.,-0.,0.));
#22040=DIRECTION('',(0.,0.,-1.));
#22050=AXIS2_PLACEMENT_3D('',#22020,#22030,#22040);
#22060=PLANE('',#22050);
#22070=CARTESIAN_POINT('',(-2.223077,26.530602,-25.1475));
#22080=DIRECTION('',(0.,0.,-1.));
#22090=VECTOR('',#22080,1.);
#22100=LINE('',#22070,#22090);
#22110=CARTESIAN_POINT('',(-2.223077,26.530602,-37.0125000000001));
#22120=VERTEX_POINT('',#22110);
#22130=EDGE_CURVE('',#18880,#22120,#22100,.T.);
#22140=ORIENTED_EDGE('',*,*,#22130,.T.);
#22150=ORIENTED_EDGE('',*,*,#18890,.F.);
#22160=CARTESIAN_POINT('',(-2.223077,19.430602,-25.1475));
#22170=DIRECTION('',(0.,0.,1.));
#22180=VECTOR('',#22170,1.);
#22190=LINE('',#22160,#22180);
#22200=CARTESIAN_POINT('',(-2.223077,19.430602,-35.5074999999999));
#22210=VERTEX_POINT('',#22200);
#22220=EDGE_CURVE('',#18800,#22210,#22190,.T.);
#22230=ORIENTED_EDGE('',*,*,#22220,.F.);
#22240=CARTESIAN_POINT('',(-2.223077,25.880602,-35.5074999999999));
#22250=DIRECTION('',(0.,1.,0.));
#22260=VECTOR('',#22250,1.);
#22270=LINE('',#22240,#22260);
#22280=CARTESIAN_POINT('',(-2.223077,26.530602,-35.5074999999999));
#22290=VERTEX_POINT('',#22280);
#22300=EDGE_CURVE('',#22210,#22290,#22270,.T.);
#22310=ORIENTED_EDGE('',*,*,#22300,.F.);
#22320=CARTESIAN_POINT('',(-2.223077,26.530602,-34.6525));
#22330=VERTEX_POINT('',#22320);
#22340=EDGE_CURVE('',#22330,#22290,#22100,.T.);
#22350=ORIENTED_EDGE('',*,*,#22340,.T.);
#22360=CARTESIAN_POINT('',(-2.223077,25.880602,-34.6525));
#22370=DIRECTION('',(0.,-1.,0.));
#22380=VECTOR('',#22370,1.);
#22390=LINE('',#22360,#22380);
#22400=CARTESIAN_POINT('',(-2.223077,16.980602,-34.6525));
#22410=VERTEX_POINT('',#22400);
#22420=EDGE_CURVE('',#22330,#22410,#22390,.T.);
#22430=ORIENTED_EDGE('',*,*,#22420,.F.);
#22440=CARTESIAN_POINT('',(-2.223077,16.980602,-25.1475));
#22450=DIRECTION('',(0.,0.,1.));
#22460=VECTOR('',#22450,1.);
#22470=LINE('',#22440,#22460);
#22480=CARTESIAN_POINT('',(-2.223077,16.980602,-37.0125000000001));
#22490=VERTEX_POINT('',#22480);
#22500=EDGE_CURVE('',#22490,#22410,#22470,.T.);
#22510=ORIENTED_EDGE('',*,*,#22500,.T.);
#22520=CARTESIAN_POINT('',(-2.223077,25.880602,-37.0125000000001));
#22530=DIRECTION('',(0.,1.,0.));
#22540=VECTOR('',#22530,1.);
#22550=LINE('',#22520,#22540);
#22560=EDGE_CURVE('',#22490,#22120,#22550,.T.);
#22570=ORIENTED_EDGE('',*,*,#22560,.F.);
#22580=EDGE_LOOP('',(#22570,#22510,#22430,#22350,#22310,#22230,#22150,
#22140));
#22590=FACE_OUTER_BOUND('',#22580,.T.);
#22600=ADVANCED_FACE('',(#22590),#22060,.F.);
#22610=CARTESIAN_POINT('',(-9.973077,19.430602,-47.9374999999999));
#22620=DIRECTION('',(0.,0.,-1.));
#22630=DIRECTION('',(-1.,0.,0.));
#22640=AXIS2_PLACEMENT_3D('',#22610,#22620,#22630);
#22650=PLANE('',#22640);
#22660=ORIENTED_EDGE('',*,*,#4120,.F.);
#22670=CARTESIAN_POINT('',(-6.323077,26.530602,-47.9374999999999));
#22680=DIRECTION('',(-1.,0.,0.));
#22690=VECTOR('',#22680,1.);
#22700=LINE('',#22670,#22690);
#22710=CARTESIAN_POINT('',(-9.823077,26.530602,-47.9374999999999));
#22720=VERTEX_POINT('',#22710);
#22730=EDGE_CURVE('',#4110,#22720,#22700,.T.);
#22740=ORIENTED_EDGE('',*,*,#22730,.F.);
#22750=CARTESIAN_POINT('',(-9.823077,25.880602,-47.9374999999999));
#22760=DIRECTION('',(0.,1.,0.));
#22770=VECTOR('',#22760,1.);
#22780=LINE('',#22750,#22770);
#22790=CARTESIAN_POINT('',(-9.823077,19.430602,-47.9374999999999));
#22800=VERTEX_POINT('',#22790);
#22810=EDGE_CURVE('',#22800,#22720,#22780,.T.);
#22820=ORIENTED_EDGE('',*,*,#22810,.T.);
#22830=CARTESIAN_POINT('',(-6.323077,19.430602,-47.9374999999999));
#22840=DIRECTION('',(1.,0.,0.));
#22850=VECTOR('',#22840,1.);
#22860=LINE('',#22830,#22850);
#22870=EDGE_CURVE('',#22800,#4090,#22860,.T.);
#22880=ORIENTED_EDGE('',*,*,#22870,.F.);
#22890=EDGE_LOOP('',(#22880,#22820,#22740,#22660));
#22900=FACE_OUTER_BOUND('',#22890,.T.);
#22910=ADVANCED_FACE('',(#22900),#22650,.T.);
#22920=CARTESIAN_POINT('',(-6.723077,25.880602,-26.3975));
#22930=DIRECTION('',(0.,0.,1.));
#22940=DIRECTION('',(1.,0.,0.));
#22950=AXIS2_PLACEMENT_3D('',#22920,#22930,#22940);
#22960=PLANE('',#22950);
#22970=ORIENTED_EDGE('',*,*,#7580,.F.);
#22980=CARTESIAN_POINT('',(-6.023077,16.980602,-26.3975));
#22990=DIRECTION('',(-1.,1.2335811384724E-16,0.));
#23000=VECTOR('',#22990,1.);
#23010=LINE('',#22980,#23000);
#23020=CARTESIAN_POINT('',(-10.523077,16.980602,-26.3975));
#23030=VERTEX_POINT('',#23020);
#23040=EDGE_CURVE('',#7510,#23030,#23010,.T.);
#23050=ORIENTED_EDGE('',*,*,#23040,.F.);
#23060=CARTESIAN_POINT('',(-10.523077,25.880602,-26.3975));
#23070=DIRECTION('',(-1.2335811384724E-16,-1.,0.));
#23080=VECTOR('',#23070,1.);
#23090=LINE('',#23060,#23080);
#23100=EDGE_CURVE('',#220,#23030,#23090,.T.);
#23110=ORIENTED_EDGE('',*,*,#23100,.T.);
#23120=ORIENTED_EDGE('',*,*,#230,.T.);
#23130=EDGE_LOOP('',(#23120,#23110,#23050,#22970));
#23140=FACE_OUTER_BOUND('',#23130,.T.);
#23150=ADVANCED_FACE('',(#23140),#22960,.T.);
#23160=CARTESIAN_POINT('',(-6.023077,19.430602,-34.17));
#23170=DIRECTION('',(0.,-1.,0.));
#23180=DIRECTION('',(0.,0.,1.));
#23190=AXIS2_PLACEMENT_3D('',#23160,#23170,#23180);
#23200=PLANE('',#23190);
#23210=ORIENTED_EDGE('',*,*,#1840,.F.);
#23220=CARTESIAN_POINT('',(-6.323077,19.430602,-35.5074999999999));
#23230=DIRECTION('',(-1.,0.,0.));
#23240=VECTOR('',#23230,1.);
#23250=LINE('',#23220,#23240);
#23260=EDGE_CURVE('',#22210,#1730,#23250,.T.);
#23270=ORIENTED_EDGE('',*,*,#23260,.T.);
#23280=ORIENTED_EDGE('',*,*,#22220,.T.);
#23290=ORIENTED_EDGE('',*,*,#18810,.T.);
#23300=EDGE_LOOP('',(#23290,#23280,#23270,#23210));
#23310=FACE_OUTER_BOUND('',#23300,.T.);
#23320=ADVANCED_FACE('',(#23310),#23200,.T.);
#23330=CARTESIAN_POINT('',(-1.373077,26.530602,-37.0125000000001));
#23340=DIRECTION('',(1.,-0.,0.));
#23350=DIRECTION('',(0.,0.,-1.));
#23360=AXIS2_PLACEMENT_3D('',#23330,#23340,#23350);
#23370=PLANE('',#23360);
#23380=CARTESIAN_POINT('',(-1.373077,26.530602,-25.1475));
#23390=DIRECTION('',(0.,0.,1.));
#23400=VECTOR('',#23390,1.);
#23410=LINE('',#23380,#23400);
#23420=CARTESIAN_POINT('',(-1.373077,26.530602,-38.8125000000002));
#23430=VERTEX_POINT('',#23420);
#23440=CARTESIAN_POINT('',(-1.373077,26.530602,-37.0125000000001));
#23450=VERTEX_POINT('',#23440);
#23460=EDGE_CURVE('',#23430,#23450,#23410,.T.);
#23470=ORIENTED_EDGE('',*,*,#23460,.F.);
#23480=CARTESIAN_POINT('',(-1.373077,19.880602,-37.0125000000001));
#23490=DIRECTION('',(0.,-1.,0.));
#23500=VECTOR('',#23490,1.);
#23510=LINE('',#23480,#23500);
#23520=CARTESIAN_POINT('',(-1.373077,16.980602,-37.0125000000001));
#23530=VERTEX_POINT('',#23520);
#23540=EDGE_CURVE('',#23450,#23530,#23510,.T.);
#23550=ORIENTED_EDGE('',*,*,#23540,.F.);
#23560=CARTESIAN_POINT('',(-1.373077,16.980602,-25.1475));
#23570=DIRECTION('',(0.,0.,1.));
#23580=VECTOR('',#23570,1.);
#23590=LINE('',#23560,#23580);
#23600=CARTESIAN_POINT('',(-1.373077,16.980602,-38.8125000000002));
#23610=VERTEX_POINT('',#23600);
#23620=EDGE_CURVE('',#23610,#23530,#23590,.T.);
#23630=ORIENTED_EDGE('',*,*,#23620,.T.);
#23640=CARTESIAN_POINT('',(-1.373077,19.880602,-38.8125000000002));
#23650=DIRECTION('',(0.,-1.,0.));
#23660=VECTOR('',#23650,1.);
#23670=LINE('',#23640,#23660);
#23680=EDGE_CURVE('',#23430,#23610,#23670,.T.);
#23690=ORIENTED_EDGE('',*,*,#23680,.T.);
#23700=EDGE_LOOP('',(#23690,#23630,#23550,#23470));
#23710=FACE_OUTER_BOUND('',#23700,.T.);
#23720=ADVANCED_FACE('',(#23710),#23370,.F.);
#23730=CARTESIAN_POINT('',(-10.023077,35.9706044,-23.8224999999999));
#23740=DIRECTION('',(0.,0.,1.));
#23750=DIRECTION('',(1.,0.,0.));
#23760=AXIS2_PLACEMENT_3D('',#23730,#23740,#23750);
#23770=PLANE('',#23760);
#23780=CARTESIAN_POINT('',(-4.42307699999999,25.880602,-23.8224999999999
));
#23790=DIRECTION('',(5.55111512312578E-17,1.,0.));
#23800=VECTOR('',#23790,1.);
#23810=LINE('',#23780,#23800);
#23820=EDGE_CURVE('',#550,#9480,#23810,.T.);
#23830=ORIENTED_EDGE('',*,*,#23820,.T.);
#23840=ORIENTED_EDGE('',*,*,#560,.F.);
#23850=CARTESIAN_POINT('',(-9.523077,31.580602,-23.8224999999999));
#23860=DIRECTION('',(1.2335811384724E-16,-1.,0.));
#23870=VECTOR('',#23860,1.);
#23880=LINE('',#23850,#23870);
#23890=EDGE_CURVE('',#9560,#470,#23880,.T.);
#23900=ORIENTED_EDGE('',*,*,#23890,.T.);
#23910=ORIENTED_EDGE('',*,*,#9570,.T.);
#23920=EDGE_LOOP('',(#23910,#23900,#23840,#23830));
#23930=FACE_OUTER_BOUND('',#23920,.T.);
#23940=ADVANCED_FACE('',(#23930),#23770,.T.);
#23950=CARTESIAN_POINT('',(-1.42307699999999,32.780602,-24.0225));
#23960=DIRECTION('',(-1.,5.55111512312578E-17,0.));
#23970=DIRECTION('',(0.,0.,-1.));
#23980=AXIS2_PLACEMENT_3D('',#23950,#23960,#23970);
#23990=PLANE('',#23980);
#24000=ORIENTED_EDGE('',*,*,#9330,.T.);
#24010=CARTESIAN_POINT('',(-1.42307699999999,25.880602,-23.8224999999999
));
#24020=DIRECTION('',(-5.55111512312578E-17,-1.,0.));
#24030=VECTOR('',#24020,1.);
#24040=LINE('',#24010,#24030);
#24050=EDGE_CURVE('',#9240,#790,#24040,.T.);
#24060=ORIENTED_EDGE('',*,*,#24050,.F.);
#24070=ORIENTED_EDGE('',*,*,#800,.F.);
#24080=CARTESIAN_POINT('',(-1.42307699999999,25.880602,-24.0225));
#24090=DIRECTION('',(-5.55111512312578E-17,-1.,0.));
#24100=VECTOR('',#24090,1.);
#24110=LINE('',#24080,#24100);
#24120=EDGE_CURVE('',#9320,#710,#24110,.T.);
#24130=ORIENTED_EDGE('',*,*,#24120,.T.);
#24140=EDGE_LOOP('',(#24130,#24070,#24060,#24000));
#24150=FACE_OUTER_BOUND('',#24140,.T.);
#24160=ADVANCED_FACE('',(#24150),#23990,.T.);
#24170=CARTESIAN_POINT('',(-10.523077,31.480602,-24.8225));
#24180=DIRECTION('',(-0.707106781186547,8.72273588157653E-17,
0.707106781186548));
#24190=DIRECTION('',(0.707106781186548,0.,0.707106781186547));
#24200=AXIS2_PLACEMENT_3D('',#24170,#24180,#24190);
#24210=PLANE('',#24200);
#24220=ORIENTED_EDGE('',*,*,#9650,.F.);
#24230=ORIENTED_EDGE('',*,*,#23890,.F.);
#24240=ORIENTED_EDGE('',*,*,#480,.T.);
#24250=CARTESIAN_POINT('',(-11.523077,31.580602,-25.8224999999999));
#24260=DIRECTION('',(1.2335811384724E-16,-1.,0.));
#24270=VECTOR('',#24260,1.);
#24280=LINE('',#24250,#24270);
#24290=EDGE_CURVE('',#9640,#390,#24280,.T.);
#24300=ORIENTED_EDGE('',*,*,#24290,.T.);
#24310=EDGE_LOOP('',(#24300,#24240,#24230,#24220));
#24320=FACE_OUTER_BOUND('',#24310,.T.);
#24330=ADVANCED_FACE('',(#24320),#24210,.T.);
#24340=CARTESIAN_POINT('',(-10.523077,25.880602,-27.3975));
#24350=DIRECTION('',(1.2335811384724E-16,1.,0.));
#24360=DIRECTION('',(1.,-1.2335811384724E-16,0.));
#24370=AXIS2_PLACEMENT_3D('',#24340,#24350,#24360);
#24380=CYLINDRICAL_SURFACE('',#24370,1.);
#24390=ORIENTED_EDGE('',*,*,#320,.F.);
#24400=ORIENTED_EDGE('',*,*,#23100,.F.);
#24410=CARTESIAN_POINT('',(-10.523077,16.980602,-27.3975));
#24420=DIRECTION('',(1.2335811384724E-16,1.,0.));
#24430=DIRECTION('',(1.,-1.2335811384724E-16,0.));
#24440=AXIS2_PLACEMENT_3D('',#24410,#24420,#24430);
#24450=CIRCLE('',#24440,1.);
#24460=CARTESIAN_POINT('',(-11.523077,16.980602,-27.3975));
#24470=VERTEX_POINT('',#24460);
#24480=EDGE_CURVE('',#24470,#23030,#24450,.T.);
#24490=ORIENTED_EDGE('',*,*,#24480,.T.);
#24500=CARTESIAN_POINT('',(-11.523077,25.880602,-27.3975));
#24510=DIRECTION('',(1.2335811384724E-16,1.,0.));
#24520=VECTOR('',#24510,1.);
#24530=LINE('',#24500,#24520);
#24540=EDGE_CURVE('',#24470,#310,#24530,.T.);
#24550=ORIENTED_EDGE('',*,*,#24540,.F.);
#24560=EDGE_LOOP('',(#24550,#24490,#24400,#24390));
#24570=FACE_OUTER_BOUND('',#24560,.T.);
#24580=ADVANCED_FACE('',(#24570),#24380,.T.);
#24590=CARTESIAN_POINT('',(-6.02307699999999,34.480602,-53.425));
#24600=DIRECTION('',(5.55111512312578E-17,1.,-0.));
#24610=DIRECTION('',(0.,0.,1.));
#24620=AXIS2_PLACEMENT_3D('',#24590,#24600,#24610);
#24630=PLANE('',#24620);
#24640=CARTESIAN_POINT('',(-2.02307699999999,34.480602,-52.1375));
#24650=DIRECTION('',(5.55111512312578E-17,1.,0.));
#24660=DIRECTION('',(0.,0.,1.));
#24670=AXIS2_PLACEMENT_3D('',#24640,#24650,#24660);
#24680=CIRCLE('',#24670,0.75);
#24690=CARTESIAN_POINT('',(-2.02307699999999,34.480602,-51.3875));
#24700=VERTEX_POINT('',#24690);
#24710=CARTESIAN_POINT('',(-2.02307699999999,34.480602,-52.8875));
#24720=VERTEX_POINT('',#24710);
#24730=EDGE_CURVE('',#24700,#24720,#24680,.T.);
#24740=ORIENTED_EDGE('',*,*,#24730,.T.);
#24750=EDGE_CURVE('',#24720,#24700,#24680,.T.);
#24760=ORIENTED_EDGE('',*,*,#24750,.T.);
#24770=EDGE_LOOP('',(#24760,#24740));
#24780=FACE_OUTER_BOUND('',#24770,.T.);
#24790=ADVANCED_FACE('',(#24780),#24630,.T.);
#24800=CARTESIAN_POINT('',(-9.823077,25.880602,-44.6324999999999));
#24810=DIRECTION('',(0.,1.,0.));
#24820=VECTOR('',#24810,1.);
#24830=LINE('',#24800,#24820);
#24840=CARTESIAN_POINT('',(-9.823077,16.980602,-44.6324999999999));
#24850=VERTEX_POINT('',#24840);
#24860=CARTESIAN_POINT('',(-9.823077,26.530602,-44.6324999999999));
#24870=VERTEX_POINT('',#24860);
#24880=EDGE_CURVE('',#24850,#24870,#24830,.T.);
#24890=ORIENTED_EDGE('',*,*,#24880,.T.);
#24900=CARTESIAN_POINT('',(-9.823077,16.980602,-25.1475));
#24910=DIRECTION('',(0.,0.,1.));
#24920=VECTOR('',#24910,1.);
#24930=LINE('',#24900,#24920);
#24940=EDGE_CURVE('',#24850,#6860,#24930,.T.);
#24950=ORIENTED_EDGE('',*,*,#24940,.F.);
#24960=ORIENTED_EDGE('',*,*,#6870,.F.);
#24970=CARTESIAN_POINT('',(-9.823077,26.530602,-25.1475));
#24980=DIRECTION('',(0.,0.,-1.));
#24990=VECTOR('',#24980,1.);
#25000=LINE('',#24970,#24990);
#25010=EDGE_CURVE('',#6780,#6460,#25000,.T.);
#25020=ORIENTED_EDGE('',*,*,#25010,.F.);
#25030=ORIENTED_EDGE('',*,*,#6470,.T.);
#25040=CARTESIAN_POINT('',(-9.823077,19.430602,-25.1475));
#25050=DIRECTION('',(0.,0.,1.));
#25060=VECTOR('',#25050,1.);
#25070=LINE('',#25040,#25060);
#25080=CARTESIAN_POINT('',(-9.823077,19.430602,-44.1274999999999));
#25090=VERTEX_POINT('',#25080);
#25100=EDGE_CURVE('',#25090,#6380,#25070,.T.);
#25110=ORIENTED_EDGE('',*,*,#25100,.T.);
#25120=CARTESIAN_POINT('',(-9.823077,25.880602,-44.1274999999999));
#25130=DIRECTION('',(0.,-1.,0.));
#25140=VECTOR('',#25130,1.);
#25150=LINE('',#25120,#25140);
#25160=CARTESIAN_POINT('',(-9.823077,26.530602,-44.1274999999999));
#25170=VERTEX_POINT('',#25160);
#25180=EDGE_CURVE('',#25170,#25090,#25150,.T.);
#25190=ORIENTED_EDGE('',*,*,#25180,.T.);
#25200=EDGE_CURVE('',#25170,#24870,#25000,.T.);
#25210=ORIENTED_EDGE('',*,*,#25200,.F.);
#25220=EDGE_LOOP('',(#25210,#25190,#25110,#25030,#25020,#24960,#24950,
#24890));
#25230=FACE_OUTER_BOUND('',#25220,.T.);
#25240=ADVANCED_FACE('',(#25230),#1670,.T.);
#25250=CARTESIAN_POINT('',(-2.123077,25.680602,-27.3975));
#25260=DIRECTION('',(0.,0.,1.));
#25270=DIRECTION('',(1.,0.,0.));
#25280=AXIS2_PLACEMENT_3D('',#25250,#25260,#25270);
#25290=PLANE('',#25280);
#25300=CARTESIAN_POINT('',(-7.723077,25.880602,-27.3975));
#25310=DIRECTION('',(0.,1.,0.));
#25320=VECTOR('',#25310,1.);
#25330=LINE('',#25300,#25320);
#25340=CARTESIAN_POINT('',(-7.723077,16.980602,-27.3975));
#25350=VERTEX_POINT('',#25340);
#25360=CARTESIAN_POINT('',(-7.723077,27.780602,-27.3975));
#25370=VERTEX_POINT('',#25360);
#25380=EDGE_CURVE('',#25350,#25370,#25330,.T.);
#25390=ORIENTED_EDGE('',*,*,#25380,.F.);
#25400=CARTESIAN_POINT('',(-6.023077,27.780602,-27.3975));
#25410=DIRECTION('',(-1.,0.,0.));
#25420=VECTOR('',#25410,1.);
#25430=LINE('',#25400,#25420);
#25440=CARTESIAN_POINT('',(-10.673077,27.780602,-27.3975));
#25450=VERTEX_POINT('',#25440);
#25460=EDGE_CURVE('',#25370,#25450,#25430,.T.);
#25470=ORIENTED_EDGE('',*,*,#25460,.F.);
#25480=CARTESIAN_POINT('',(-10.673077,25.880602,-27.3975));
#25490=DIRECTION('',(0.,1.,0.));
#25500=VECTOR('',#25490,1.);
#25510=LINE('',#25480,#25500);
#25520=CARTESIAN_POINT('',(-10.673077,16.980602,-27.3975));
#25530=VERTEX_POINT('',#25520);
#25540=EDGE_CURVE('',#25530,#25450,#25510,.T.);
#25550=ORIENTED_EDGE('',*,*,#25540,.T.);
#25560=CARTESIAN_POINT('',(-6.323077,16.980602,-27.3975));
#25570=DIRECTION('',(1.,-1.2335811384724E-16,0.));
#25580=VECTOR('',#25570,1.);
#25590=LINE('',#25560,#25580);
#25600=EDGE_CURVE('',#25530,#25350,#25590,.T.);
#25610=ORIENTED_EDGE('',*,*,#25600,.F.);
#25620=EDGE_LOOP('',(#25610,#25550,#25470,#25390));
#25630=FACE_OUTER_BOUND('',#25620,.T.);
#25640=ADVANCED_FACE('',(#25630),#25290,.F.);
#25650=CARTESIAN_POINT('',(-6.023077,19.430602,-30.36));
#25660=DIRECTION('',(0.,-1.,0.));
#25670=DIRECTION('',(0.,0.,1.));
#25680=AXIS2_PLACEMENT_3D('',#25650,#25660,#25670);
#25690=PLANE('',#25680);
#25700=CARTESIAN_POINT('',(-2.223077,19.430602,-25.1475));
#25710=DIRECTION('',(0.,0.,1.));
#25720=VECTOR('',#25710,1.);
#25730=LINE('',#25700,#25720);
#25740=CARTESIAN_POINT('',(-2.223077,19.430602,-32.6974999999999));
#25750=VERTEX_POINT('',#25740);
#25760=CARTESIAN_POINT('',(-2.223077,19.430602,-31.6974999999999));
#25770=VERTEX_POINT('',#25760);
#25780=EDGE_CURVE('',#25750,#25770,#25730,.T.);
#25790=ORIENTED_EDGE('',*,*,#25780,.T.);
#25800=CARTESIAN_POINT('',(-6.323077,19.430602,-32.6974999999999));
#25810=DIRECTION('',(1.,0.,0.));
#25820=VECTOR('',#25810,1.);
#25830=LINE('',#25800,#25820);
#25840=CARTESIAN_POINT('',(-9.823077,19.430602,-32.6974999999999));
#25850=VERTEX_POINT('',#25840);
#25860=EDGE_CURVE('',#25850,#25750,#25830,.T.);
#25870=ORIENTED_EDGE('',*,*,#25860,.T.);
#25880=CARTESIAN_POINT('',(-9.823077,19.430602,-25.1475));
#25890=DIRECTION('',(0.,0.,1.));
#25900=VECTOR('',#25890,1.);
#25910=LINE('',#25880,#25900);
#25920=CARTESIAN_POINT('',(-9.823077,19.430602,-31.6974999999999));
#25930=VERTEX_POINT('',#25920);
#25940=EDGE_CURVE('',#25850,#25930,#25910,.T.);
#25950=ORIENTED_EDGE('',*,*,#25940,.F.);
#25960=CARTESIAN_POINT('',(-6.323077,19.430602,-31.6974999999999));
#25970=DIRECTION('',(-1.,0.,0.));
#25980=VECTOR('',#25970,1.);
#25990=LINE('',#25960,#25980);
#26000=EDGE_CURVE('',#25770,#25930,#25990,.T.);
#26010=ORIENTED_EDGE('',*,*,#26000,.T.);
#26020=EDGE_LOOP('',(#26010,#25950,#25870,#25790));
#26030=FACE_OUTER_BOUND('',#26020,.T.);
#26040=ADVANCED_FACE('',(#26030),#25690,.T.);
#26050=CARTESIAN_POINT('',(-9.823077,25.880602,-31.6974999999999));
#26060=DIRECTION('',(0.,1.,0.));
#26070=VECTOR('',#26060,1.);
#26080=LINE('',#26050,#26070);
#26090=CARTESIAN_POINT('',(-9.823077,26.530602,-31.6974999999999));
#26100=VERTEX_POINT('',#26090);
#26110=EDGE_CURVE('',#25930,#26100,#26080,.T.);
#26120=ORIENTED_EDGE('',*,*,#26110,.T.);
#26130=ORIENTED_EDGE('',*,*,#25940,.T.);
#26140=CARTESIAN_POINT('',(-9.823077,25.880602,-32.6974999999999));
#26150=DIRECTION('',(0.,-1.,0.));
#26160=VECTOR('',#26150,1.);
#26170=LINE('',#26140,#26160);
#26180=CARTESIAN_POINT('',(-9.823077,26.530602,-32.6974999999999));
#26190=VERTEX_POINT('',#26180);
#26200=EDGE_CURVE('',#26190,#25850,#26170,.T.);
#26210=ORIENTED_EDGE('',*,*,#26200,.T.);
#26220=CARTESIAN_POINT('',(-9.823077,26.530602,-25.1475));
#26230=DIRECTION('',(0.,0.,-1.));
#26240=VECTOR('',#26230,1.);
#26250=LINE('',#26220,#26240);
#26260=CARTESIAN_POINT('',(-9.823077,26.530602,-33.2025));
#26270=VERTEX_POINT('',#26260);
#26280=EDGE_CURVE('',#26190,#26270,#26250,.T.);
#26290=ORIENTED_EDGE('',*,*,#26280,.F.);
#26300=CARTESIAN_POINT('',(-9.823077,25.880602,-33.2025));
#26310=DIRECTION('',(0.,-1.,0.));
#26320=VECTOR('',#26310,1.);
#26330=LINE('',#26300,#26320);
#26340=CARTESIAN_POINT('',(-9.823077,16.980602,-33.2025));
#26350=VERTEX_POINT('',#26340);
#26360=EDGE_CURVE('',#26270,#26350,#26330,.T.);
#26370=ORIENTED_EDGE('',*,*,#26360,.F.);
#26380=CARTESIAN_POINT('',(-9.823077,16.980602,-25.1475));
#26390=DIRECTION('',(0.,0.,1.));
#26400=VECTOR('',#26390,1.);
#26410=LINE('',#26380,#26400);
#26420=EDGE_CURVE('',#26350,#2890,#26410,.T.);
#26430=ORIENTED_EDGE('',*,*,#26420,.F.);
#26440=ORIENTED_EDGE('',*,*,#2920,.F.);
#26450=CARTESIAN_POINT('',(-9.823077,25.880602,-30.1493518518519));
#26460=DIRECTION('',(0.,0.983282004984449,0.182089260182367));
#26470=VECTOR('',#26460,1.);
#26480=LINE('',#26450,#26470);
#26490=CARTESIAN_POINT('',(-9.823077,26.530602,-30.0289814814814));
#26500=VERTEX_POINT('',#26490);
#26510=EDGE_CURVE('',#2910,#26500,#26480,.T.);
#26520=ORIENTED_EDGE('',*,*,#26510,.F.);
#26530=EDGE_CURVE('',#26500,#26100,#26250,.T.);
#26540=ORIENTED_EDGE('',*,*,#26530,.F.);
#26550=EDGE_LOOP('',(#26540,#26520,#26440,#26430,#26370,#26290,#26210,
#26130,#26120));
#26560=FACE_OUTER_BOUND('',#26550,.T.);
#26570=ADVANCED_FACE('',(#26560),#1670,.T.);
#26580=CARTESIAN_POINT('',(-3.52307700000001,26.530602,-40.3174999999999
));
#26590=DIRECTION('',(0.,0.,-1.));
#26600=DIRECTION('',(-1.,0.,0.));
#26610=AXIS2_PLACEMENT_3D('',#26580,#26590,#26600);
#26620=PLANE('',#26610);
#26630=ORIENTED_EDGE('',*,*,#5550,.F.);
#26640=CARTESIAN_POINT('',(-6.323077,19.430602,-40.3174999999999));
#26650=DIRECTION('',(1.,0.,0.));
#26660=VECTOR('',#26650,1.);
#26670=LINE('',#26640,#26660);
#26680=CARTESIAN_POINT('',(-2.223077,19.430602,-40.3174999999999));
#26690=VERTEX_POINT('',#26680);
#26700=EDGE_CURVE('',#5460,#26690,#26670,.T.);
#26710=ORIENTED_EDGE('',*,*,#26700,.F.);
#26720=CARTESIAN_POINT('',(-2.223077,25.880602,-40.3174999999999));
#26730=DIRECTION('',(0.,-1.,0.));
#26740=VECTOR('',#26730,1.);
#26750=LINE('',#26720,#26740);
#26760=CARTESIAN_POINT('',(-2.223077,26.530602,-40.3174999999999));
#26770=VERTEX_POINT('',#26760);
#26780=EDGE_CURVE('',#26770,#26690,#26750,.T.);
#26790=ORIENTED_EDGE('',*,*,#26780,.T.);
#26800=CARTESIAN_POINT('',(-6.323077,26.530602,-40.3174999999999));
#26810=DIRECTION('',(-1.,0.,0.));
#26820=VECTOR('',#26810,1.);
#26830=LINE('',#26800,#26820);
#26840=EDGE_CURVE('',#26770,#5540,#26830,.T.);
#26850=ORIENTED_EDGE('',*,*,#26840,.F.);
#26860=EDGE_LOOP('',(#26850,#26790,#26710,#26630));
#26870=FACE_OUTER_BOUND('',#26860,.T.);
#26880=ADVANCED_FACE('',(#26870),#26620,.T.);
#26890=CARTESIAN_POINT('',(-11.523077,16.980602,-32.9475));
#26900=DIRECTION('',(-7.17004472731642E-17,-0.581238193719096,
0.813733471206735));
#26910=DIRECTION('',(-1.0038062618243E-16,-0.813733471206735,
-0.581238193719096));
#26920=AXIS2_PLACEMENT_3D('',#26890,#26900,#26910);
#26930=PLANE('',#26920);
#26940=ORIENTED_EDGE('',*,*,#21910,.F.);
#26950=CARTESIAN_POINT('',(-11.423077,25.880602,-26.5903571428571));
#26960=DIRECTION('',(-8.32667268468868E-17,-0.813733471206735,
-0.581238193719096));
#26970=VECTOR('',#26960,1.);
#26980=LINE('',#26950,#26970);
#26990=CARTESIAN_POINT('',(-11.423077,16.980602,-32.9475));
#27000=VERTEX_POINT('',#26990);
#27010=EDGE_CURVE('',#21820,#27000,#26980,.T.);
#27020=ORIENTED_EDGE('',*,*,#27010,.F.);
#27030=CARTESIAN_POINT('',(-6.323077,16.980602,-32.9475));
#27040=DIRECTION('',(-1.,1.2335811384724E-16,0.));
#27050=VECTOR('',#27040,1.);
#27060=LINE('',#27030,#27050);
#27070=CARTESIAN_POINT('',(-11.523077,16.980602,-32.9475));
#27080=VERTEX_POINT('',#27070);
#27090=EDGE_CURVE('',#27000,#27080,#27060,.T.);
#27100=ORIENTED_EDGE('',*,*,#27090,.F.);
#27110=CARTESIAN_POINT('',(-11.523077,25.880602,-26.5903571428571));
#27120=DIRECTION('',(8.32667268468868E-17,0.813733471206735,
0.581238193719096));
#27130=VECTOR('',#27120,1.);
#27140=LINE('',#27110,#27130);
#27150=EDGE_CURVE('',#27080,#21900,#27140,.T.);
#27160=ORIENTED_EDGE('',*,*,#27150,.F.);
#27170=EDGE_LOOP('',(#27160,#27100,#27020,#26940));
#27180=FACE_OUTER_BOUND('',#27170,.T.);
#27190=ADVANCED_FACE('',(#27180),#26930,.T.);
#27200=CARTESIAN_POINT('',(-5.373077,29.880602,-55.75));
#27210=DIRECTION('',(0.,-1.,0.));
#27220=DIRECTION('',(0.,0.,-1.));
#27230=AXIS2_PLACEMENT_3D('',#27200,#27210,#27220);
#27240=PLANE('',#27230);
#27250=CARTESIAN_POINT('',(29.641923,29.880602,-25.1475));
#27260=DIRECTION('',(-0.707106781186548,0.,-0.707106781186548));
#27270=VECTOR('',#27260,1.);
#27280=LINE('',#27250,#27270);
#27290=CARTESIAN_POINT('',(-0.523076999999999,29.880602,-55.3125));
#27300=VERTEX_POINT('',#27290);
#27310=EDGE_CURVE('',#27300,#7180,#27280,.T.);
#27320=ORIENTED_EDGE('',*,*,#27310,.F.);
#27330=ORIENTED_EDGE('',*,*,#7190,.F.);
#27340=CARTESIAN_POINT('',(-40.188077,29.880602,-25.1475));
#27350=DIRECTION('',(-0.707106781186548,0.,0.707106781186548));
#27360=VECTOR('',#27350,1.);
#27370=LINE('',#27340,#27360);
#27380=CARTESIAN_POINT('',(-11.523077,29.880602,-53.8125));
#27390=VERTEX_POINT('',#27380);
#27400=EDGE_CURVE('',#7080,#27390,#27370,.T.);
#27410=ORIENTED_EDGE('',*,*,#27400,.F.);
#27420=CARTESIAN_POINT('',(-11.523077,29.880602,-25.1475));
#27430=DIRECTION('',(0.,0.,-1.));
#27440=VECTOR('',#27430,1.);
#27450=LINE('',#27420,#27440);
#27460=CARTESIAN_POINT('',(-11.523077,29.880602,-52.2375));
#27470=VERTEX_POINT('',#27460);
#27480=EDGE_CURVE('',#27470,#27390,#27450,.T.);
#27490=ORIENTED_EDGE('',*,*,#27480,.T.);
#27500=CARTESIAN_POINT('',(-10.523077,29.880602,-52.2375));
#27510=DIRECTION('',(1.2335811384724E-16,1.,0.));
#27520=DIRECTION('',(1.,-1.2335811384724E-16,0.));
#27530=AXIS2_PLACEMENT_3D('',#27500,#27510,#27520);
#27540=CIRCLE('',#27530,1.);
#27550=CARTESIAN_POINT('',(-10.523077,29.880602,-53.2375));
#27560=VERTEX_POINT('',#27550);
#27570=EDGE_CURVE('',#27560,#27470,#27540,.T.);
#27580=ORIENTED_EDGE('',*,*,#27570,.T.);
#27590=CARTESIAN_POINT('',(-6.323077,29.880602,-53.2375));
#27600=DIRECTION('',(1.,0.,0.));
#27610=VECTOR('',#27600,1.);
#27620=LINE('',#27590,#27610);
#27630=CARTESIAN_POINT('',(-1.523077,29.880602,-53.2375));
#27640=VERTEX_POINT('',#27630);
#27650=EDGE_CURVE('',#27560,#27640,#27620,.T.);
#27660=ORIENTED_EDGE('',*,*,#27650,.F.);
#27670=CARTESIAN_POINT('',(-1.523077,29.880602,-52.2375));
#27680=DIRECTION('',(0.,-1.,0.));
#27690=DIRECTION('',(-1.,0.,0.));
#27700=AXIS2_PLACEMENT_3D('',#27670,#27680,#27690);
#27710=CIRCLE('',#27700,1.);
#27720=CARTESIAN_POINT('',(-0.523076999999999,29.880602,-52.2375));
#27730=VERTEX_POINT('',#27720);
#27740=EDGE_CURVE('',#27640,#27730,#27710,.T.);
#27750=ORIENTED_EDGE('',*,*,#27740,.F.);
#27760=CARTESIAN_POINT('',(-0.523076999999999,29.880602,-25.1475));
#27770=DIRECTION('',(0.,0.,1.));
#27780=VECTOR('',#27770,1.);
#27790=LINE('',#27760,#27780);
#27800=EDGE_CURVE('',#27300,#27730,#27790,.T.);
#27810=ORIENTED_EDGE('',*,*,#27800,.T.);
#27820=EDGE_LOOP('',(#27810,#27750,#27660,#27580,#27490,#27410,#27330,
#27320));
#27830=FACE_OUTER_BOUND('',#27820,.T.);
#27840=CARTESIAN_POINT('',(-6.773077,29.880602,-25.1475));
#27850=DIRECTION('',(0.,0.,1.));
#27860=VECTOR('',#27850,1.);
#27870=LINE('',#27840,#27860);
#27880=CARTESIAN_POINT('',(-6.773077,29.880602,-54.8875));
#27890=VERTEX_POINT('',#27880);
#27900=CARTESIAN_POINT('',(-6.773077,29.880602,-54.3875));
#27910=VERTEX_POINT('',#27900);
#27920=EDGE_CURVE('',#27890,#27910,#27870,.T.);
#27930=ORIENTED_EDGE('',*,*,#27920,.F.);
#27940=CARTESIAN_POINT('',(-6.323077,29.880602,-54.3875));
#27950=DIRECTION('',(-1.,0.,0.));
#27960=VECTOR('',#27950,1.);
#27970=LINE('',#27940,#27960);
#27980=CARTESIAN_POINT('',(-7.873077,29.880602,-54.3875));
#27990=VERTEX_POINT('',#27980);
#28000=EDGE_CURVE('',#27910,#27990,#27970,.T.);
#28010=ORIENTED_EDGE('',*,*,#28000,.F.);
#28020=CARTESIAN_POINT('',(-7.87307700000001,29.880602,-25.1475));
#28030=DIRECTION('',(0.,0.,-1.));
#28040=VECTOR('',#28030,1.);
#28050=LINE('',#28020,#28040);
#28060=CARTESIAN_POINT('',(-7.873077,29.880602,-54.8875));
#28070=VERTEX_POINT('',#28060);
#28080=EDGE_CURVE('',#27990,#28070,#28050,.T.);
#28090=ORIENTED_EDGE('',*,*,#28080,.F.);
#28100=CARTESIAN_POINT('',(-6.323077,29.880602,-54.8875));
#28110=DIRECTION('',(-1.,0.,0.));
#28120=VECTOR('',#28110,1.);
#28130=LINE('',#28100,#28120);
#28140=EDGE_CURVE('',#27890,#28070,#28130,.T.);
#28150=ORIENTED_EDGE('',*,*,#28140,.T.);
#28160=EDGE_LOOP('',(#28150,#28090,#28010,#27930));
#28170=FACE_BOUND('',#28160,.T.);
#28180=CARTESIAN_POINT('',(-4.17307699999999,29.880602,-25.1475));
#28190=DIRECTION('',(0.,0.,1.));
#28200=VECTOR('',#28190,1.);
#28210=LINE('',#28180,#28200);
#28220=CARTESIAN_POINT('',(-4.17307699999999,29.880602,-54.8875));
#28230=VERTEX_POINT('',#28220);
#28240=CARTESIAN_POINT('',(-4.17307699999999,29.880602,-54.3875));
#28250=VERTEX_POINT('',#28240);
#28260=EDGE_CURVE('',#28230,#28250,#28210,.T.);
#28270=ORIENTED_EDGE('',*,*,#28260,.F.);
#28280=CARTESIAN_POINT('',(-5.273077,29.880602,-54.3875));
#28290=VERTEX_POINT('',#28280);
#28300=EDGE_CURVE('',#28250,#28290,#27970,.T.);
#28310=ORIENTED_EDGE('',*,*,#28300,.F.);
#28320=CARTESIAN_POINT('',(-5.273077,29.880602,-25.1475));
#28330=DIRECTION('',(0.,0.,-1.));
#28340=VECTOR('',#28330,1.);
#28350=LINE('',#28320,#28340);
#28360=CARTESIAN_POINT('',(-5.273077,29.880602,-54.8875));
#28370=VERTEX_POINT('',#28360);
#28380=EDGE_CURVE('',#28290,#28370,#28350,.T.);
#28390=ORIENTED_EDGE('',*,*,#28380,.F.);
#28400=EDGE_CURVE('',#28230,#28370,#28130,.T.);
#28410=ORIENTED_EDGE('',*,*,#28400,.T.);
#28420=EDGE_LOOP('',(#28410,#28390,#28310,#28270));
#28430=FACE_BOUND('',#28420,.T.);
#28440=ADVANCED_FACE('',(#27830,#28170,#28430),#27240,.T.);
#28450=CARTESIAN_POINT('',(-2.123077,25.680602,-52.2375));
#28460=DIRECTION('',(0.,0.,1.));
#28470=DIRECTION('',(1.,0.,0.));
#28480=AXIS2_PLACEMENT_3D('',#28450,#28460,#28470);
#28490=PLANE('',#28480);
#28500=CARTESIAN_POINT('',(-10.673077,25.880602,-52.2375));
#28510=DIRECTION('',(0.,-1.,0.));
#28520=VECTOR('',#28510,1.);
#28530=LINE('',#28500,#28520);
#28540=CARTESIAN_POINT('',(-10.673077,27.780602,-52.2375));
#28550=VERTEX_POINT('',#28540);
#28560=CARTESIAN_POINT('',(-10.673077,16.980602,-52.2375));
#28570=VERTEX_POINT('',#28560);
#28580=EDGE_CURVE('',#28550,#28570,#28530,.T.);
#28590=ORIENTED_EDGE('',*,*,#28580,.T.);
#28600=CARTESIAN_POINT('',(-6.023077,27.780602,-52.2374999999999));
#28610=DIRECTION('',(-1.,0.,0.));
#28620=VECTOR('',#28610,1.);
#28630=LINE('',#28600,#28620);
#28640=EDGE_CURVE('',#18160,#28550,#28630,.T.);
#28650=ORIENTED_EDGE('',*,*,#28640,.T.);
#28660=ORIENTED_EDGE('',*,*,#18170,.F.);
#28670=CARTESIAN_POINT('',(-6.323077,16.980602,-52.2375));
#28680=DIRECTION('',(-1.,1.2335811384724E-16,0.));
#28690=VECTOR('',#28680,1.);
#28700=LINE('',#28670,#28690);
#28710=EDGE_CURVE('',#18080,#28570,#28700,.T.);
#28720=ORIENTED_EDGE('',*,*,#28710,.F.);
#28730=EDGE_LOOP('',(#28720,#28660,#28650,#28590));
#28740=FACE_OUTER_BOUND('',#28730,.T.);
#28750=ADVANCED_FACE('',(#28740),#28490,.T.);
#28760=CARTESIAN_POINT('',(-10.673077,18.680602,-50.7374999999999));
#28770=DIRECTION('',(1.,0.,-0.));
#28780=DIRECTION('',(0.,0.,1.));
#28790=AXIS2_PLACEMENT_3D('',#28760,#28770,#28780);
#28800=PLANE('',#28790);
#28810=CARTESIAN_POINT('',(-10.673077,16.980602,-25.1475));
#28820=DIRECTION('',(0.,0.,1.));
#28830=VECTOR('',#28820,1.);
#28840=LINE('',#28810,#28830);
#28850=CARTESIAN_POINT('',(-10.673077,16.980602,-49.5875));
#28860=VERTEX_POINT('',#28850);
#28870=EDGE_CURVE('',#28570,#28860,#28840,.T.);
#28880=ORIENTED_EDGE('',*,*,#28870,.F.);
#28890=CARTESIAN_POINT('',(-10.673077,25.880602,-49.5875));
#28900=DIRECTION('',(0.,-1.,0.));
#28910=VECTOR('',#28900,1.);
#28920=LINE('',#28890,#28910);
#28930=CARTESIAN_POINT('',(-10.673077,26.430602,-49.5875));
#28940=VERTEX_POINT('',#28930);
#28950=EDGE_CURVE('',#28940,#28860,#28920,.T.);
#28960=ORIENTED_EDGE('',*,*,#28950,.T.);
#28970=CARTESIAN_POINT('',(-10.673077,25.880602,-49.4856481481481));
#28980=DIRECTION('',(0.,0.983282004984459,-0.182089260182312));
#28990=VECTOR('',#28980,1.);
#29000=LINE('',#28970,#28990);
#29010=CARTESIAN_POINT('',(-10.673077,27.780602,-49.8375));
#29020=VERTEX_POINT('',#29010);
#29030=EDGE_CURVE('',#28940,#29020,#29000,.T.);
#29040=ORIENTED_EDGE('',*,*,#29030,.F.);
#29050=CARTESIAN_POINT('',(-10.673077,27.780602,-54.4874999999999));
#29060=DIRECTION('',(0.,0.,1.));
#29070=VECTOR('',#29060,1.);
#29080=LINE('',#29050,#29070);
#29090=EDGE_CURVE('',#28550,#29020,#29080,.T.);
#29100=ORIENTED_EDGE('',*,*,#29090,.T.);
#29110=ORIENTED_EDGE('',*,*,#28580,.F.);
#29120=EDGE_LOOP('',(#29110,#29100,#29040,#28960,#28880));
#29130=FACE_OUTER_BOUND('',#29120,.T.);
#29140=ADVANCED_FACE('',(#29130),#28800,.T.);
#29150=CARTESIAN_POINT('',(-9.573077,18.280602,-36.4075));
#29160=DIRECTION('',(0.,0.,-1.));
#29170=DIRECTION('',(1.,1.22464679914735E-16,0.));
#29180=AXIS2_PLACEMENT_3D('',#29150,#29160,#29170);
#29190=PLANE('',#29180);
#29200=CARTESIAN_POINT('',(-7.523077,35.780602,-36.4075));
#29210=DIRECTION('',(-1.,0.,0.));
#29220=VECTOR('',#29210,1.);
#29230=LINE('',#29200,#29220);
#29240=CARTESIAN_POINT('',(-7.123077,35.780602,-36.4075));
#29250=VERTEX_POINT('',#29240);
#29260=CARTESIAN_POINT('',(-7.923077,35.780602,-36.4075));
#29270=VERTEX_POINT('',#29260);
#29280=EDGE_CURVE('',#29250,#29270,#29230,.T.);
#29290=ORIENTED_EDGE('',*,*,#29280,.F.);
#29300=CARTESIAN_POINT('',(-7.923077,34.355602,-36.4075));
#29310=DIRECTION('',(0.,-1.,0.));
#29320=VECTOR('',#29310,1.);
#29330=LINE('',#29300,#29320);
#29340=EDGE_CURVE('',#29270,#15140,#29330,.T.);
#29350=ORIENTED_EDGE('',*,*,#29340,.F.);
#29360=ORIENTED_EDGE('',*,*,#15150,.T.);
#29370=CARTESIAN_POINT('',(-7.123077,34.355602,-36.4075));
#29380=DIRECTION('',(0.,1.,0.));
#29390=VECTOR('',#29380,1.);
#29400=LINE('',#29370,#29390);
#29410=EDGE_CURVE('',#15060,#29250,#29400,.T.);
#29420=ORIENTED_EDGE('',*,*,#29410,.F.);
#29430=EDGE_LOOP('',(#29420,#29360,#29350,#29290));
#29440=FACE_OUTER_BOUND('',#29430,.T.);
#29450=ADVANCED_FACE('',(#29440),#29190,.T.);
#29460=CARTESIAN_POINT('',(-11.423077,24.705602,-39.8175));
#29470=DIRECTION('',(-1.,1.2335811384724E-16,0.));
#29480=DIRECTION('',(-1.2335811384724E-16,-1.,0.));
#29490=AXIS2_PLACEMENT_3D('',#29460,#29470,#29480);
#29500=PLANE('',#29490);
#29510=ORIENTED_EDGE('',*,*,#21830,.T.);
#29520=CARTESIAN_POINT('',(-11.423077,16.980602,-25.1475));
#29530=DIRECTION('',(0.,0.,-1.));
#29540=VECTOR('',#29530,1.);
#29550=LINE('',#29520,#29540);
#29560=EDGE_CURVE('',#21740,#27000,#29550,.T.);
#29570=ORIENTED_EDGE('',*,*,#29560,.F.);
#29580=ORIENTED_EDGE('',*,*,#27010,.T.);
#29590=EDGE_LOOP('',(#29580,#29570,#29510));
#29600=FACE_OUTER_BOUND('',#29590,.T.);
#29610=ADVANCED_FACE('',(#29600),#29500,.T.);
#29620=CARTESIAN_POINT('',(-10.798077,16.980602,-24.5774999999999));
#29630=DIRECTION('',(-1.2335811384724E-16,-1.,-0.));
#29640=DIRECTION('',(0.,0.,-1.));
#29650=AXIS2_PLACEMENT_3D('',#29620,#29630,#29640);
#29660=PLANE('',#29650);
#29670=ORIENTED_EDGE('',*,*,#3320,.F.);
#29680=CARTESIAN_POINT('',(-7.723077,16.980602,-25.1475));
#29690=DIRECTION('',(0.,0.,1.));
#29700=VECTOR('',#29690,1.);
#29710=LINE('',#29680,#29700);
#29720=EDGE_CURVE('',#3310,#25350,#29710,.T.);
#29730=ORIENTED_EDGE('',*,*,#29720,.F.);
#29740=ORIENTED_EDGE('',*,*,#25600,.T.);
#29750=CARTESIAN_POINT('',(-10.673077,16.980602,-25.1475));
#29760=DIRECTION('',(0.,0.,-1.));
#29770=VECTOR('',#29760,1.);
#29780=LINE('',#29750,#29770);
#29790=EDGE_CURVE('',#25530,#2990,#29780,.T.);
#29800=ORIENTED_EDGE('',*,*,#29790,.F.);
#29810=ORIENTED_EDGE('',*,*,#3000,.T.);
#29820=ORIENTED_EDGE('',*,*,#26420,.T.);
#29830=CARTESIAN_POINT('',(-6.323077,16.980602,-33.2025));
#29840=DIRECTION('',(1.,-1.2335811384724E-16,0.));
#29850=VECTOR('',#29840,1.);
#29860=LINE('',#29830,#29850);
#29870=CARTESIAN_POINT('',(-10.673077,16.980602,-33.2025));
#29880=VERTEX_POINT('',#29870);
#29890=EDGE_CURVE('',#29880,#26350,#29860,.T.);
#29900=ORIENTED_EDGE('',*,*,#29890,.T.);
#29910=CARTESIAN_POINT('',(-10.673077,16.980602,-25.1475));
#29920=DIRECTION('',(0.,0.,1.));
#29930=VECTOR('',#29920,1.);
#29940=LINE('',#29910,#29930);
#29950=CARTESIAN_POINT('',(-10.673077,16.980602,-35.0025));
#29960=VERTEX_POINT('',#29950);
#29970=EDGE_CURVE('',#29960,#29880,#29940,.T.);
#29980=ORIENTED_EDGE('',*,*,#29970,.T.);
#29990=CARTESIAN_POINT('',(-6.323077,16.980602,-35.0025));
#30000=DIRECTION('',(-1.,1.2335811384724E-16,0.));
#30010=VECTOR('',#30000,1.);
#30020=LINE('',#29990,#30010);
#30030=EDGE_CURVE('',#2150,#29960,#30020,.T.);
#30040=ORIENTED_EDGE('',*,*,#30030,.T.);
#30050=ORIENTED_EDGE('',*,*,#2160,.T.);
#30060=CARTESIAN_POINT('',(-6.323077,16.980602,-40.8625000000001));
#30070=DIRECTION('',(0.70710678118655,-5.55111512312578E-17,
-0.707106781186545));
#30080=VECTOR('',#30070,1.);
#30090=LINE('',#30060,#30080);
#30100=EDGE_CURVE('',#2070,#19820,#30090,.T.);
#30110=ORIENTED_EDGE('',*,*,#30100,.F.);
#30120=ORIENTED_EDGE('',*,*,#19830,.F.);
#30130=ORIENTED_EDGE('',*,*,#19120,.F.);
#30140=ORIENTED_EDGE('',*,*,#5730,.T.);
#30150=ORIENTED_EDGE('',*,*,#21420,.F.);
#30160=CARTESIAN_POINT('',(-9.67307700000001,16.980602,-25.1475));
#30170=DIRECTION('',(0.,0.,-1.));
#30180=VECTOR('',#30170,1.);
#30190=LINE('',#30160,#30180);
#30200=EDGE_CURVE('',#21410,#6700,#30190,.T.);
#30210=ORIENTED_EDGE('',*,*,#30200,.F.);
#30220=ORIENTED_EDGE('',*,*,#6930,.T.);
#30230=ORIENTED_EDGE('',*,*,#24940,.T.);
#30240=CARTESIAN_POINT('',(-6.323077,16.980602,-44.6324999999999));
#30250=DIRECTION('',(-1.,1.2335811384724E-16,0.));
#30260=VECTOR('',#30250,1.);
#30270=LINE('',#30240,#30260);
#30280=EDGE_CURVE('',#24850,#3870,#30270,.T.);
#30290=ORIENTED_EDGE('',*,*,#30280,.F.);
#30300=ORIENTED_EDGE('',*,*,#3880,.F.);
#30310=ORIENTED_EDGE('',*,*,#20660,.F.);
#30320=CARTESIAN_POINT('',(-9.823077,16.980602,-25.1475));
#30330=DIRECTION('',(0.,0.,1.));
#30340=VECTOR('',#30330,1.);
#30350=LINE('',#30320,#30340);
#30360=CARTESIAN_POINT('',(-9.823077,16.980602,-49.5875));
#30370=VERTEX_POINT('',#30360);
#30380=EDGE_CURVE('',#30370,#20650,#30350,.T.);
#30390=ORIENTED_EDGE('',*,*,#30380,.T.);
#30400=CARTESIAN_POINT('',(-6.323077,16.980602,-49.5875));
#30410=DIRECTION('',(-1.,1.2335811384724E-16,0.));
#30420=VECTOR('',#30410,1.);
#30430=LINE('',#30400,#30420);
#30440=EDGE_CURVE('',#30370,#28860,#30430,.T.);
#30450=ORIENTED_EDGE('',*,*,#30440,.F.);
#30460=ORIENTED_EDGE('',*,*,#28870,.T.);
#30470=ORIENTED_EDGE('',*,*,#28710,.T.);
#30480=ORIENTED_EDGE('',*,*,#18090,.T.);
#30490=ORIENTED_EDGE('',*,*,#4880,.T.);
#30500=CARTESIAN_POINT('',(-6.723077,16.980602,-25.1475));
#30510=DIRECTION('',(0.,0.,-1.));
#30520=VECTOR('',#30510,1.);
#30530=LINE('',#30500,#30520);
#30540=CARTESIAN_POINT('',(-6.723077,16.980602,-52.2375));
#30550=VERTEX_POINT('',#30540);
#30560=EDGE_CURVE('',#4850,#30550,#30530,.T.);
#30570=ORIENTED_EDGE('',*,*,#30560,.F.);
#30580=CARTESIAN_POINT('',(-6.323077,16.980602,-52.2375));
#30590=DIRECTION('',(-1.,1.2335811384724E-16,0.));
#30600=VECTOR('',#30590,1.);
#30610=LINE('',#30580,#30600);
#30620=EDGE_CURVE('',#2430,#30550,#30610,.T.);
#30630=ORIENTED_EDGE('',*,*,#30620,.T.);
#30640=ORIENTED_EDGE('',*,*,#2740,.T.);
#30650=CARTESIAN_POINT('',(-6.323077,16.980602,-49.5875));
#30660=DIRECTION('',(-1.,1.2335811384724E-16,0.));
#30670=VECTOR('',#30660,1.);
#30680=LINE('',#30650,#30670);
#30690=EDGE_CURVE('',#2670,#4510,#30680,.T.);
#30700=ORIENTED_EDGE('',*,*,#30690,.F.);
#30710=ORIENTED_EDGE('',*,*,#4520,.T.);
#30720=CARTESIAN_POINT('',(-6.323077,16.980602,-41.9825));
#30730=DIRECTION('',(-0.707106781186549,5.55111512312578E-17,
0.707106781186546));
#30740=VECTOR('',#30730,1.);
#30750=LINE('',#30720,#30740);
#30760=EDGE_CURVE('',#4430,#7980,#30750,.T.);
#30770=ORIENTED_EDGE('',*,*,#30760,.F.);
#30780=ORIENTED_EDGE('',*,*,#7990,.T.);
#30790=CARTESIAN_POINT('',(-6.323077,16.980602,-49.0824999999999));
#30800=DIRECTION('',(-0.707106781186549,5.55111512312578E-17,
-0.707106781186546));
#30810=VECTOR('',#30800,1.);
#30820=LINE('',#30790,#30810);
#30830=EDGE_CURVE('',#20920,#7900,#30820,.T.);
#30840=ORIENTED_EDGE('',*,*,#30830,.T.);
#30850=ORIENTED_EDGE('',*,*,#20930,.T.);
#30860=ORIENTED_EDGE('',*,*,#6070,.F.);
#30870=ORIENTED_EDGE('',*,*,#8360,.T.);
#30880=ORIENTED_EDGE('',*,*,#20210,.T.);
#30890=CARTESIAN_POINT('',(-2.223077,16.980602,-25.1475));
#30900=DIRECTION('',(0.,0.,1.));
#30910=VECTOR('',#30900,1.);
#30920=LINE('',#30890,#30910);
#30930=CARTESIAN_POINT('',(-2.223077,16.980602,-38.8125000000002));
#30940=VERTEX_POINT('',#30930);
#30950=EDGE_CURVE('',#20140,#30940,#30920,.T.);
#30960=ORIENTED_EDGE('',*,*,#30950,.F.);
#30970=CARTESIAN_POINT('',(-6.323077,16.980602,-38.8125000000002));
#30980=DIRECTION('',(1.,-1.2335811384724E-16,0.));
#30990=VECTOR('',#30980,1.);
#31000=LINE('',#30970,#30990);
#31010=EDGE_CURVE('',#30940,#23610,#31000,.T.);
#31020=ORIENTED_EDGE('',*,*,#31010,.F.);
#31030=ORIENTED_EDGE('',*,*,#23620,.F.);
#31040=CARTESIAN_POINT('',(-6.323077,16.980602,-37.0125000000001));
#31050=DIRECTION('',(-1.,1.2335811384724E-16,0.));
#31060=VECTOR('',#31050,1.);
#31070=LINE('',#31040,#31060);
#31080=EDGE_CURVE('',#23530,#22490,#31070,.T.);
#31090=ORIENTED_EDGE('',*,*,#31080,.F.);
#31100=ORIENTED_EDGE('',*,*,#22500,.F.);
#31110=CARTESIAN_POINT('',(-6.323077,16.980602,-30.5525));
#31120=DIRECTION('',(-0.707106781186549,5.55111512312578E-17,
0.707106781186546));
#31130=VECTOR('',#31120,1.);
#31140=LINE('',#31110,#31130);
#31150=CARTESIAN_POINT('',(-2.373077,16.980602,-34.5025));
#31160=VERTEX_POINT('',#31150);
#31170=EDGE_CURVE('',#22410,#31160,#31140,.T.);
#31180=ORIENTED_EDGE('',*,*,#31170,.F.);
#31190=CARTESIAN_POINT('',(-2.373077,16.980602,-25.1475));
#31200=DIRECTION('',(0.,0.,1.));
#31210=VECTOR('',#31200,1.);
#31220=LINE('',#31190,#31210);
#31230=EDGE_CURVE('',#31160,#19510,#31220,.T.);
#31240=ORIENTED_EDGE('',*,*,#31230,.F.);
#31250=ORIENTED_EDGE('',*,*,#19520,.T.);
#31260=CARTESIAN_POINT('',(-2.223077,16.980602,-25.1475));
#31270=DIRECTION('',(0.,0.,1.));
#31280=VECTOR('',#31270,1.);
#31290=LINE('',#31260,#31280);
#31300=CARTESIAN_POINT('',(-2.223077,16.980602,-30.0475));
#31310=VERTEX_POINT('',#31300);
#31320=EDGE_CURVE('',#19430,#31310,#31290,.T.);
#31330=ORIENTED_EDGE('',*,*,#31320,.F.);
#31340=CARTESIAN_POINT('',(-6.323077,16.980602,-30.0475));
#31350=DIRECTION('',(-1.,1.2335811384724E-16,0.));
#31360=VECTOR('',#31350,1.);
#31370=LINE('',#31340,#31360);
#31380=CARTESIAN_POINT('',(-1.373077,16.980602,-30.0475));
#31390=VERTEX_POINT('',#31380);
#31400=EDGE_CURVE('',#31390,#31310,#31370,.T.);
#31410=ORIENTED_EDGE('',*,*,#31400,.T.);
#31420=CARTESIAN_POINT('',(-1.373077,16.980602,-25.1475));
#31430=DIRECTION('',(0.,0.,1.));
#31440=VECTOR('',#31430,1.);
#31450=LINE('',#31420,#31440);
#31460=EDGE_CURVE('',#31390,#18390,#31450,.T.);
#31470=ORIENTED_EDGE('',*,*,#31460,.F.);
#31480=ORIENTED_EDGE('',*,*,#18640,.F.);
#31490=CARTESIAN_POINT('',(-6.723077,16.980602,-25.1475));
#31500=DIRECTION('',(0.,0.,1.));
#31510=VECTOR('',#31500,1.);
#31520=LINE('',#31490,#31510);
#31530=EDGE_CURVE('',#3290,#18570,#31520,.T.);
#31540=ORIENTED_EDGE('',*,*,#31530,.T.);
#31550=EDGE_LOOP('',(#31540,#31480,#31470,#31410,#31330,#31250,#31240,
#31180,#31100,#31090,#31030,#31020,#30960,#30880,#30870,#30860,#30850,
#30840,#30780,#30770,#30710,#30700,#30640,#30630,#30570,#30490,#30480,
#30470,#30460,#30450,#30390,#30310,#30300,#30290,#30230,#30220,#30210,
#30150,#30140,#30130,#30120,#30110,#30050,#30040,#29980,#29900,#29820,
#29810,#29800,#29740,#29730,#29670));
#31560=FACE_BOUND('',#31550,.T.);
#31570=ORIENTED_EDGE('',*,*,#24480,.F.);
#31580=ORIENTED_EDGE('',*,*,#23040,.T.);
#31590=ORIENTED_EDGE('',*,*,#7520,.T.);
#31600=CARTESIAN_POINT('',(-0.523076999999999,16.980602,-81.7475));
#31610=DIRECTION('',(0.,0.,-1.));
#31620=VECTOR('',#31610,1.);
#31630=LINE('',#31600,#31620);
#31640=CARTESIAN_POINT('',(-0.523076999999999,16.980602,-52.2375));
#31650=VERTEX_POINT('',#31640);
#31660=EDGE_CURVE('',#7490,#31650,#31630,.T.);
#31670=ORIENTED_EDGE('',*,*,#31660,.F.);
#31680=CARTESIAN_POINT('',(-1.523077,16.980602,-52.2375));
#31690=DIRECTION('',(0.,-1.,0.));
#31700=DIRECTION('',(-1.,0.,0.));
#31710=AXIS2_PLACEMENT_3D('',#31680,#31690,#31700);
#31720=CIRCLE('',#31710,1.);
#31730=CARTESIAN_POINT('',(-1.523077,16.980602,-53.2375));
#31740=VERTEX_POINT('',#31730);
#31750=EDGE_CURVE('',#31740,#31650,#31720,.T.);
#31760=ORIENTED_EDGE('',*,*,#31750,.T.);
#31770=CARTESIAN_POINT('',(-6.323077,16.980602,-53.2375));
#31780=DIRECTION('',(1.,-1.2335811384724E-16,0.));
#31790=VECTOR('',#31780,1.);
#31800=LINE('',#31770,#31790);
#31810=CARTESIAN_POINT('',(-10.523077,16.980602,-53.2375));
#31820=VERTEX_POINT('',#31810);
#31830=EDGE_CURVE('',#31820,#31740,#31800,.T.);
#31840=ORIENTED_EDGE('',*,*,#31830,.T.);
#31850=CARTESIAN_POINT('',(-10.523077,16.980602,-52.2375));
#31860=DIRECTION('',(1.2335811384724E-16,1.,0.));
#31870=DIRECTION('',(1.,-1.2335811384724E-16,0.));
#31880=AXIS2_PLACEMENT_3D('',#31850,#31860,#31870);
#31890=CIRCLE('',#31880,1.);
#31900=CARTESIAN_POINT('',(-11.523077,16.980602,-52.2375));
#31910=VERTEX_POINT('',#31900);
#31920=EDGE_CURVE('',#31820,#31910,#31890,.T.);
#31930=ORIENTED_EDGE('',*,*,#31920,.F.);
#31940=CARTESIAN_POINT('',(-11.523077,16.980602,-25.1475));
#31950=DIRECTION('',(0.,0.,-1.));
#31960=VECTOR('',#31950,1.);
#31970=LINE('',#31940,#31960);
#31980=EDGE_CURVE('',#27080,#31910,#31970,.T.);
#31990=ORIENTED_EDGE('',*,*,#31980,.T.);
#32000=ORIENTED_EDGE('',*,*,#27090,.T.);
#32010=ORIENTED_EDGE('',*,*,#29560,.T.);
#32020=ORIENTED_EDGE('',*,*,#21750,.T.);
#32030=EDGE_CURVE('',#24470,#21720,#31970,.T.);
#32040=ORIENTED_EDGE('',*,*,#32030,.T.);
#32050=EDGE_LOOP('',(#32040,#32020,#32010,#32000,#31990,#31930,#31840,
#31760,#31670,#31590,#31580,#31570));
#32060=FACE_OUTER_BOUND('',#32050,.T.);
#32070=ADVANCED_FACE('',(#31560,#32060),#29660,.T.);
#32080=CARTESIAN_POINT('',(-6.723077,25.880602,-52.2375));
#32090=DIRECTION('',(0.,-1.,0.));
#32100=VECTOR('',#32090,1.);
#32110=LINE('',#32080,#32100);
#32120=CARTESIAN_POINT('',(-6.723077,27.780602,-52.2375));
#32130=VERTEX_POINT('',#32120);
#32140=EDGE_CURVE('',#32130,#30550,#32110,.T.);
#32150=ORIENTED_EDGE('',*,*,#32140,.T.);
#32160=CARTESIAN_POINT('',(-6.323077,27.780602,-52.2375));
#32170=DIRECTION('',(1.,0.,0.));
#32180=VECTOR('',#32170,1.);
#32190=LINE('',#32160,#32180);
#32200=EDGE_CURVE('',#32130,#2410,#32190,.T.);
#32210=ORIENTED_EDGE('',*,*,#32200,.F.);
#32220=ORIENTED_EDGE('',*,*,#2440,.F.);
#32230=ORIENTED_EDGE('',*,*,#30620,.F.);
#32240=EDGE_LOOP('',(#32230,#32220,#32210,#32150));
#32250=FACE_OUTER_BOUND('',#32240,.T.);
#32260=ADVANCED_FACE('',(#32250),#28490,.T.);
#32270=CARTESIAN_POINT('',(-6.023077,19.430602,-37.98));
#32280=DIRECTION('',(0.,-1.,0.));
#32290=DIRECTION('',(0.,0.,1.));
#32300=AXIS2_PLACEMENT_3D('',#32270,#32280,#32290);
#32310=PLANE('',#32300);
#32320=ORIENTED_EDGE('',*,*,#5470,.F.);
#32330=CARTESIAN_POINT('',(-6.323077,19.430602,-39.3174999999999));
#32340=DIRECTION('',(-1.,0.,0.));
#32350=VECTOR('',#32340,1.);
#32360=LINE('',#32330,#32350);
#32370=CARTESIAN_POINT('',(-2.223077,19.430602,-39.3174999999999));
#32380=VERTEX_POINT('',#32370);
#32390=EDGE_CURVE('',#32380,#5380,#32360,.T.);
#32400=ORIENTED_EDGE('',*,*,#32390,.T.);
#32410=CARTESIAN_POINT('',(-2.223077,19.430602,-25.1475));
#32420=DIRECTION('',(0.,0.,1.));
#32430=VECTOR('',#32420,1.);
#32440=LINE('',#32410,#32430);
#32450=EDGE_CURVE('',#26690,#32380,#32440,.T.);
#32460=ORIENTED_EDGE('',*,*,#32450,.T.);
#32470=ORIENTED_EDGE('',*,*,#26700,.T.);
#32480=EDGE_LOOP('',(#32470,#32460,#32400,#32320));
#32490=FACE_OUTER_BOUND('',#32480,.T.);
#32500=ADVANCED_FACE('',(#32490),#32310,.T.);
#32510=CARTESIAN_POINT('',(-1.373077,27.780602,-29.7974999999999));
#32520=DIRECTION('',(0.,-0.182089260182367,0.983282004984449));
#32530=DIRECTION('',(0.,-0.983282004984449,-0.182089260182367));
#32540=AXIS2_PLACEMENT_3D('',#32510,#32520,#32530);
#32550=PLANE('',#32540);
#32560=CARTESIAN_POINT('',(-6.023077,26.430602,-30.0475));
#32570=DIRECTION('',(1.,0.,0.));
#32580=VECTOR('',#32570,1.);
#32590=LINE('',#32560,#32580);
#32600=CARTESIAN_POINT('',(-2.223077,26.430602,-30.0475));
#32610=VERTEX_POINT('',#32600);
#32620=CARTESIAN_POINT('',(-1.373077,26.430602,-30.0475));
#32630=VERTEX_POINT('',#32620);
#32640=EDGE_CURVE('',#32610,#32630,#32590,.T.);
#32650=ORIENTED_EDGE('',*,*,#32640,.T.);
#32660=CARTESIAN_POINT('',(-2.223077,25.880602,-30.1493518518519));
#32670=DIRECTION('',(0.,-0.983282004984449,-0.182089260182367));
#32680=VECTOR('',#32670,1.);
#32690=LINE('',#32660,#32680);
#32700=CARTESIAN_POINT('',(-2.223077,26.530602,-30.0289814814814));
#32710=VERTEX_POINT('',#32700);
#32720=EDGE_CURVE('',#32710,#32610,#32690,.T.);
#32730=ORIENTED_EDGE('',*,*,#32720,.T.);
#32740=CARTESIAN_POINT('',(-6.323077,26.530602,-30.0289814814814));
#32750=DIRECTION('',(1.,0.,0.));
#32760=VECTOR('',#32750,1.);
#32770=LINE('',#32740,#32760);
#32780=EDGE_CURVE('',#26500,#32710,#32770,.T.);
#32790=ORIENTED_EDGE('',*,*,#32780,.T.);
#32800=ORIENTED_EDGE('',*,*,#26510,.T.);
#32810=ORIENTED_EDGE('',*,*,#3140,.T.);
#32820=CARTESIAN_POINT('',(-10.673077,25.880602,-30.1493518518519));
#32830=DIRECTION('',(0.,0.983282004984449,0.182089260182367));
#32840=VECTOR('',#32830,1.);
#32850=LINE('',#32820,#32840);
#32860=CARTESIAN_POINT('',(-10.673077,27.780602,-29.7974999999999));
#32870=VERTEX_POINT('',#32860);
#32880=EDGE_CURVE('',#3070,#32870,#32850,.T.);
#32890=ORIENTED_EDGE('',*,*,#32880,.F.);
#32900=CARTESIAN_POINT('',(-6.023077,27.780602,-29.7974999999999));
#32910=DIRECTION('',(-1.,0.,0.));
#32920=VECTOR('',#32910,1.);
#32930=LINE('',#32900,#32920);
#32940=CARTESIAN_POINT('',(-1.373077,27.780602,-29.7974999999999));
#32950=VERTEX_POINT('',#32940);
#32960=EDGE_CURVE('',#32950,#32870,#32930,.T.);
#32970=ORIENTED_EDGE('',*,*,#32960,.T.);
#32980=CARTESIAN_POINT('',(-1.373077,25.880602,-30.1493518518519));
#32990=DIRECTION('',(0.,-0.983282004984449,-0.182089260182367));
#33000=VECTOR('',#32990,1.);
#33010=LINE('',#32980,#33000);
#33020=EDGE_CURVE('',#32950,#32630,#33010,.T.);
#33030=ORIENTED_EDGE('',*,*,#33020,.F.);
#33040=EDGE_LOOP('',(#33030,#32970,#32890,#32810,#32800,#32790,#32730,
#32650));
#33050=FACE_OUTER_BOUND('',#33040,.T.);
#33060=ADVANCED_FACE('',(#33050),#32550,.T.);
#33070=CARTESIAN_POINT('',(-1.523077,25.880602,-52.2375));
#33080=DIRECTION('',(0.,-1.,0.));
#33090=DIRECTION('',(-1.,0.,0.));
#33100=AXIS2_PLACEMENT_3D('',#33070,#33080,#33090);
#33110=CYLINDRICAL_SURFACE('',#33100,1.);
#33120=ORIENTED_EDGE('',*,*,#27740,.T.);
#33130=CARTESIAN_POINT('',(-1.523077,25.880602,-53.2375));
#33140=DIRECTION('',(0.,1.,0.));
#33150=VECTOR('',#33140,1.);
#33160=LINE('',#33130,#33150);
#33170=EDGE_CURVE('',#31740,#27640,#33160,.T.);
#33180=ORIENTED_EDGE('',*,*,#33170,.T.);
#33190=ORIENTED_EDGE('',*,*,#31750,.F.);
#33200=CARTESIAN_POINT('',(-0.523076999999999,25.880602,-52.2375));
#33210=DIRECTION('',(0.,-1.,0.));
#33220=VECTOR('',#33210,1.);
#33230=LINE('',#33200,#33220);
#33240=EDGE_CURVE('',#27730,#31650,#33230,.T.);
#33250=ORIENTED_EDGE('',*,*,#33240,.T.);
#33260=EDGE_LOOP('',(#33250,#33190,#33180,#33120));
#33270=FACE_OUTER_BOUND('',#33260,.T.);
#33280=ADVANCED_FACE('',(#33270),#33110,.T.);
#33290=CARTESIAN_POINT('',(-1.373077,26.530602,-38.8125000000002));
#33300=DIRECTION('',(0.,0.,-1.));
#33310=DIRECTION('',(-1.,0.,0.));
#33320=AXIS2_PLACEMENT_3D('',#33290,#33300,#33310);
#33330=PLANE('',#33320);
#33340=CARTESIAN_POINT('',(-6.323077,26.530602,-38.8125000000002));
#33350=DIRECTION('',(1.,0.,0.));
#33360=VECTOR('',#33350,1.);
#33370=LINE('',#33340,#33360);
#33380=CARTESIAN_POINT('',(-2.223077,26.530602,-38.8125000000002));
#33390=VERTEX_POINT('',#33380);
#33400=EDGE_CURVE('',#33390,#23430,#33370,.T.);
#33410=ORIENTED_EDGE('',*,*,#33400,.F.);
#33420=ORIENTED_EDGE('',*,*,#23680,.F.);
#33430=ORIENTED_EDGE('',*,*,#31010,.T.);
#33440=CARTESIAN_POINT('',(-2.223077,25.880602,-38.8125000000002));
#33450=DIRECTION('',(0.,-1.,0.));
#33460=VECTOR('',#33450,1.);
#33470=LINE('',#33440,#33460);
#33480=EDGE_CURVE('',#33390,#30940,#33470,.T.);
#33490=ORIENTED_EDGE('',*,*,#33480,.T.);
#33500=EDGE_LOOP('',(#33490,#33430,#33420,#33410));
#33510=FACE_OUTER_BOUND('',#33500,.T.);
#33520=ADVANCED_FACE('',(#33510),#33330,.F.);
#33530=CARTESIAN_POINT('',(-1.373077,26.430602,-49.5875));
#33540=DIRECTION('',(0.,-0.182089260182312,-0.983282004984459));
#33550=DIRECTION('',(0.,0.983282004984459,-0.182089260182312));
#33560=AXIS2_PLACEMENT_3D('',#33530,#33540,#33550);
#33570=PLANE('',#33560);
#33580=CARTESIAN_POINT('',(-6.023077,26.430602,-49.5875));
#33590=DIRECTION('',(1.,0.,0.));
#33600=VECTOR('',#33590,1.);
#33610=LINE('',#33580,#33600);
#33620=CARTESIAN_POINT('',(-9.823077,26.430602,-49.5875));
#33630=VERTEX_POINT('',#33620);
#33640=EDGE_CURVE('',#28940,#33630,#33610,.T.);
#33650=ORIENTED_EDGE('',*,*,#33640,.F.);
#33660=CARTESIAN_POINT('',(-9.823077,25.880602,-49.4856481481481));
#33670=DIRECTION('',(0.,-0.983282004984459,0.182089260182312));
#33680=VECTOR('',#33670,1.);
#33690=LINE('',#33660,#33680);
#33700=CARTESIAN_POINT('',(-9.823077,26.530602,-49.6060185185185));
#33710=VERTEX_POINT('',#33700);
#33720=EDGE_CURVE('',#33710,#33630,#33690,.T.);
#33730=ORIENTED_EDGE('',*,*,#33720,.T.);
#33740=CARTESIAN_POINT('',(-6.323077,26.530602,-49.6060185185185));
#33750=DIRECTION('',(-1.,0.,0.));
#33760=VECTOR('',#33750,1.);
#33770=LINE('',#33740,#33760);
#33780=EDGE_CURVE('',#4670,#33710,#33770,.T.);
#33790=ORIENTED_EDGE('',*,*,#33780,.T.);
#33800=ORIENTED_EDGE('',*,*,#4680,.T.);
#33810=CARTESIAN_POINT('',(-6.023077,26.430602,-49.5875));
#33820=DIRECTION('',(1.,0.,0.));
#33830=VECTOR('',#33820,1.);
#33840=LINE('',#33810,#33830);
#33850=EDGE_CURVE('',#4590,#2590,#33840,.T.);
#33860=ORIENTED_EDGE('',*,*,#33850,.F.);
#33870=ORIENTED_EDGE('',*,*,#2600,.T.);
#33880=CARTESIAN_POINT('',(-6.023077,27.780602,-49.8375));
#33890=DIRECTION('',(-1.,0.,0.));
#33900=VECTOR('',#33890,1.);
#33910=LINE('',#33880,#33900);
#33920=EDGE_CURVE('',#2510,#29020,#33910,.T.);
#33930=ORIENTED_EDGE('',*,*,#33920,.F.);
#33940=ORIENTED_EDGE('',*,*,#29030,.T.);
#33950=EDGE_LOOP('',(#33940,#33930,#33870,#33860,#33800,#33790,#33730,
#33650));
#33960=FACE_OUTER_BOUND('',#33950,.T.);
#33970=ADVANCED_FACE('',(#33960),#33570,.T.);
#33980=CARTESIAN_POINT('',(-2.02307699999999,33.280602,-52.1375));
#33990=DIRECTION('',(5.55111512312578E-17,1.,0.));
#34000=DIRECTION('',(0.,0.,1.));
#34010=AXIS2_PLACEMENT_3D('',#33980,#33990,#34000);
#34020=CYLINDRICAL_SURFACE('',#34010,0.75);
#34030=CARTESIAN_POINT('',(-2.02307699999999,33.280602,-52.8875));
#34040=DIRECTION('',(5.55111512312578E-17,1.,0.));
#34050=VECTOR('',#34040,1.);
#34060=LINE('',#34030,#34050);
#34070=EDGE_CURVE('',#9950,#24720,#34060,.T.);
#34080=ORIENTED_EDGE('',*,*,#34070,.F.);
#34090=ORIENTED_EDGE('',*,*,#24750,.F.);
#34100=CARTESIAN_POINT('',(-2.02307699999999,33.280602,-51.3875));
#34110=DIRECTION('',(5.55111512312578E-17,1.,0.));
#34120=VECTOR('',#34110,1.);
#34130=LINE('',#34100,#34120);
#34140=EDGE_CURVE('',#9930,#24700,#34130,.T.);
#34150=ORIENTED_EDGE('',*,*,#34140,.T.);
#34160=ORIENTED_EDGE('',*,*,#9980,.T.);
#34170=EDGE_LOOP('',(#34160,#34150,#34090,#34080));
#34180=FACE_OUTER_BOUND('',#34170,.T.);
#34190=ADVANCED_FACE('',(#34180),#34020,.T.);
#34200=CARTESIAN_POINT('',(-2.373077,26.680602,-34.6025));
#34210=DIRECTION('',(-1.,0.,0.));
#34220=DIRECTION('',(0.,0.,1.));
#34230=AXIS2_PLACEMENT_3D('',#34200,#34210,#34220);
#34240=PLANE('',#34230);
#34250=ORIENTED_EDGE('',*,*,#19600,.T.);
#34260=ORIENTED_EDGE('',*,*,#31230,.T.);
#34270=CARTESIAN_POINT('',(-2.373077,25.880602,-34.5025));
#34280=DIRECTION('',(0.,-1.,0.));
#34290=VECTOR('',#34280,1.);
#34300=LINE('',#34270,#34290);
#34310=CARTESIAN_POINT('',(-2.373077,26.530602,-34.5025));
#34320=VERTEX_POINT('',#34310);
#34330=EDGE_CURVE('',#34320,#31160,#34300,.T.);
#34340=ORIENTED_EDGE('',*,*,#34330,.T.);
#34350=CARTESIAN_POINT('',(-2.373077,26.530602,-25.1475));
#34360=DIRECTION('',(0.,0.,1.));
#34370=VECTOR('',#34360,1.);
#34380=LINE('',#34350,#34370);
#34390=EDGE_CURVE('',#34320,#19590,#34380,.T.);
#34400=ORIENTED_EDGE('',*,*,#34390,.F.);
#34410=EDGE_LOOP('',(#34400,#34340,#34260,#34250));
#34420=FACE_OUTER_BOUND('',#34410,.T.);
#34430=ADVANCED_FACE('',(#34420),#34240,.T.);
#34440=CARTESIAN_POINT('',(-2.073077,26.530602,-37.0125000000001));
#34450=DIRECTION('',(0.,0.,1.));
#34460=DIRECTION('',(1.,0.,0.));
#34470=AXIS2_PLACEMENT_3D('',#34440,#34450,#34460);
#34480=PLANE('',#34470);
#34490=CARTESIAN_POINT('',(-6.323077,26.530602,-37.0125000000001));
#34500=DIRECTION('',(-1.,0.,0.));
#34510=VECTOR('',#34500,1.);
#34520=LINE('',#34490,#34510);
#34530=EDGE_CURVE('',#23450,#22120,#34520,.T.);
#34540=ORIENTED_EDGE('',*,*,#34530,.F.);
#34550=ORIENTED_EDGE('',*,*,#22560,.T.);
#34560=ORIENTED_EDGE('',*,*,#31080,.T.);
#34570=ORIENTED_EDGE('',*,*,#23540,.T.);
#34580=EDGE_LOOP('',(#34570,#34560,#34550,#34540));
#34590=FACE_OUTER_BOUND('',#34580,.T.);
#34600=ADVANCED_FACE('',(#34590),#34480,.F.);
#34610=CARTESIAN_POINT('',(-9.973077,26.430602,-31.6974999999999));
#34620=DIRECTION('',(0.,0.,1.));
#34630=DIRECTION('',(1.,0.,0.));
#34640=AXIS2_PLACEMENT_3D('',#34610,#34620,#34630);
#34650=PLANE('',#34640);
#34660=CARTESIAN_POINT('',(-2.223077,25.880602,-31.6974999999999));
#34670=DIRECTION('',(0.,1.,0.));
#34680=VECTOR('',#34670,1.);
#34690=LINE('',#34660,#34680);
#34700=CARTESIAN_POINT('',(-2.223077,26.530602,-31.6974999999999));
#34710=VERTEX_POINT('',#34700);
#34720=EDGE_CURVE('',#25770,#34710,#34690,.T.);
#34730=ORIENTED_EDGE('',*,*,#34720,.T.);
#34740=ORIENTED_EDGE('',*,*,#26000,.F.);
#34750=ORIENTED_EDGE('',*,*,#26110,.F.);
#34760=CARTESIAN_POINT('',(-6.323077,26.530602,-31.6974999999999));
#34770=DIRECTION('',(1.,0.,0.));
#34780=VECTOR('',#34770,1.);
#34790=LINE('',#34760,#34780);
#34800=EDGE_CURVE('',#26100,#34710,#34790,.T.);
#34810=ORIENTED_EDGE('',*,*,#34800,.F.);
#34820=EDGE_LOOP('',(#34810,#34750,#34740,#34730));
#34830=FACE_OUTER_BOUND('',#34820,.T.);
#34840=ADVANCED_FACE('',(#34830),#34650,.T.);
#34850=CARTESIAN_POINT('',(-2.273077,23.380602,-46.0325));
#34860=DIRECTION('',(-0.707106781186546,0.,-0.707106781186549));
#34870=DIRECTION('',(-0.707106781186549,0.,0.707106781186546));
#34880=AXIS2_PLACEMENT_3D('',#34850,#34860,#34870);
#34890=PLANE('',#34880);
#34900=ORIENTED_EDGE('',*,*,#8050,.T.);
#34910=ORIENTED_EDGE('',*,*,#30760,.T.);
#34920=ORIENTED_EDGE('',*,*,#4440,.F.);
#34930=CARTESIAN_POINT('',(-6.323077,26.530602,-41.9825));
#34940=DIRECTION('',(-0.707106781186549,0.,0.707106781186546));
#34950=VECTOR('',#34940,1.);
#34960=LINE('',#34930,#34950);
#34970=EDGE_CURVE('',#4350,#7820,#34960,.T.);
#34980=ORIENTED_EDGE('',*,*,#34970,.F.);
#34990=EDGE_LOOP('',(#34980,#34920,#34910,#34900));
#35000=FACE_OUTER_BOUND('',#34990,.T.);
#35010=ADVANCED_FACE('',(#35000),#34890,.T.);
#35020=CARTESIAN_POINT('',(-10.523077,31.580602,-54.8125));
#35030=DIRECTION('',(-0.707106781186548,8.72273588157653E-17,
-0.707106781186548));
#35040=DIRECTION('',(-0.707106781186547,0.,0.707106781186547));
#35050=AXIS2_PLACEMENT_3D('',#35020,#35030,#35040);
#35060=PLANE('',#35050);
#35070=ORIENTED_EDGE('',*,*,#8680,.T.);
#35080=CARTESIAN_POINT('',(-11.523077,31.580602,-53.8125));
#35090=DIRECTION('',(1.2335811384724E-16,1.,0.));
#35100=VECTOR('',#35090,1.);
#35110=LINE('',#35080,#35100);
#35120=EDGE_CURVE('',#27390,#8610,#35110,.T.);
#35130=ORIENTED_EDGE('',*,*,#35120,.T.);
#35140=ORIENTED_EDGE('',*,*,#27400,.T.);
#35150=ORIENTED_EDGE('',*,*,#7110,.F.);
#35160=EDGE_LOOP('',(#35150,#35140,#35130,#35070));
#35170=FACE_OUTER_BOUND('',#35160,.T.);
#35180=ADVANCED_FACE('',(#35170),#35060,.T.);
#35190=CARTESIAN_POINT('',(-2.02307699999999,33.280602,-27.4975));
#35200=DIRECTION('',(5.55111512312578E-17,1.,0.));
#35210=DIRECTION('',(0.,0.,-1.));
#35220=AXIS2_PLACEMENT_3D('',#35190,#35200,#35210);
#35230=CYLINDRICAL_SURFACE('',#35220,0.75);
#35240=CARTESIAN_POINT('',(-2.02307699999999,33.280602,-28.2475));
#35250=DIRECTION('',(5.55111512312578E-17,1.,0.));
#35260=VECTOR('',#35250,1.);
#35270=LINE('',#35240,#35260);
#35280=CARTESIAN_POINT('',(-2.02307699999999,34.480602,-28.2475));
#35290=VERTEX_POINT('',#35280);
#35300=EDGE_CURVE('',#10080,#35290,#35270,.T.);
#35310=ORIENTED_EDGE('',*,*,#35300,.F.);
#35320=CARTESIAN_POINT('',(-2.02307699999999,34.480602,-27.4975));
#35330=DIRECTION('',(-5.55111512312578E-17,-1.,0.));
#35340=DIRECTION('',(0.,0.,-1.));
#35350=AXIS2_PLACEMENT_3D('',#35320,#35330,#35340);
#35360=CIRCLE('',#35350,0.75);
#35370=CARTESIAN_POINT('',(-2.02307699999999,34.480602,-26.7475));
#35380=VERTEX_POINT('',#35370);
#35390=EDGE_CURVE('',#35380,#35290,#35360,.T.);
#35400=ORIENTED_EDGE('',*,*,#35390,.T.);
#35410=CARTESIAN_POINT('',(-2.02307699999999,33.280602,-26.7475));
#35420=DIRECTION('',(5.55111512312578E-17,1.,0.));
#35430=VECTOR('',#35420,1.);
#35440=LINE('',#35410,#35430);
#35450=EDGE_CURVE('',#10100,#35380,#35440,.T.);
#35460=ORIENTED_EDGE('',*,*,#35450,.T.);
#35470=ORIENTED_EDGE('',*,*,#10130,.F.);
#35480=EDGE_LOOP('',(#35470,#35460,#35400,#35310));
#35490=FACE_OUTER_BOUND('',#35480,.T.);
#35500=ADVANCED_FACE('',(#35490),#35230,.T.);
#35510=CARTESIAN_POINT('',(-8.52307700000001,26.530602,-39.3174999999999
));
#35520=DIRECTION('',(0.,0.,1.));
#35530=DIRECTION('',(1.,0.,0.));
#35540=AXIS2_PLACEMENT_3D('',#35510,#35520,#35530);
#35550=PLANE('',#35540);
#35560=CARTESIAN_POINT('',(-2.223077,25.880602,-39.3174999999999));
#35570=DIRECTION('',(0.,1.,0.));
#35580=VECTOR('',#35570,1.);
#35590=LINE('',#35560,#35580);
#35600=CARTESIAN_POINT('',(-2.223077,26.530602,-39.3174999999999));
#35610=VERTEX_POINT('',#35600);
#35620=EDGE_CURVE('',#32380,#35610,#35590,.T.);
#35630=ORIENTED_EDGE('',*,*,#35620,.T.);
#35640=ORIENTED_EDGE('',*,*,#32390,.F.);
#35650=ORIENTED_EDGE('',*,*,#5390,.F.);
#35660=CARTESIAN_POINT('',(-6.323077,26.530602,-39.3174999999999));
#35670=DIRECTION('',(1.,0.,0.));
#35680=VECTOR('',#35670,1.);
#35690=LINE('',#35660,#35680);
#35700=EDGE_CURVE('',#5300,#35610,#35690,.T.);
#35710=ORIENTED_EDGE('',*,*,#35700,.F.);
#35720=EDGE_LOOP('',(#35710,#35650,#35640,#35630));
#35730=FACE_OUTER_BOUND('',#35720,.T.);
#35740=ADVANCED_FACE('',(#35730),#35550,.T.);
#35750=CARTESIAN_POINT('',(-3.52307700000002,26.530602,-44.1274999999999
));
#35760=DIRECTION('',(0.,0.,-1.));
#35770=DIRECTION('',(-1.,0.,0.));
#35780=AXIS2_PLACEMENT_3D('',#35750,#35760,#35770);
#35790=PLANE('',#35780);
#35800=ORIENTED_EDGE('',*,*,#25180,.F.);
#35810=CARTESIAN_POINT('',(-6.323077,19.430602,-44.1274999999999));
#35820=DIRECTION('',(1.,0.,0.));
#35830=VECTOR('',#35820,1.);
#35840=LINE('',#35810,#35830);
#35850=EDGE_CURVE('',#25090,#21160,#35840,.T.);
#35860=ORIENTED_EDGE('',*,*,#35850,.F.);
#35870=ORIENTED_EDGE('',*,*,#21170,.F.);
#35880=CARTESIAN_POINT('',(-6.323077,26.530602,-44.1274999999999));
#35890=DIRECTION('',(-1.,0.,0.));
#35900=VECTOR('',#35890,1.);
#35910=LINE('',#35880,#35900);
#35920=EDGE_CURVE('',#21080,#25170,#35910,.T.);
#35930=ORIENTED_EDGE('',*,*,#35920,.F.);
#35940=EDGE_LOOP('',(#35930,#35870,#35860,#35800));
#35950=FACE_OUTER_BOUND('',#35940,.T.);
#35960=ADVANCED_FACE('',(#35950),#35790,.T.);
#35970=CARTESIAN_POINT('',(-7.173077,36.180602,-43.4025));
#35980=DIRECTION('',(-0.936329177569045,-0.351123441588391,0.));
#35990=DIRECTION('',(0.351123441588391,-0.936329177569045,0.));
#36000=AXIS2_PLACEMENT_3D('',#35970,#35980,#35990);
#36010=PLANE('',#36000);
#36020=CARTESIAN_POINT('',(0.608172999999993,15.430602,-50.95875));
#36030=DIRECTION('',(-0.331294578224539,0.883452208598773,
0.331294578224539));
#36040=VECTOR('',#36030,1.);
#36050=LINE('',#36020,#36040);
#36060=CARTESIAN_POINT('',(-7.023077,35.780602,-43.3275));
#36070=VERTEX_POINT('',#36060);
#36080=CARTESIAN_POINT('',(-7.10879128571429,36.0091734285714,
-43.2417857142857));
#36090=VERTEX_POINT('',#36080);
#36100=EDGE_CURVE('',#36070,#36090,#36050,.T.);
#36110=ORIENTED_EDGE('',*,*,#36100,.F.);
#36120=CARTESIAN_POINT('',(0.608172999999995,15.430602,-41.955625));
#36130=DIRECTION('',(0.350523742702191,-0.934729980539178,
0.0584206237836986));
#36140=VECTOR('',#36130,1.);
#36150=LINE('',#36120,#36140);
#36160=CARTESIAN_POINT('',(-7.323077,36.580602,-43.2775));
#36170=VERTEX_POINT('',#36160);
#36180=EDGE_CURVE('',#36170,#36090,#36150,.T.);
#36190=ORIENTED_EDGE('',*,*,#36180,.T.);
#36200=CARTESIAN_POINT('',(-7.323077,36.580602,-43.4025));
#36210=DIRECTION('',(0.,0.,1.));
#36220=VECTOR('',#36210,1.);
#36230=LINE('',#36200,#36220);
#36240=CARTESIAN_POINT('',(-7.323077,36.580602,-43.9775));
#36250=VERTEX_POINT('',#36240);
#36260=EDGE_CURVE('',#36250,#36170,#36230,.T.);
#36270=ORIENTED_EDGE('',*,*,#36260,.T.);
#36280=CARTESIAN_POINT('',(0.608172999999989,15.430602,-45.299375));
#36290=DIRECTION('',(-0.350523742702191,0.934729980539178,
0.0584206237836986));
#36300=VECTOR('',#36290,1.);
#36310=LINE('',#36280,#36300);
#36320=CARTESIAN_POINT('',(-7.10879128571429,36.0091734285714,
-44.0132142857143));
#36330=VERTEX_POINT('',#36320);
#36340=EDGE_CURVE('',#36330,#36250,#36310,.T.);
#36350=ORIENTED_EDGE('',*,*,#36340,.T.);
#36360=CARTESIAN_POINT('',(0.608172999999995,15.430602,-36.29625));
#36370=DIRECTION('',(-0.331294578224539,0.883452208598772,
-0.331294578224539));
#36380=VECTOR('',#36370,1.);
#36390=LINE('',#36360,#36380);
#36400=CARTESIAN_POINT('',(-7.023077,35.780602,-43.9275));
#36410=VERTEX_POINT('',#36400);
#36420=EDGE_CURVE('',#36410,#36330,#36390,.T.);
#36430=ORIENTED_EDGE('',*,*,#36420,.T.);
#36440=CARTESIAN_POINT('',(-7.023077,35.780602,-43.4275));
#36450=DIRECTION('',(0.,0.,-1.));
#36460=VECTOR('',#36450,1.);
#36470=LINE('',#36440,#36460);
#36480=EDGE_CURVE('',#36070,#36410,#36470,.T.);
#36490=ORIENTED_EDGE('',*,*,#36480,.T.);
#36500=EDGE_LOOP('',(#36490,#36430,#36350,#36270,#36190,#36110));
#36510=FACE_OUTER_BOUND('',#36500,.T.);
#36520=ADVANCED_FACE('',(#36510),#36010,.F.);
#36530=CARTESIAN_POINT('',(-7.723077,18.680602,-27.3475));
#36540=DIRECTION('',(-1.,-0.,-0.));
#36550=DIRECTION('',(0.,0.,-1.));
#36560=AXIS2_PLACEMENT_3D('',#36530,#36540,#36550);
#36570=PLANE('',#36560);
#36580=ORIENTED_EDGE('',*,*,#29720,.T.);
#36590=ORIENTED_EDGE('',*,*,#3540,.F.);
#36600=CARTESIAN_POINT('',(-7.723077,27.780602,-25.1475));
#36610=DIRECTION('',(0.,0.,1.));
#36620=VECTOR('',#36610,1.);
#36630=LINE('',#36600,#36620);
#36640=EDGE_CURVE('',#3470,#25370,#36630,.T.);
#36650=ORIENTED_EDGE('',*,*,#36640,.F.);
#36660=ORIENTED_EDGE('',*,*,#25380,.T.);
#36670=EDGE_LOOP('',(#36660,#36650,#36590,#36580));
#36680=FACE_OUTER_BOUND('',#36670,.T.);
#36690=ADVANCED_FACE('',(#36680),#36570,.T.);
#36700=ORIENTED_EDGE('',*,*,#19440,.T.);
#36710=CARTESIAN_POINT('',(-2.223077,26.530602,-25.1475));
#36720=DIRECTION('',(0.,0.,-1.));
#36730=VECTOR('',#36720,1.);
#36740=LINE('',#36710,#36730);
#36750=CARTESIAN_POINT('',(-2.223077,26.530602,-32.6974999999999));
#36760=VERTEX_POINT('',#36750);
#36770=EDGE_CURVE('',#36760,#19410,#36740,.T.);
#36780=ORIENTED_EDGE('',*,*,#36770,.T.);
#36790=CARTESIAN_POINT('',(-2.223077,25.880602,-32.6974999999999));
#36800=DIRECTION('',(0.,-1.,0.));
#36810=VECTOR('',#36800,1.);
#36820=LINE('',#36790,#36810);
#36830=EDGE_CURVE('',#36760,#25750,#36820,.T.);
#36840=ORIENTED_EDGE('',*,*,#36830,.F.);
#36850=ORIENTED_EDGE('',*,*,#25780,.F.);
#36860=ORIENTED_EDGE('',*,*,#34720,.F.);
#36870=EDGE_CURVE('',#32710,#34710,#36740,.T.);
#36880=ORIENTED_EDGE('',*,*,#36870,.T.);
#36890=ORIENTED_EDGE('',*,*,#32720,.F.);
#36900=CARTESIAN_POINT('',(-2.223077,25.880602,-30.0475));
#36910=DIRECTION('',(0.,1.,0.));
#36920=VECTOR('',#36910,1.);
#36930=LINE('',#36900,#36920);
#36940=EDGE_CURVE('',#31310,#32610,#36930,.T.);
#36950=ORIENTED_EDGE('',*,*,#36940,.T.);
#36960=ORIENTED_EDGE('',*,*,#31320,.T.);
#36970=EDGE_LOOP('',(#36960,#36950,#36890,#36880,#36860,#36850,#36840,
#36780,#36700));
#36980=FACE_OUTER_BOUND('',#36970,.T.);
#36990=ADVANCED_FACE('',(#36980),#22060,.F.);
#37000=ORIENTED_EDGE('',*,*,#9250,.T.);
#37010=ORIENTED_EDGE('',*,*,#20430,.T.);
#37020=ORIENTED_EDGE('',*,*,#840,.F.);
#37030=ORIENTED_EDGE('',*,*,#24050,.T.);
#37040=EDGE_LOOP('',(#37030,#37020,#37010,#37000));
#37050=FACE_OUTER_BOUND('',#37040,.T.);
#37060=ADVANCED_FACE('',(#37050),#23770,.T.);
#37070=CARTESIAN_POINT('',(-9.973077,26.530602,-37.2125000000001));
#37080=DIRECTION('',(0.707106781186545,-0.,0.70710678118655));
#37090=DIRECTION('',(0.70710678118655,0.,-0.707106781186545));
#37100=AXIS2_PLACEMENT_3D('',#37070,#37080,#37090);
#37110=PLANE('',#37100);
#37120=ORIENTED_EDGE('',*,*,#19910,.F.);
#37130=ORIENTED_EDGE('',*,*,#30100,.T.);
#37140=ORIENTED_EDGE('',*,*,#2080,.F.);
#37150=CARTESIAN_POINT('',(-6.323077,26.530602,-40.8625000000001));
#37160=DIRECTION('',(0.70710678118655,0.,-0.707106781186545));
#37170=VECTOR('',#37160,1.);
#37180=LINE('',#37150,#37170);
#37190=EDGE_CURVE('',#1990,#19900,#37180,.T.);
#37200=ORIENTED_EDGE('',*,*,#37190,.F.);
#37210=EDGE_LOOP('',(#37200,#37140,#37130,#37120));
#37220=FACE_OUTER_BOUND('',#37210,.T.);
#37230=ADVANCED_FACE('',(#37220),#37110,.T.);
#37240=ORIENTED_EDGE('',*,*,#32640,.F.);
#37250=CARTESIAN_POINT('',(-1.373077,25.880602,-30.0475));
#37260=DIRECTION('',(0.,1.,0.));
#37270=VECTOR('',#37260,1.);
#37280=LINE('',#37250,#37270);
#37290=EDGE_CURVE('',#31390,#32630,#37280,.T.);
#37300=ORIENTED_EDGE('',*,*,#37290,.T.);
#37310=ORIENTED_EDGE('',*,*,#31400,.F.);
#37320=ORIENTED_EDGE('',*,*,#36940,.F.);
#37330=EDGE_LOOP('',(#37320,#37310,#37300,#37240));
#37340=FACE_OUTER_BOUND('',#37330,.T.);
#37350=ADVANCED_FACE('',(#37340),#2830,.T.);
#37360=CARTESIAN_POINT('',(-11.523077,30.6679233307353,-27.9635272397238
));
#37370=DIRECTION('',(-1.,1.2335811384724E-16,0.));
#37380=DIRECTION('',(1.2335811384724E-16,1.,0.));
#37390=AXIS2_PLACEMENT_3D('',#37360,#37370,#37380);
#37400=PLANE('',#37390);
#37410=CARTESIAN_POINT('',(-11.523077,25.880602,-29.9175));
#37420=DIRECTION('',(-1.2335811384724E-16,-1.,0.));
#37430=VECTOR('',#37420,1.);
#37440=LINE('',#37410,#37430);
#37450=CARTESIAN_POINT('',(-11.523077,27.280602,-29.9175));
#37460=VERTEX_POINT('',#37450);
#37470=EDGE_CURVE('',#9720,#37460,#37440,.T.);
#37480=ORIENTED_EDGE('',*,*,#37470,.T.);
#37490=ORIENTED_EDGE('',*,*,#9730,.T.);
#37500=ORIENTED_EDGE('',*,*,#24290,.F.);
#37510=ORIENTED_EDGE('',*,*,#400,.F.);
#37520=ORIENTED_EDGE('',*,*,#24540,.T.);
#37530=ORIENTED_EDGE('',*,*,#32030,.F.);
#37540=ORIENTED_EDGE('',*,*,#21970,.T.);
#37550=ORIENTED_EDGE('',*,*,#27150,.T.);
#37560=ORIENTED_EDGE('',*,*,#31980,.F.);
#37570=CARTESIAN_POINT('',(-11.523077,25.880602,-52.2375));
#37580=DIRECTION('',(1.2335811384724E-16,1.,0.));
#37590=VECTOR('',#37580,1.);
#37600=LINE('',#37570,#37590);
#37610=EDGE_CURVE('',#31910,#27470,#37600,.T.);
#37620=ORIENTED_EDGE('',*,*,#37610,.F.);
#37630=ORIENTED_EDGE('',*,*,#27480,.F.);
#37640=ORIENTED_EDGE('',*,*,#35120,.F.);
#37650=ORIENTED_EDGE('',*,*,#8620,.F.);
#37660=CARTESIAN_POINT('',(-11.523077,25.880602,-49.7174999999999));
#37670=DIRECTION('',(1.2335811384724E-16,1.,0.));
#37680=VECTOR('',#37670,1.);
#37690=LINE('',#37660,#37680);
#37700=CARTESIAN_POINT('',(-11.523077,27.280602,-49.7174999999999));
#37710=VERTEX_POINT('',#37700);
#37720=EDGE_CURVE('',#37710,#8530,#37690,.T.);
#37730=ORIENTED_EDGE('',*,*,#37720,.T.);
#37740=CARTESIAN_POINT('',(-11.523077,27.280602,-39.8175));
#37750=DIRECTION('',(0.,0.,-1.));
#37760=VECTOR('',#37750,1.);
#37770=LINE('',#37740,#37760);
#37780=EDGE_CURVE('',#37460,#37710,#37770,.T.);
#37790=ORIENTED_EDGE('',*,*,#37780,.T.);
#37800=EDGE_LOOP('',(#37790,#37730,#37650,#37640,#37630,#37620,#37560,
#37550,#37540,#37530,#37520,#37510,#37500,#37490,#37480));
#37810=FACE_OUTER_BOUND('',#37800,.T.);
#37820=ADVANCED_FACE('',(#37810),#37400,.T.);
#37830=CARTESIAN_POINT('',(-6.023077,27.780602,-28.7225));
#37840=DIRECTION('',(0.,-1.,0.));
#37850=DIRECTION('',(0.,0.,1.));
#37860=AXIS2_PLACEMENT_3D('',#37830,#37840,#37850);
#37870=PLANE('',#37860);
#37880=ORIENTED_EDGE('',*,*,#32960,.F.);
#37890=CARTESIAN_POINT('',(-10.673077,27.780602,-25.1475));
#37900=DIRECTION('',(0.,0.,-1.));
#37910=VECTOR('',#37900,1.);
#37920=LINE('',#37890,#37910);
#37930=EDGE_CURVE('',#25450,#32870,#37920,.T.);
#37940=ORIENTED_EDGE('',*,*,#37930,.T.);
#37950=ORIENTED_EDGE('',*,*,#25460,.T.);
#37960=ORIENTED_EDGE('',*,*,#36640,.T.);
#37970=ORIENTED_EDGE('',*,*,#3480,.T.);
#37980=CARTESIAN_POINT('',(-6.723077,27.780602,-25.1475));
#37990=DIRECTION('',(0.,0.,-1.));
#38000=VECTOR('',#37990,1.);
#38010=LINE('',#37980,#38000);
#38020=EDGE_CURVE('',#18490,#3390,#38010,.T.);
#38030=ORIENTED_EDGE('',*,*,#38020,.T.);
#38040=ORIENTED_EDGE('',*,*,#18500,.T.);
#38050=CARTESIAN_POINT('',(-1.373077,27.780602,-25.1475));
#38060=DIRECTION('',(0.,0.,1.));
#38070=VECTOR('',#38060,1.);
#38080=LINE('',#38050,#38070);
#38090=EDGE_CURVE('',#32950,#18410,#38080,.T.);
#38100=ORIENTED_EDGE('',*,*,#38090,.T.);
#38110=EDGE_LOOP('',(#38100,#38040,#38030,#37970,#37960,#37950,#37940,
#37880));
#38120=FACE_OUTER_BOUND('',#38110,.T.);
#38130=ADVANCED_FACE('',(#38120),#37870,.T.);
#38140=CARTESIAN_POINT('',(-2.273077,23.380602,-34.6025));
#38150=DIRECTION('',(-0.707106781186546,-0.,-0.707106781186549));
#38160=DIRECTION('',(0.707106781186549,0.,-0.707106781186546));
#38170=AXIS2_PLACEMENT_3D('',#38140,#38150,#38160);
#38180=PLANE('',#38170);
#38190=ORIENTED_EDGE('',*,*,#34330,.F.);
#38200=ORIENTED_EDGE('',*,*,#31170,.T.);
#38210=ORIENTED_EDGE('',*,*,#22420,.T.);
#38220=CARTESIAN_POINT('',(-6.323077,26.530602,-30.5525));
#38230=DIRECTION('',(-0.707106781186549,0.,0.707106781186546));
#38240=VECTOR('',#38230,1.);
#38250=LINE('',#38220,#38240);
#38260=EDGE_CURVE('',#22330,#34320,#38250,.T.);
#38270=ORIENTED_EDGE('',*,*,#38260,.F.);
#38280=EDGE_LOOP('',(#38270,#38210,#38200,#38190));
#38290=FACE_OUTER_BOUND('',#38280,.T.);
#38300=ADVANCED_FACE('',(#38290),#38180,.T.);
#38310=ORIENTED_EDGE('',*,*,#26780,.F.);
#38320=ORIENTED_EDGE('',*,*,#32450,.F.);
#38330=ORIENTED_EDGE('',*,*,#35620,.F.);
#38340=CARTESIAN_POINT('',(-2.223077,26.530602,-25.1475));
#38350=DIRECTION('',(0.,0.,-1.));
#38360=VECTOR('',#38350,1.);
#38370=LINE('',#38340,#38360);
#38380=EDGE_CURVE('',#33390,#35610,#38370,.T.);
#38390=ORIENTED_EDGE('',*,*,#38380,.T.);
#38400=ORIENTED_EDGE('',*,*,#33480,.F.);
#38410=ORIENTED_EDGE('',*,*,#30950,.T.);
#38420=ORIENTED_EDGE('',*,*,#20150,.T.);
#38430=EDGE_CURVE('',#26770,#20120,#38370,.T.);
#38440=ORIENTED_EDGE('',*,*,#38430,.T.);
#38450=EDGE_LOOP('',(#38440,#38420,#38410,#38400,#38390,#38330,#38320,
#38310));
#38460=FACE_OUTER_BOUND('',#38450,.T.);
#38470=ADVANCED_FACE('',(#38460),#22060,.F.);
#38480=CARTESIAN_POINT('',(-6.023077,19.430602,-41.79));
#38490=DIRECTION('',(0.,-1.,0.));
#38500=DIRECTION('',(0.,0.,1.));
#38510=AXIS2_PLACEMENT_3D('',#38480,#38490,#38500);
#38520=PLANE('',#38510);
#38530=ORIENTED_EDGE('',*,*,#25100,.F.);
#38540=ORIENTED_EDGE('',*,*,#6390,.T.);
#38550=ORIENTED_EDGE('',*,*,#21230,.F.);
#38560=ORIENTED_EDGE('',*,*,#35850,.T.);
#38570=EDGE_LOOP('',(#38560,#38550,#38540,#38530));
#38580=FACE_OUTER_BOUND('',#38570,.T.);
#38590=ADVANCED_FACE('',(#38580),#38520,.T.);
#38600=CARTESIAN_POINT('',(-4.42307699999999,32.780602,-23.8224999999999
));
#38610=DIRECTION('',(1.,-5.55111512312578E-17,0.));
#38620=DIRECTION('',(0.,0.,1.));
#38630=AXIS2_PLACEMENT_3D('',#38600,#38610,#38620);
#38640=PLANE('',#38630);
#38650=CARTESIAN_POINT('',(-4.42307699999999,25.880602,-24.0225));
#38660=DIRECTION('',(-5.55111512312578E-17,-1.,0.));
#38670=VECTOR('',#38660,1.);
#38680=LINE('',#38650,#38670);
#38690=EDGE_CURVE('',#9400,#630,#38680,.T.);
#38700=ORIENTED_EDGE('',*,*,#38690,.F.);
#38710=ORIENTED_EDGE('',*,*,#640,.F.);
#38720=ORIENTED_EDGE('',*,*,#23820,.F.);
#38730=ORIENTED_EDGE('',*,*,#9490,.F.);
#38740=EDGE_LOOP('',(#38730,#38720,#38710,#38700));
#38750=FACE_OUTER_BOUND('',#38740,.T.);
#38760=ADVANCED_FACE('',(#38750),#38640,.T.);
#38770=CARTESIAN_POINT('',(-6.023077,27.780602,-50.9124999999999));
#38780=DIRECTION('',(0.,1.,0.));
#38790=DIRECTION('',(0.,0.,-1.));
#38800=AXIS2_PLACEMENT_3D('',#38770,#38780,#38790);
#38810=PLANE('',#38800);
#38820=ORIENTED_EDGE('',*,*,#2520,.F.);
#38830=ORIENTED_EDGE('',*,*,#32200,.T.);
#38840=CARTESIAN_POINT('',(-6.723077,27.780602,-25.1475));
#38850=DIRECTION('',(0.,0.,1.));
#38860=VECTOR('',#38850,1.);
#38870=LINE('',#38840,#38860);
#38880=EDGE_CURVE('',#32130,#5030,#38870,.T.);
#38890=ORIENTED_EDGE('',*,*,#38880,.F.);
#38900=ORIENTED_EDGE('',*,*,#5040,.F.);
#38910=ORIENTED_EDGE('',*,*,#18230,.F.);
#38920=ORIENTED_EDGE('',*,*,#28640,.F.);
#38930=ORIENTED_EDGE('',*,*,#29090,.F.);
#38940=ORIENTED_EDGE('',*,*,#33920,.T.);
#38950=EDGE_LOOP('',(#38940,#38930,#38920,#38910,#38900,#38890,#38830,
#38820));
#38960=FACE_OUTER_BOUND('',#38950,.T.);
#38970=ADVANCED_FACE('',(#38960),#38810,.F.);
#38980=CARTESIAN_POINT('',(-9.67307700000001,26.680602,-39.3175));
#38990=DIRECTION('',(1.,-1.2335811384724E-16,0.));
#39000=DIRECTION('',(0.,0.,-1.));
#39010=AXIS2_PLACEMENT_3D('',#38980,#38990,#39000);
#39020=PLANE('',#39010);
#39030=ORIENTED_EDGE('',*,*,#6710,.F.);
#39040=ORIENTED_EDGE('',*,*,#30200,.T.);
#39050=ORIENTED_EDGE('',*,*,#21570,.T.);
#39060=CARTESIAN_POINT('',(-9.67307700000001,26.530602,-25.1475));
#39070=DIRECTION('',(0.,0.,-1.));
#39080=VECTOR('',#39070,1.);
#39090=LINE('',#39060,#39080);
#39100=EDGE_CURVE('',#21500,#6680,#39090,.T.);
#39110=ORIENTED_EDGE('',*,*,#39100,.F.);
#39120=EDGE_LOOP('',(#39110,#39050,#39040,#39030));
#39130=FACE_OUTER_BOUND('',#39120,.T.);
#39140=ADVANCED_FACE('',(#39130),#39020,.T.);
#39150=CARTESIAN_POINT('',(-9.923077,25.680602,-49.5875));
#39160=DIRECTION('',(0.,-0.,1.));
#39170=DIRECTION('',(0.,1.,0.));
#39180=AXIS2_PLACEMENT_3D('',#39150,#39160,#39170);
#39190=PLANE('',#39180);
#39200=ORIENTED_EDGE('',*,*,#4600,.T.);
#39210=ORIENTED_EDGE('',*,*,#30690,.T.);
#39220=ORIENTED_EDGE('',*,*,#2680,.F.);
#39230=ORIENTED_EDGE('',*,*,#33850,.T.);
#39240=EDGE_LOOP('',(#39230,#39220,#39210,#39200));
#39250=FACE_OUTER_BOUND('',#39240,.T.);
#39260=ADVANCED_FACE('',(#39250),#39190,.F.);
#39270=CARTESIAN_POINT('',(-10.023077,19.430602,-44.6324999999999));
#39280=DIRECTION('',(0.,0.,1.));
#39290=DIRECTION('',(1.,0.,0.));
#39300=AXIS2_PLACEMENT_3D('',#39270,#39280,#39290);
#39310=PLANE('',#39300);
#39320=ORIENTED_EDGE('',*,*,#3940,.T.);
#39330=ORIENTED_EDGE('',*,*,#30280,.T.);
#39340=ORIENTED_EDGE('',*,*,#24880,.F.);
#39350=CARTESIAN_POINT('',(-6.323077,26.530602,-44.6324999999999));
#39360=DIRECTION('',(-1.,0.,0.));
#39370=VECTOR('',#39360,1.);
#39380=LINE('',#39350,#39370);
#39390=EDGE_CURVE('',#24870,#3690,#39380,.T.);
#39400=ORIENTED_EDGE('',*,*,#39390,.F.);
#39410=EDGE_LOOP('',(#39400,#39340,#39330,#39320));
#39420=FACE_OUTER_BOUND('',#39410,.T.);
#39430=ADVANCED_FACE('',(#39420),#39310,.F.);
#39440=CARTESIAN_POINT('',(-10.673077,19.680602,-37.2575));
#39450=DIRECTION('',(1.,-0.,0.));
#39460=DIRECTION('',(0.,0.,-1.));
#39470=AXIS2_PLACEMENT_3D('',#39440,#39450,#39460);
#39480=PLANE('',#39470);
#39490=CARTESIAN_POINT('',(-10.673077,26.880602,-33.2025));
#39500=DIRECTION('',(0.,1.,0.));
#39510=VECTOR('',#39500,1.);
#39520=LINE('',#39490,#39510);
#39530=CARTESIAN_POINT('',(-10.673077,26.530602,-33.2025));
#39540=VERTEX_POINT('',#39530);
#39550=EDGE_CURVE('',#29880,#39540,#39520,.T.);
#39560=ORIENTED_EDGE('',*,*,#39550,.F.);
#39570=CARTESIAN_POINT('',(-10.673077,26.530602,-25.1475));
#39580=DIRECTION('',(0.,0.,1.));
#39590=VECTOR('',#39580,1.);
#39600=LINE('',#39570,#39590);
#39610=CARTESIAN_POINT('',(-10.673077,26.530602,-35.0025));
#39620=VERTEX_POINT('',#39610);
#39630=EDGE_CURVE('',#39620,#39540,#39600,.T.);
#39640=ORIENTED_EDGE('',*,*,#39630,.T.);
#39650=CARTESIAN_POINT('',(-10.673077,26.880602,-35.0025));
#39660=DIRECTION('',(0.,1.,0.));
#39670=VECTOR('',#39660,1.);
#39680=LINE('',#39650,#39670);
#39690=EDGE_CURVE('',#29960,#39620,#39680,.T.);
#39700=ORIENTED_EDGE('',*,*,#39690,.T.);
#39710=ORIENTED_EDGE('',*,*,#29970,.F.);
#39720=EDGE_LOOP('',(#39710,#39700,#39640,#39560));
#39730=FACE_OUTER_BOUND('',#39720,.T.);
#39740=ADVANCED_FACE('',(#39730),#39480,.T.);
#39750=CARTESIAN_POINT('',(-3.52307700000001,26.530602,-32.6974999999999
));
#39760=DIRECTION('',(0.,0.,-1.));
#39770=DIRECTION('',(-1.,0.,0.));
#39780=AXIS2_PLACEMENT_3D('',#39750,#39760,#39770);
#39790=PLANE('',#39780);
#39800=ORIENTED_EDGE('',*,*,#26200,.F.);
#39810=ORIENTED_EDGE('',*,*,#25860,.F.);
#39820=ORIENTED_EDGE('',*,*,#36830,.T.);
#39830=CARTESIAN_POINT('',(-6.323077,26.530602,-32.6974999999999));
#39840=DIRECTION('',(-1.,0.,0.));
#39850=VECTOR('',#39840,1.);
#39860=LINE('',#39830,#39850);
#39870=EDGE_CURVE('',#36760,#26190,#39860,.T.);
#39880=ORIENTED_EDGE('',*,*,#39870,.F.);
#39890=EDGE_LOOP('',(#39880,#39820,#39810,#39800));
#39900=FACE_OUTER_BOUND('',#39890,.T.);
#39910=ADVANCED_FACE('',(#39900),#39790,.T.);
#39920=CARTESIAN_POINT('',(-6.723077,27.580602,-27.3975));
#39930=DIRECTION('',(-1.,0.,0.));
#39940=DIRECTION('',(0.,0.,1.));
#39950=AXIS2_PLACEMENT_3D('',#39920,#39930,#39940);
#39960=PLANE('',#39950);
#39970=ORIENTED_EDGE('',*,*,#18580,.F.);
#39980=ORIENTED_EDGE('',*,*,#38020,.F.);
#39990=ORIENTED_EDGE('',*,*,#3400,.T.);
#40000=ORIENTED_EDGE('',*,*,#31530,.F.);
#40010=EDGE_LOOP('',(#40000,#39990,#39980,#39970));
#40020=FACE_OUTER_BOUND('',#40010,.T.);
#40030=ADVANCED_FACE('',(#40020),#39960,.F.);
#40040=CARTESIAN_POINT('',(-10.023077,19.430602,-35.0025));
#40050=DIRECTION('',(0.,0.,1.));
#40060=DIRECTION('',(1.,0.,0.));
#40070=AXIS2_PLACEMENT_3D('',#40040,#40050,#40060);
#40080=PLANE('',#40070);
#40090=ORIENTED_EDGE('',*,*,#2240,.T.);
#40100=ORIENTED_EDGE('',*,*,#30030,.F.);
#40110=ORIENTED_EDGE('',*,*,#39690,.F.);
#40120=CARTESIAN_POINT('',(-6.323077,26.530602,-35.0025));
#40130=DIRECTION('',(-1.,0.,0.));
#40140=VECTOR('',#40130,1.);
#40150=LINE('',#40120,#40140);
#40160=EDGE_CURVE('',#2230,#39620,#40150,.T.);
#40170=ORIENTED_EDGE('',*,*,#40160,.T.);
#40180=EDGE_LOOP('',(#40170,#40110,#40100,#40090));
#40190=FACE_OUTER_BOUND('',#40180,.T.);
#40200=ADVANCED_FACE('',(#40190),#40080,.T.);
#40210=CARTESIAN_POINT('',(-4.023077,32.580602,-33.3225));
#40220=DIRECTION('',(1.,-0.,0.));
#40230=DIRECTION('',(0.,0.,-1.));
#40240=AXIS2_PLACEMENT_3D('',#40210,#40220,#40230);
#40250=PLANE('',#40240);
#40260=CARTESIAN_POINT('',(-4.02307699999999,34.355602,-31.8975));
#40270=DIRECTION('',(0.,-1.,0.));
#40280=VECTOR('',#40270,1.);
#40290=LINE('',#40260,#40280);
#40300=CARTESIAN_POINT('',(-4.02307699999999,35.780602,-31.8975));
#40310=VERTEX_POINT('',#40300);
#40320=EDGE_CURVE('',#40310,#13400,#40290,.T.);
#40330=ORIENTED_EDGE('',*,*,#40320,.T.);
#40340=CARTESIAN_POINT('',(-4.023077,35.780602,-32.3975));
#40350=DIRECTION('',(0.,0.,-1.));
#40360=VECTOR('',#40350,1.);
#40370=LINE('',#40340,#40360);
#40380=CARTESIAN_POINT('',(-4.023077,35.780602,-32.4975));
#40390=VERTEX_POINT('',#40380);
#40400=EDGE_CURVE('',#40310,#40390,#40370,.T.);
#40410=ORIENTED_EDGE('',*,*,#40400,.F.);
#40420=CARTESIAN_POINT('',(-4.023077,34.355602,-32.4975));
#40430=DIRECTION('',(0.,-1.,0.));
#40440=VECTOR('',#40430,1.);
#40450=LINE('',#40420,#40440);
#40460=EDGE_CURVE('',#40390,#13500,#40450,.T.);
#40470=ORIENTED_EDGE('',*,*,#40460,.F.);
#40480=ORIENTED_EDGE('',*,*,#13510,.T.);
#40490=EDGE_LOOP('',(#40480,#40470,#40410,#40330));
#40500=FACE_OUTER_BOUND('',#40490,.T.);
#40510=ADVANCED_FACE('',(#40500),#40250,.T.);
#40520=CARTESIAN_POINT('',(-1.323077,34.280602,-29.9175));
#40530=DIRECTION('',(1.,0.,-0.));
#40540=DIRECTION('',(0.,0.,1.));
#40550=AXIS2_PLACEMENT_3D('',#40520,#40530,#40540);
#40560=PLANE('',#40550);
#40570=CARTESIAN_POINT('',(-1.323077,25.880602,-49.7174999999999));
#40580=DIRECTION('',(0.,-1.,0.));
#40590=VECTOR('',#40580,1.);
#40600=LINE('',#40570,#40590);
#40610=CARTESIAN_POINT('',(-1.323077,28.080602,-49.7174999999999));
#40620=VERTEX_POINT('',#40610);
#40630=EDGE_CURVE('',#8880,#40620,#40600,.T.);
#40640=ORIENTED_EDGE('',*,*,#40630,.F.);
#40650=CARTESIAN_POINT('',(-1.323077,28.080602,-39.8175));
#40660=DIRECTION('',(0.,0.,1.));
#40670=VECTOR('',#40660,1.);
#40680=LINE('',#40650,#40670);
#40690=CARTESIAN_POINT('',(-1.323077,28.080602,-29.9175));
#40700=VERTEX_POINT('',#40690);
#40710=EDGE_CURVE('',#40620,#40700,#40680,.T.);
#40720=ORIENTED_EDGE('',*,*,#40710,.F.);
#40730=CARTESIAN_POINT('',(-1.323077,25.880602,-29.9175));
#40740=DIRECTION('',(0.,-1.,0.));
#40750=VECTOR('',#40740,1.);
#40760=LINE('',#40730,#40750);
#40770=EDGE_CURVE('',#8960,#40700,#40760,.T.);
#40780=ORIENTED_EDGE('',*,*,#40770,.T.);
#40790=ORIENTED_EDGE('',*,*,#8970,.T.);
#40800=EDGE_LOOP('',(#40790,#40780,#40720,#40640));
#40810=FACE_OUTER_BOUND('',#40800,.T.);
#40820=ADVANCED_FACE('',(#40810),#40560,.T.);
#40830=CARTESIAN_POINT('',(-9.973077,26.430602,-35.5074999999999));
#40840=DIRECTION('',(0.,0.,1.));
#40850=DIRECTION('',(1.,0.,0.));
#40860=AXIS2_PLACEMENT_3D('',#40830,#40840,#40850);
#40870=PLANE('',#40860);
#40880=ORIENTED_EDGE('',*,*,#22300,.T.);
#40890=ORIENTED_EDGE('',*,*,#23260,.F.);
#40900=ORIENTED_EDGE('',*,*,#1760,.F.);
#40910=CARTESIAN_POINT('',(-6.323077,26.530602,-35.5074999999999));
#40920=DIRECTION('',(1.,0.,0.));
#40930=VECTOR('',#40920,1.);
#40940=LINE('',#40910,#40930);
#40950=EDGE_CURVE('',#1750,#22290,#40940,.T.);
#40960=ORIENTED_EDGE('',*,*,#40950,.F.);
#40970=EDGE_LOOP('',(#40960,#40900,#40890,#40880));
#40980=FACE_OUTER_BOUND('',#40970,.T.);
#40990=ADVANCED_FACE('',(#40980),#40870,.T.);
#41000=CARTESIAN_POINT('',(-0.523076999999999,23.330602,-37.9125));
#41010=DIRECTION('',(1.,0.,0.));
#41020=DIRECTION('',(0.,1.,0.));
#41030=AXIS2_PLACEMENT_3D('',#41000,#41010,#41020);
#41040=PLANE('',#41030);
#41050=CARTESIAN_POINT('',(-0.523076999999999,25.880602,
-49.7174999999999));
#41060=DIRECTION('',(0.,-1.,0.));
#41070=VECTOR('',#41060,1.);
#41080=LINE('',#41050,#41070);
#41090=CARTESIAN_POINT('',(-0.523076999999999,27.280602,
-49.7174999999999));
#41100=VERTEX_POINT('',#41090);
#41110=EDGE_CURVE('',#8840,#41100,#41080,.T.);
#41120=ORIENTED_EDGE('',*,*,#41110,.T.);
#41130=ORIENTED_EDGE('',*,*,#8850,.F.);
#41140=CARTESIAN_POINT('',(-0.523076999999999,31.580602,-55.3125));
#41150=DIRECTION('',(0.,-1.,0.));
#41160=VECTOR('',#41150,1.);
#41170=LINE('',#41140,#41160);
#41180=EDGE_CURVE('',#8760,#27300,#41170,.T.);
#41190=ORIENTED_EDGE('',*,*,#41180,.F.);
#41200=ORIENTED_EDGE('',*,*,#27800,.F.);
#41210=ORIENTED_EDGE('',*,*,#33240,.F.);
#41220=ORIENTED_EDGE('',*,*,#31660,.T.);
#41230=ORIENTED_EDGE('',*,*,#7650,.T.);
#41240=ORIENTED_EDGE('',*,*,#980,.F.);
#41250=ORIENTED_EDGE('',*,*,#20500,.T.);
#41260=ORIENTED_EDGE('',*,*,#9090,.F.);
#41270=CARTESIAN_POINT('',(-0.523076999999999,25.880602,-29.9175));
#41280=DIRECTION('',(0.,1.,0.));
#41290=VECTOR('',#41280,1.);
#41300=LINE('',#41270,#41290);
#41310=CARTESIAN_POINT('',(-0.523076999999999,27.280602,-29.9175));
#41320=VERTEX_POINT('',#41310);
#41330=EDGE_CURVE('',#41320,#9040,#41300,.T.);
#41340=ORIENTED_EDGE('',*,*,#41330,.T.);
#41350=CARTESIAN_POINT('',(-0.523076999999999,27.280602,-39.8175));
#41360=DIRECTION('',(0.,0.,1.));
#41370=VECTOR('',#41360,1.);
#41380=LINE('',#41350,#41370);
#41390=EDGE_CURVE('',#41100,#41320,#41380,.T.);
#41400=ORIENTED_EDGE('',*,*,#41390,.T.);
#41410=EDGE_LOOP('',(#41400,#41340,#41260,#41250,#41240,#41230,#41220,
#41210,#41200,#41190,#41130,#41120));
#41420=FACE_OUTER_BOUND('',#41410,.T.);
#41430=ADVANCED_FACE('',(#41420),#41040,.T.);
#41440=CARTESIAN_POINT('',(-8.52307700000003,26.530602,-46.9374999999999
));
#41450=DIRECTION('',(0.,0.,1.));
#41460=DIRECTION('',(1.,0.,0.));
#41470=AXIS2_PLACEMENT_3D('',#41440,#41450,#41460);
#41480=PLANE('',#41470);
#41490=ORIENTED_EDGE('',*,*,#4280,.F.);
#41500=CARTESIAN_POINT('',(-6.323077,19.430602,-46.9374999999999));
#41510=DIRECTION('',(-1.,0.,0.));
#41520=VECTOR('',#41510,1.);
#41530=LINE('',#41500,#41520);
#41540=CARTESIAN_POINT('',(-9.823077,19.430602,-46.9374999999999));
#41550=VERTEX_POINT('',#41540);
#41560=EDGE_CURVE('',#4190,#41550,#41530,.T.);
#41570=ORIENTED_EDGE('',*,*,#41560,.F.);
#41580=CARTESIAN_POINT('',(-9.823077,25.880602,-46.9374999999999));
#41590=DIRECTION('',(0.,-1.,0.));
#41600=VECTOR('',#41590,1.);
#41610=LINE('',#41580,#41600);
#41620=CARTESIAN_POINT('',(-9.823077,26.530602,-46.9374999999999));
#41630=VERTEX_POINT('',#41620);
#41640=EDGE_CURVE('',#41630,#41550,#41610,.T.);
#41650=ORIENTED_EDGE('',*,*,#41640,.T.);
#41660=CARTESIAN_POINT('',(-6.323077,26.530602,-46.9374999999999));
#41670=DIRECTION('',(1.,0.,0.));
#41680=VECTOR('',#41670,1.);
#41690=LINE('',#41660,#41680);
#41700=EDGE_CURVE('',#41630,#4270,#41690,.T.);
#41710=ORIENTED_EDGE('',*,*,#41700,.F.);
#41720=EDGE_LOOP('',(#41710,#41650,#41570,#41490));
#41730=FACE_OUTER_BOUND('',#41720,.T.);
#41740=ADVANCED_FACE('',(#41730),#41480,.T.);
#41750=CARTESIAN_POINT('',(-11.523077,34.280602,-49.7174999999999));
#41760=DIRECTION('',(0.,0.,1.));
#41770=DIRECTION('',(-1.,0.,0.));
#41780=AXIS2_PLACEMENT_3D('',#41750,#41760,#41770);
#41790=PLANE('',#41780);
#41800=ORIENTED_EDGE('',*,*,#8890,.T.);
#41810=ORIENTED_EDGE('',*,*,#41110,.F.);
#41820=CARTESIAN_POINT('',(0.876923000000002,25.880602,-49.7174999999999
));
#41830=DIRECTION('',(-0.707106781186547,0.707106781186548,0.));
#41840=VECTOR('',#41830,1.);
#41850=LINE('',#41820,#41840);
#41860=EDGE_CURVE('',#41100,#40620,#41850,.T.);
#41870=ORIENTED_EDGE('',*,*,#41860,.F.);
#41880=ORIENTED_EDGE('',*,*,#40630,.T.);
#41890=EDGE_LOOP('',(#41880,#41870,#41810,#41800));
#41900=FACE_OUTER_BOUND('',#41890,.T.);
#41910=ADVANCED_FACE('',(#41900),#41790,.T.);
#41920=CARTESIAN_POINT('',(-7.023077,34.205602,-46.485));
#41930=DIRECTION('',(-1.,-0.,-0.));
#41940=DIRECTION('',(0.,0.,-1.));
#41950=AXIS2_PLACEMENT_3D('',#41920,#41930,#41940);
#41960=PLANE('',#41950);
#41970=CARTESIAN_POINT('',(-7.023077,34.355602,-47.1375));
#41980=DIRECTION('',(0.,-1.,0.));
#41990=VECTOR('',#41980,1.);
#42000=LINE('',#41970,#41990);
#42010=CARTESIAN_POINT('',(-7.023077,35.780602,-47.1375));
#42020=VERTEX_POINT('',#42010);
#42030=EDGE_CURVE('',#42020,#11060,#42000,.T.);
#42040=ORIENTED_EDGE('',*,*,#42030,.T.);
#42050=CARTESIAN_POINT('',(-7.023077,35.780602,-47.2375));
#42060=DIRECTION('',(0.,0.,-1.));
#42070=VECTOR('',#42060,1.);
#42080=LINE('',#42050,#42070);
#42090=CARTESIAN_POINT('',(-7.023077,35.780602,-47.7375));
#42100=VERTEX_POINT('',#42090);
#42110=EDGE_CURVE('',#42020,#42100,#42080,.T.);
#42120=ORIENTED_EDGE('',*,*,#42110,.F.);
#42130=CARTESIAN_POINT('',(-7.023077,34.355602,-47.7375));
#42140=DIRECTION('',(0.,1.,0.));
#42150=VECTOR('',#42140,1.);
#42160=LINE('',#42130,#42150);
#42170=EDGE_CURVE('',#11140,#42100,#42160,.T.);
#42180=ORIENTED_EDGE('',*,*,#42170,.T.);
#42190=ORIENTED_EDGE('',*,*,#11150,.F.);
#42200=EDGE_LOOP('',(#42190,#42180,#42120,#42040));
#42210=FACE_OUTER_BOUND('',#42200,.T.);
#42220=ADVANCED_FACE('',(#42210),#41960,.F.);
#42230=CARTESIAN_POINT('',(-4.873077,36.180602,-31.9725));
#42240=DIRECTION('',(-0.936329177569045,0.351123441588391,0.));
#42250=DIRECTION('',(-0.351123441588391,-0.936329177569045,0.));
#42260=AXIS2_PLACEMENT_3D('',#42230,#42240,#42250);
#42270=PLANE('',#42260);
#42280=CARTESIAN_POINT('',(-12.654327,15.430602,-24.86625));
#42290=DIRECTION('',(0.331294578224539,0.883452208598773,
-0.331294578224539));
#42300=VECTOR('',#42290,1.);
#42310=LINE('',#42280,#42300);
#42320=CARTESIAN_POINT('',(-5.023077,35.780602,-32.4975));
#42330=VERTEX_POINT('',#42320);
#42340=CARTESIAN_POINT('',(-4.93736271428571,36.0091734285714,
-32.5832142857143));
#42350=VERTEX_POINT('',#42340);
#42360=EDGE_CURVE('',#42330,#42350,#42310,.T.);
#42370=ORIENTED_EDGE('',*,*,#42360,.F.);
#42380=CARTESIAN_POINT('',(-12.654327,15.430602,-33.869375));
#42390=DIRECTION('',(-0.350523742702191,-0.934729980539178,
-0.0584206237836986));
#42400=VECTOR('',#42390,1.);
#42410=LINE('',#42380,#42400);
#42420=CARTESIAN_POINT('',(-4.723077,36.580602,-32.5475));
#42430=VERTEX_POINT('',#42420);
#42440=EDGE_CURVE('',#42430,#42350,#42410,.T.);
#42450=ORIENTED_EDGE('',*,*,#42440,.T.);
#42460=CARTESIAN_POINT('',(-4.723077,36.580602,-31.9725));
#42470=DIRECTION('',(0.,0.,-1.));
#42480=VECTOR('',#42470,1.);
#42490=LINE('',#42460,#42480);
#42500=CARTESIAN_POINT('',(-4.723077,36.580602,-31.8475));
#42510=VERTEX_POINT('',#42500);
#42520=EDGE_CURVE('',#42510,#42430,#42490,.T.);
#42530=ORIENTED_EDGE('',*,*,#42520,.T.);
#42540=CARTESIAN_POINT('',(-12.654327,15.430602,-30.525625));
#42550=DIRECTION('',(0.350523742702191,0.934729980539178,
-0.0584206237836986));
#42560=VECTOR('',#42550,1.);
#42570=LINE('',#42540,#42560);
#42580=CARTESIAN_POINT('',(-4.93736271428571,36.0091734285714,
-31.8117857142857));
#42590=VERTEX_POINT('',#42580);
#42600=EDGE_CURVE('',#42590,#42510,#42570,.T.);
#42610=ORIENTED_EDGE('',*,*,#42600,.T.);
#42620=CARTESIAN_POINT('',(-12.654327,15.430602,-39.52875));
#42630=DIRECTION('',(0.331294578224539,0.883452208598772,
0.331294578224539));
#42640=VECTOR('',#42630,1.);
#42650=LINE('',#42620,#42640);
#42660=CARTESIAN_POINT('',(-5.023077,35.780602,-31.8975));
#42670=VERTEX_POINT('',#42660);
#42680=EDGE_CURVE('',#42670,#42590,#42650,.T.);
#42690=ORIENTED_EDGE('',*,*,#42680,.T.);
#42700=CARTESIAN_POINT('',(-5.023077,35.780602,-32.3975));
#42710=DIRECTION('',(0.,0.,1.));
#42720=VECTOR('',#42710,1.);
#42730=LINE('',#42700,#42720);
#42740=EDGE_CURVE('',#42330,#42670,#42730,.T.);
#42750=ORIENTED_EDGE('',*,*,#42740,.T.);
#42760=EDGE_LOOP('',(#42750,#42690,#42610,#42530,#42450,#42370));
#42770=FACE_OUTER_BOUND('',#42760,.T.);
#42780=ADVANCED_FACE('',(#42770),#42270,.T.);
#42790=CARTESIAN_POINT('',(0.376923000000006,34.280602,-29.9175));
#42800=DIRECTION('',(-0.,0.,-1.));
#42810=DIRECTION('',(-5.55111512312578E-17,-1.,0.));
#42820=AXIS2_PLACEMENT_3D('',#42790,#42800,#42810);
#42830=PLANE('',#42820);
#42840=ORIENTED_EDGE('',*,*,#37470,.F.);
#42850=CARTESIAN_POINT('',(-12.923077,25.880602,-29.9175));
#42860=DIRECTION('',(0.707106781186547,0.707106781186548,0.));
#42870=VECTOR('',#42860,1.);
#42880=LINE('',#42850,#42870);
#42890=CARTESIAN_POINT('',(-10.723077,28.080602,-29.9175));
#42900=VERTEX_POINT('',#42890);
#42910=EDGE_CURVE('',#37460,#42900,#42880,.T.);
#42920=ORIENTED_EDGE('',*,*,#42910,.F.);
#42930=CARTESIAN_POINT('',(-10.723077,25.880602,-29.9175));
#42940=DIRECTION('',(0.,-1.,0.));
#42950=VECTOR('',#42940,1.);
#42960=LINE('',#42930,#42950);
#42970=EDGE_CURVE('',#9760,#42900,#42960,.T.);
#42980=ORIENTED_EDGE('',*,*,#42970,.T.);
#42990=ORIENTED_EDGE('',*,*,#9770,.F.);
#43000=EDGE_LOOP('',(#42990,#42980,#42920,#42840));
#43010=FACE_OUTER_BOUND('',#43000,.T.);
#43020=ADVANCED_FACE('',(#43010),#42830,.T.);
#43030=CARTESIAN_POINT('',(-6.02307699999999,34.480602,-26.21));
#43040=DIRECTION('',(-5.55111512312578E-17,-1.,-0.));
#43050=DIRECTION('',(0.,0.,-1.));
#43060=AXIS2_PLACEMENT_3D('',#43030,#43040,#43050);
#43070=PLANE('',#43060);
#43080=EDGE_CURVE('',#35290,#35380,#35360,.T.);
#43090=ORIENTED_EDGE('',*,*,#43080,.F.);
#43100=ORIENTED_EDGE('',*,*,#35390,.F.);
#43110=EDGE_LOOP('',(#43100,#43090));
#43120=FACE_OUTER_BOUND('',#43110,.T.);
#43130=ADVANCED_FACE('',(#43120),#43070,.F.);
#43140=ORIENTED_EDGE('',*,*,#40770,.F.);
#43150=CARTESIAN_POINT('',(0.876923000000002,25.880602,-29.9175));
#43160=DIRECTION('',(0.707106781186547,-0.707106781186548,0.));
#43170=VECTOR('',#43160,1.);
#43180=LINE('',#43150,#43170);
#43190=EDGE_CURVE('',#40700,#41320,#43180,.T.);
#43200=ORIENTED_EDGE('',*,*,#43190,.F.);
#43210=ORIENTED_EDGE('',*,*,#41330,.F.);
#43220=ORIENTED_EDGE('',*,*,#9050,.F.);
#43230=EDGE_LOOP('',(#43220,#43210,#43200,#43140));
#43240=FACE_OUTER_BOUND('',#43230,.T.);
#43250=ADVANCED_FACE('',(#43240),#42830,.T.);
#43260=CARTESIAN_POINT('',(-10.673077,18.680602,-28.8975));
#43270=DIRECTION('',(-1.,-0.,-0.));
#43280=DIRECTION('',(0.,0.,-1.));
#43290=AXIS2_PLACEMENT_3D('',#43260,#43270,#43280);
#43300=PLANE('',#43290);
#43310=ORIENTED_EDGE('',*,*,#25540,.F.);
#43320=ORIENTED_EDGE('',*,*,#37930,.F.);
#43330=ORIENTED_EDGE('',*,*,#32880,.T.);
#43340=ORIENTED_EDGE('',*,*,#3080,.F.);
#43350=ORIENTED_EDGE('',*,*,#29790,.T.);
#43360=EDGE_LOOP('',(#43350,#43340,#43330,#43320,#43310));
#43370=FACE_OUTER_BOUND('',#43360,.T.);
#43380=ADVANCED_FACE('',(#43370),#43300,.F.);
#43390=CARTESIAN_POINT('',(-6.723077,25.880602,-53.2375));
#43400=DIRECTION('',(0.,0.,1.));
#43410=DIRECTION('',(1.,0.,0.));
#43420=AXIS2_PLACEMENT_3D('',#43390,#43400,#43410);
#43430=PLANE('',#43420);
#43440=ORIENTED_EDGE('',*,*,#31830,.F.);
#43450=ORIENTED_EDGE('',*,*,#33170,.F.);
#43460=ORIENTED_EDGE('',*,*,#27650,.T.);
#43470=CARTESIAN_POINT('',(-10.523077,25.880602,-53.2375));
#43480=DIRECTION('',(-1.2335811384724E-16,-1.,0.));
#43490=VECTOR('',#43480,1.);
#43500=LINE('',#43470,#43490);
#43510=EDGE_CURVE('',#27560,#31820,#43500,.T.);
#43520=ORIENTED_EDGE('',*,*,#43510,.F.);
#43530=EDGE_LOOP('',(#43520,#43460,#43450,#43440));
#43540=FACE_OUTER_BOUND('',#43530,.T.);
#43550=ADVANCED_FACE('',(#43540),#43430,.F.);
#43560=CARTESIAN_POINT('',(-10.523077,25.880602,-52.2375));
#43570=DIRECTION('',(1.2335811384724E-16,1.,0.));
#43580=DIRECTION('',(1.,-1.2335811384724E-16,0.));
#43590=AXIS2_PLACEMENT_3D('',#43560,#43570,#43580);
#43600=CYLINDRICAL_SURFACE('',#43590,1.);
#43610=ORIENTED_EDGE('',*,*,#31920,.T.);
#43620=ORIENTED_EDGE('',*,*,#43510,.T.);
#43630=ORIENTED_EDGE('',*,*,#27570,.F.);
#43640=ORIENTED_EDGE('',*,*,#37610,.T.);
#43650=EDGE_LOOP('',(#43640,#43630,#43620,#43610));
#43660=FACE_OUTER_BOUND('',#43650,.T.);
#43670=ADVANCED_FACE('',(#43660),#43600,.T.);
#43680=CARTESIAN_POINT('',(-10.523077,19.430602,-33.2025));
#43690=DIRECTION('',(0.,0.,-1.));
#43700=DIRECTION('',(-1.,0.,0.));
#43710=AXIS2_PLACEMENT_3D('',#43680,#43690,#43700);
#43720=PLANE('',#43710);
#43730=ORIENTED_EDGE('',*,*,#26360,.T.);
#43740=CARTESIAN_POINT('',(-6.323077,26.530602,-33.2025));
#43750=DIRECTION('',(1.,0.,0.));
#43760=VECTOR('',#43750,1.);
#43770=LINE('',#43740,#43760);
#43780=EDGE_CURVE('',#39540,#26270,#43770,.T.);
#43790=ORIENTED_EDGE('',*,*,#43780,.T.);
#43800=ORIENTED_EDGE('',*,*,#39550,.T.);
#43810=ORIENTED_EDGE('',*,*,#29890,.F.);
#43820=EDGE_LOOP('',(#43810,#43800,#43790,#43730));
#43830=FACE_OUTER_BOUND('',#43820,.T.);
#43840=ADVANCED_FACE('',(#43830),#43720,.T.);
#43850=CARTESIAN_POINT('',(-11.123077,27.680602,-39.8175));
#43860=DIRECTION('',(0.707106781186548,-0.707106781186547,0.));
#43870=DIRECTION('',(-0.707106781186547,-0.707106781186548,0.));
#43880=AXIS2_PLACEMENT_3D('',#43850,#43860,#43870);
#43890=PLANE('',#43880);
#43900=ORIENTED_EDGE('',*,*,#42910,.T.);
#43910=ORIENTED_EDGE('',*,*,#37780,.F.);
#43920=CARTESIAN_POINT('',(-12.923077,25.880602,-49.7174999999999));
#43930=DIRECTION('',(-0.707106781186547,-0.707106781186548,0.));
#43940=VECTOR('',#43930,1.);
#43950=LINE('',#43920,#43940);
#43960=CARTESIAN_POINT('',(-10.723077,28.080602,-49.7174999999999));
#43970=VERTEX_POINT('',#43960);
#43980=EDGE_CURVE('',#43970,#37710,#43950,.T.);
#43990=ORIENTED_EDGE('',*,*,#43980,.T.);
#44000=CARTESIAN_POINT('',(-10.723077,28.080602,-39.8175));
#44010=DIRECTION('',(0.,0.,-1.));
#44020=VECTOR('',#44010,1.);
#44030=LINE('',#44000,#44020);
#44040=EDGE_CURVE('',#42900,#43970,#44030,.T.);
#44050=ORIENTED_EDGE('',*,*,#44040,.T.);
#44060=EDGE_LOOP('',(#44050,#43990,#43910,#43900));
#44070=FACE_OUTER_BOUND('',#44060,.T.);
#44080=ADVANCED_FACE('',(#44070),#43890,.F.);
#44090=CARTESIAN_POINT('',(-10.723077,25.880602,-49.7174999999999));
#44100=DIRECTION('',(0.,-1.,0.));
#44110=VECTOR('',#44100,1.);
#44120=LINE('',#44090,#44110);
#44130=EDGE_CURVE('',#8510,#43970,#44120,.T.);
#44140=ORIENTED_EDGE('',*,*,#44130,.F.);
#44150=ORIENTED_EDGE('',*,*,#43980,.F.);
#44160=ORIENTED_EDGE('',*,*,#37720,.F.);
#44170=ORIENTED_EDGE('',*,*,#8540,.T.);
#44180=EDGE_LOOP('',(#44170,#44160,#44150,#44140));
#44190=FACE_OUTER_BOUND('',#44180,.T.);
#44200=ADVANCED_FACE('',(#44190),#41790,.T.);
#44210=CARTESIAN_POINT('',(-0.923076999999998,27.680602,-39.8175));
#44220=DIRECTION('',(-0.707106781186548,-0.707106781186547,0.));
#44230=DIRECTION('',(0.707106781186547,-0.707106781186548,0.));
#44240=AXIS2_PLACEMENT_3D('',#44210,#44220,#44230);
#44250=PLANE('',#44240);
#44260=ORIENTED_EDGE('',*,*,#41860,.T.);
#44270=ORIENTED_EDGE('',*,*,#41390,.F.);
#44280=ORIENTED_EDGE('',*,*,#43190,.T.);
#44290=ORIENTED_EDGE('',*,*,#40710,.T.);
#44300=EDGE_LOOP('',(#44290,#44280,#44270,#44260));
#44310=FACE_OUTER_BOUND('',#44300,.T.);
#44320=ADVANCED_FACE('',(#44310),#44250,.F.);
#44330=ORIENTED_EDGE('',*,*,#33640,.T.);
#44340=ORIENTED_EDGE('',*,*,#28950,.F.);
#44350=ORIENTED_EDGE('',*,*,#30440,.T.);
#44360=CARTESIAN_POINT('',(-9.823077,25.880602,-49.5875));
#44370=DIRECTION('',(0.,1.,0.));
#44380=VECTOR('',#44370,1.);
#44390=LINE('',#44360,#44380);
#44400=EDGE_CURVE('',#30370,#33630,#44390,.T.);
#44410=ORIENTED_EDGE('',*,*,#44400,.F.);
#44420=EDGE_LOOP('',(#44410,#44350,#44340,#44330));
#44430=FACE_OUTER_BOUND('',#44420,.T.);
#44440=ADVANCED_FACE('',(#44430),#39190,.F.);
#44450=CARTESIAN_POINT('',(-7.073077,34.355602,-47.7875));
#44460=DIRECTION('',(-0.707106781186548,0.,0.707106781186548));
#44470=DIRECTION('',(0.707106781186547,0.,0.707106781186547));
#44480=AXIS2_PLACEMENT_3D('',#44450,#44460,#44470);
#44490=PLANE('',#44480);
#44500=ORIENTED_EDGE('',*,*,#11230,.F.);
#44510=ORIENTED_EDGE('',*,*,#42170,.F.);
#44520=CARTESIAN_POINT('',(0.608172999999995,15.430602,-40.10625));
#44530=DIRECTION('',(-0.331294578224539,0.883452208598772,
-0.331294578224539));
#44540=VECTOR('',#44530,1.);
#44550=LINE('',#44520,#44540);
#44560=CARTESIAN_POINT('',(-7.10879128571429,36.0091734285714,
-47.8232142857143));
#44570=VERTEX_POINT('',#44560);
#44580=EDGE_CURVE('',#42100,#44570,#44550,.T.);
#44590=ORIENTED_EDGE('',*,*,#44580,.F.);
#44600=CARTESIAN_POINT('',(-8.394952,15.430602,-49.109375));
#44610=DIRECTION('',(-0.062257280636469,-0.996116490183505,
-0.062257280636469));
#44620=VECTOR('',#44610,1.);
#44630=LINE('',#44600,#44620);
#44640=CARTESIAN_POINT('',(-7.123077,35.780602,-47.8375));
#44650=VERTEX_POINT('',#44640);
#44660=EDGE_CURVE('',#44570,#44650,#44630,.T.);
#44670=ORIENTED_EDGE('',*,*,#44660,.F.);
#44680=CARTESIAN_POINT('',(-7.123077,34.355602,-47.8375));
#44690=DIRECTION('',(0.,1.,0.));
#44700=VECTOR('',#44690,1.);
#44710=LINE('',#44680,#44700);
#44720=EDGE_CURVE('',#11220,#44650,#44710,.T.);
#44730=ORIENTED_EDGE('',*,*,#44720,.T.);
#44740=EDGE_LOOP('',(#44730,#44670,#44590,#44510,#44500));
#44750=FACE_OUTER_BOUND('',#44740,.T.);
#44760=ADVANCED_FACE('',(#44750),#44490,.F.);
#44770=CARTESIAN_POINT('',(-6.723077,27.580602,-52.2375));
#44780=DIRECTION('',(1.,-0.,0.));
#44790=DIRECTION('',(0.,0.,-1.));
#44800=AXIS2_PLACEMENT_3D('',#44770,#44780,#44790);
#44810=PLANE('',#44800);
#44820=ORIENTED_EDGE('',*,*,#30560,.T.);
#44830=ORIENTED_EDGE('',*,*,#5100,.F.);
#44840=ORIENTED_EDGE('',*,*,#38880,.T.);
#44850=ORIENTED_EDGE('',*,*,#32140,.F.);
#44860=EDGE_LOOP('',(#44850,#44840,#44830,#44820));
#44870=FACE_OUTER_BOUND('',#44860,.T.);
#44880=ADVANCED_FACE('',(#44870),#44810,.T.);
#44890=CARTESIAN_POINT('',(-9.823077,22.430602,-47.4324999999999));
#44900=DIRECTION('',(-1.,0.,0.));
#44910=DIRECTION('',(0.,-1.,0.));
#44920=AXIS2_PLACEMENT_3D('',#44890,#44900,#44910);
#44930=PLANE('',#44920);
#44940=ORIENTED_EDGE('',*,*,#33720,.F.);
#44950=ORIENTED_EDGE('',*,*,#44400,.T.);
#44960=ORIENTED_EDGE('',*,*,#30380,.F.);
#44970=ORIENTED_EDGE('',*,*,#20810,.F.);
#44980=CARTESIAN_POINT('',(-9.823077,26.530602,-25.1475));
#44990=DIRECTION('',(0.,0.,1.));
#45000=VECTOR('',#44990,1.);
#45010=LINE('',#44980,#45000);
#45020=EDGE_CURVE('',#41630,#20740,#45010,.T.);
#45030=ORIENTED_EDGE('',*,*,#45020,.T.);
#45040=ORIENTED_EDGE('',*,*,#41640,.F.);
#45050=CARTESIAN_POINT('',(-9.823077,19.430602,-25.1475));
#45060=DIRECTION('',(0.,0.,-1.));
#45070=VECTOR('',#45060,1.);
#45080=LINE('',#45050,#45070);
#45090=EDGE_CURVE('',#41550,#22800,#45080,.T.);
#45100=ORIENTED_EDGE('',*,*,#45090,.F.);
#45110=ORIENTED_EDGE('',*,*,#22810,.F.);
#45120=EDGE_CURVE('',#33710,#22720,#45010,.T.);
#45130=ORIENTED_EDGE('',*,*,#45120,.T.);
#45140=EDGE_LOOP('',(#45130,#45110,#45100,#45040,#45030,#44970,#44960,
#44950,#44940));
#45150=FACE_OUTER_BOUND('',#45140,.T.);
#45160=ADVANCED_FACE('',(#45150),#44930,.F.);
#45170=CARTESIAN_POINT('',(-1.373077,18.680602,-29.6975));
#45180=DIRECTION('',(1.,0.,-0.));
#45190=DIRECTION('',(0.,0.,1.));
#45200=AXIS2_PLACEMENT_3D('',#45170,#45180,#45190);
#45210=PLANE('',#45200);
#45220=ORIENTED_EDGE('',*,*,#31460,.T.);
#45230=ORIENTED_EDGE('',*,*,#37290,.F.);
#45240=ORIENTED_EDGE('',*,*,#33020,.T.);
#45250=ORIENTED_EDGE('',*,*,#38090,.F.);
#45260=ORIENTED_EDGE('',*,*,#18420,.T.);
#45270=EDGE_LOOP('',(#45260,#45250,#45240,#45230,#45220));
#45280=FACE_OUTER_BOUND('',#45270,.T.);
#45290=ADVANCED_FACE('',(#45280),#45210,.F.);
#45300=CARTESIAN_POINT('',(-6.023077,19.430602,-45.6));
#45310=DIRECTION('',(0.,-1.,0.));
#45320=DIRECTION('',(0.,0.,1.));
#45330=AXIS2_PLACEMENT_3D('',#45300,#45310,#45320);
#45340=PLANE('',#45330);
#45350=ORIENTED_EDGE('',*,*,#45090,.T.);
#45360=ORIENTED_EDGE('',*,*,#41560,.T.);
#45370=ORIENTED_EDGE('',*,*,#4200,.F.);
#45380=ORIENTED_EDGE('',*,*,#22870,.T.);
#45390=EDGE_LOOP('',(#45380,#45370,#45360,#45350));
#45400=FACE_OUTER_BOUND('',#45390,.T.);
#45410=ADVANCED_FACE('',(#45400),#45340,.T.);
#45420=CARTESIAN_POINT('',(-0.773076999999999,31.580602,-55.5625));
#45430=DIRECTION('',(0.707106781186548,0.,-0.707106781186548));
#45440=DIRECTION('',(0.707106781186547,-1.25607396694702E-15,
0.707106781186547));
#45450=AXIS2_PLACEMENT_3D('',#45420,#45430,#45440);
#45460=PLANE('',#45450);
#45470=ORIENTED_EDGE('',*,*,#27310,.T.);
#45480=ORIENTED_EDGE('',*,*,#41180,.T.);
#45490=ORIENTED_EDGE('',*,*,#8770,.T.);
#45500=ORIENTED_EDGE('',*,*,#7270,.F.);
#45510=EDGE_LOOP('',(#45500,#45490,#45480,#45470));
#45520=FACE_OUTER_BOUND('',#45510,.T.);
#45530=ADVANCED_FACE('',(#45520),#45460,.T.);
#45540=CARTESIAN_POINT('',(-10.723077,34.280602,-49.7174999999999));
#45550=DIRECTION('',(-1.,-0.,-0.));
#45560=DIRECTION('',(0.,0.,-1.));
#45570=AXIS2_PLACEMENT_3D('',#45540,#45550,#45560);
#45580=PLANE('',#45570);
#45590=ORIENTED_EDGE('',*,*,#42970,.F.);
#45600=ORIENTED_EDGE('',*,*,#44040,.F.);
#45610=ORIENTED_EDGE('',*,*,#44130,.T.);
#45620=ORIENTED_EDGE('',*,*,#9830,.T.);
#45630=EDGE_LOOP('',(#45620,#45610,#45600,#45590));
#45640=FACE_OUTER_BOUND('',#45630,.T.);
#45650=ADVANCED_FACE('',(#45640),#45580,.T.);
#45660=CARTESIAN_POINT('',(-4.42307699999999,32.780602,-24.0225));
#45670=DIRECTION('',(0.,0.,1.));
#45680=DIRECTION('',(-1.,5.55111512312578E-17,0.));
#45690=AXIS2_PLACEMENT_3D('',#45660,#45670,#45680);
#45700=PLANE('',#45690);
#45710=ORIENTED_EDGE('',*,*,#24120,.F.);
#45720=ORIENTED_EDGE('',*,*,#720,.F.);
#45730=ORIENTED_EDGE('',*,*,#38690,.T.);
#45740=ORIENTED_EDGE('',*,*,#9410,.T.);
#45750=EDGE_LOOP('',(#45740,#45730,#45720,#45710));
#45760=FACE_OUTER_BOUND('',#45750,.T.);
#45770=ADVANCED_FACE('',(#45760),#45700,.T.);
#45780=CARTESIAN_POINT('',(-2.273077,23.380602,-45.0324999999999));
#45790=DIRECTION('',(0.707106781186546,0.,-0.707106781186549));
#45800=DIRECTION('',(0.707106781186549,0.,0.707106781186546));
#45810=AXIS2_PLACEMENT_3D('',#45780,#45790,#45800);
#45820=PLANE('',#45810);
#45830=ORIENTED_EDGE('',*,*,#21010,.T.);
#45840=ORIENTED_EDGE('',*,*,#30830,.F.);
#45850=ORIENTED_EDGE('',*,*,#7910,.T.);
#45860=CARTESIAN_POINT('',(-6.323077,26.530602,-49.0824999999999));
#45870=DIRECTION('',(-0.707106781186549,0.,-0.707106781186546));
#45880=VECTOR('',#45870,1.);
#45890=LINE('',#45860,#45880);
#45900=EDGE_CURVE('',#21000,#7800,#45890,.T.);
#45910=ORIENTED_EDGE('',*,*,#45900,.T.);
#45920=EDGE_LOOP('',(#45910,#45850,#45840,#45830));
#45930=FACE_OUTER_BOUND('',#45920,.T.);
#45940=ADVANCED_FACE('',(#45930),#45820,.F.);
#45950=CARTESIAN_POINT('',(-7.523077,36.180602,-47.0625));
#45960=DIRECTION('',(-0.,0.0623782861551805,0.998052578482889));
#45970=DIRECTION('',(2.77015238104552E-16,-0.998052578482889,
0.0623782861551805));
#45980=AXIS2_PLACEMENT_3D('',#45950,#45960,#45970);
#45990=PLANE('',#45980);
#46000=CARTESIAN_POINT('',(0.608172999999995,15.430602,-45.765625));
#46010=DIRECTION('',(0.350523742702191,-0.934729980539178,
0.0584206237836986));
#46020=VECTOR('',#46010,1.);
#46030=LINE('',#46000,#46020);
#46040=CARTESIAN_POINT('',(-7.323077,36.580602,-47.0875));
#46050=VERTEX_POINT('',#46040);
#46060=CARTESIAN_POINT('',(-7.10879128571429,36.0091734285714,
-47.0517857142857));
#46070=VERTEX_POINT('',#46060);
#46080=EDGE_CURVE('',#46050,#46070,#46030,.T.);
#46090=ORIENTED_EDGE('',*,*,#46080,.F.);
#46100=CARTESIAN_POINT('',(-8.394952,15.430602,-45.765625));
#46110=DIRECTION('',(0.0622572806364691,0.996116490183505,
-0.062257280636469));
#46120=VECTOR('',#46110,1.);
#46130=LINE('',#46100,#46120);
#46140=CARTESIAN_POINT('',(-7.123077,35.780602,-47.0375));
#46150=VERTEX_POINT('',#46140);
#46160=EDGE_CURVE('',#46150,#46070,#46130,.T.);
#46170=ORIENTED_EDGE('',*,*,#46160,.T.);
#46180=CARTESIAN_POINT('',(-7.523077,35.780602,-47.0375));
#46190=DIRECTION('',(1.,0.,0.));
#46200=VECTOR('',#46190,1.);
#46210=LINE('',#46180,#46200);
#46220=CARTESIAN_POINT('',(-7.923077,35.780602,-47.0375));
#46230=VERTEX_POINT('',#46220);
#46240=EDGE_CURVE('',#46230,#46150,#46210,.T.);
#46250=ORIENTED_EDGE('',*,*,#46240,.T.);
#46260=CARTESIAN_POINT('',(-6.65120200000001,15.430602,-45.765625));
#46270=DIRECTION('',(-0.0622572806364688,0.996116490183505,
-0.062257280636469));
#46280=VECTOR('',#46270,1.);
#46290=LINE('',#46260,#46280);
#46300=CARTESIAN_POINT('',(-7.93736271428571,36.0091734285714,
-47.0517857142857));
#46310=VERTEX_POINT('',#46300);
#46320=EDGE_CURVE('',#46230,#46310,#46290,.T.);
#46330=ORIENTED_EDGE('',*,*,#46320,.F.);
#46340=CARTESIAN_POINT('',(-15.654327,15.430602,-45.765625));
#46350=DIRECTION('',(-0.350523742702191,-0.934729980539178,
0.0584206237836986));
#46360=VECTOR('',#46350,1.);
#46370=LINE('',#46340,#46360);
#46380=CARTESIAN_POINT('',(-7.723077,36.580602,-47.0875));
#46390=VERTEX_POINT('',#46380);
#46400=EDGE_CURVE('',#46390,#46310,#46370,.T.);
#46410=ORIENTED_EDGE('',*,*,#46400,.T.);
#46420=CARTESIAN_POINT('',(-7.523077,36.580602,-47.0875));
#46430=DIRECTION('',(1.,0.,0.));
#46440=VECTOR('',#46430,1.);
#46450=LINE('',#46420,#46440);
#46460=EDGE_CURVE('',#46390,#46050,#46450,.T.);
#46470=ORIENTED_EDGE('',*,*,#46460,.F.);
#46480=EDGE_LOOP('',(#46470,#46410,#46330,#46250,#46170,#46090));
#46490=FACE_OUTER_BOUND('',#46480,.T.);
#46500=ADVANCED_FACE('',(#46490),#45990,.T.);
#46510=CARTESIAN_POINT('',(-7.523077,36.180602,-43.2525));
#46520=DIRECTION('',(-0.,0.0623782861551805,0.998052578482889));
#46530=DIRECTION('',(2.77015238104552E-16,-0.998052578482889,
0.0623782861551805));
#46540=AXIS2_PLACEMENT_3D('',#46510,#46520,#46530);
#46550=PLANE('',#46540);
#46560=ORIENTED_EDGE('',*,*,#36180,.F.);
#46570=CARTESIAN_POINT('',(-8.394952,15.430602,-41.955625));
#46580=DIRECTION('',(0.0622572806364691,0.996116490183505,
-0.062257280636469));
#46590=VECTOR('',#46580,1.);
#46600=LINE('',#46570,#46590);
#46610=CARTESIAN_POINT('',(-7.123077,35.780602,-43.2275));
#46620=VERTEX_POINT('',#46610);
#46630=EDGE_CURVE('',#46620,#36090,#46600,.T.);
#46640=ORIENTED_EDGE('',*,*,#46630,.T.);
#46650=CARTESIAN_POINT('',(-7.523077,35.780602,-43.2275));
#46660=DIRECTION('',(1.,0.,0.));
#46670=VECTOR('',#46660,1.);
#46680=LINE('',#46650,#46670);
#46690=CARTESIAN_POINT('',(-7.923077,35.780602,-43.2275));
#46700=VERTEX_POINT('',#46690);
#46710=EDGE_CURVE('',#46700,#46620,#46680,.T.);
#46720=ORIENTED_EDGE('',*,*,#46710,.T.);
#46730=CARTESIAN_POINT('',(-6.65120200000001,15.430602,-41.955625));
#46740=DIRECTION('',(-0.0622572806364688,0.996116490183505,
-0.062257280636469));
#46750=VECTOR('',#46740,1.);
#46760=LINE('',#46730,#46750);
#46770=CARTESIAN_POINT('',(-7.93736271428571,36.0091734285714,
-43.2417857142857));
#46780=VERTEX_POINT('',#46770);
#46790=EDGE_CURVE('',#46700,#46780,#46760,.T.);
#46800=ORIENTED_EDGE('',*,*,#46790,.F.);
#46810=CARTESIAN_POINT('',(-15.654327,15.430602,-41.955625));
#46820=DIRECTION('',(-0.350523742702191,-0.934729980539178,
0.0584206237836986));
#46830=VECTOR('',#46820,1.);
#46840=LINE('',#46810,#46830);
#46850=CARTESIAN_POINT('',(-7.723077,36.580602,-43.2775));
#46860=VERTEX_POINT('',#46850);
#46870=EDGE_CURVE('',#46860,#46780,#46840,.T.);
#46880=ORIENTED_EDGE('',*,*,#46870,.T.);
#46890=CARTESIAN_POINT('',(-7.523077,36.580602,-43.2775));
#46900=DIRECTION('',(1.,0.,0.));
#46910=VECTOR('',#46900,1.);
#46920=LINE('',#46890,#46910);
#46930=EDGE_CURVE('',#46860,#36170,#46920,.T.);
#46940=ORIENTED_EDGE('',*,*,#46930,.F.);
#46950=EDGE_LOOP('',(#46940,#46880,#46800,#46720,#46640,#46560));
#46960=FACE_OUTER_BOUND('',#46950,.T.);
#46970=ADVANCED_FACE('',(#46960),#46550,.T.);
#46980=CARTESIAN_POINT('',(-4.07307699999999,34.355602,-47.0875));
#46990=DIRECTION('',(-0.707106781186548,-0.,-0.707106781186548));
#47000=DIRECTION('',(0.707106781186547,0.,-0.707106781186547));
#47010=AXIS2_PLACEMENT_3D('',#46980,#46990,#47000);
#47020=PLANE('',#47010);
#47030=CARTESIAN_POINT('',(-4.12307699999999,34.355602,-47.0375));
#47040=DIRECTION('',(0.,-1.,0.));
#47050=VECTOR('',#47040,1.);
#47060=LINE('',#47030,#47050);
#47070=CARTESIAN_POINT('',(-4.12307699999999,35.780602,-47.0375));
#47080=VERTEX_POINT('',#47070);
#47090=EDGE_CURVE('',#47080,#10640,#47060,.T.);
#47100=ORIENTED_EDGE('',*,*,#47090,.T.);
#47110=CARTESIAN_POINT('',(-5.39495199999999,15.430602,-45.765625));
#47120=DIRECTION('',(0.062257280636469,0.996116490183505,
-0.062257280636469));
#47130=VECTOR('',#47120,1.);
#47140=LINE('',#47110,#47130);
#47150=CARTESIAN_POINT('',(-4.10879128571428,36.0091734285714,
-47.0517857142857));
#47160=VERTEX_POINT('',#47150);
#47170=EDGE_CURVE('',#47080,#47160,#47140,.T.);
#47180=ORIENTED_EDGE('',*,*,#47170,.F.);
#47190=CARTESIAN_POINT('',(3.60817299999999,15.430602,-54.76875));
#47200=DIRECTION('',(0.331294578224539,-0.883452208598773,
-0.331294578224539));
#47210=VECTOR('',#47200,1.);
#47220=LINE('',#47190,#47210);
#47230=CARTESIAN_POINT('',(-4.02307699999999,35.780602,-47.1375));
#47240=VERTEX_POINT('',#47230);
#47250=EDGE_CURVE('',#47160,#47240,#47220,.T.);
#47260=ORIENTED_EDGE('',*,*,#47250,.F.);
#47270=CARTESIAN_POINT('',(-4.02307699999999,34.355602,-47.1375));
#47280=DIRECTION('',(0.,-1.,0.));
#47290=VECTOR('',#47280,1.);
#47300=LINE('',#47270,#47290);
#47310=EDGE_CURVE('',#47240,#10720,#47300,.T.);
#47320=ORIENTED_EDGE('',*,*,#47310,.F.);
#47330=ORIENTED_EDGE('',*,*,#10730,.F.);
#47340=EDGE_LOOP('',(#47330,#47320,#47260,#47180,#47100));
#47350=FACE_OUTER_BOUND('',#47340,.T.);
#47360=ADVANCED_FACE('',(#47350),#47020,.F.);
#47370=CARTESIAN_POINT('',(-6.023077,36.580602,-46.485));
#47380=DIRECTION('',(-0.,1.,0.));
#47390=DIRECTION('',(1.,0.,0.));
#47400=AXIS2_PLACEMENT_3D('',#47370,#47380,#47390);
#47410=PLANE('',#47400);
#47420=CARTESIAN_POINT('',(-4.723077,36.580602,-47.6625));
#47430=DIRECTION('',(0.,0.,-1.));
#47440=VECTOR('',#47430,1.);
#47450=LINE('',#47420,#47440);
#47460=CARTESIAN_POINT('',(-4.723077,36.580602,-47.0875));
#47470=VERTEX_POINT('',#47460);
#47480=CARTESIAN_POINT('',(-4.723077,36.580602,-47.7875));
#47490=VERTEX_POINT('',#47480);
#47500=EDGE_CURVE('',#47470,#47490,#47450,.T.);
#47510=ORIENTED_EDGE('',*,*,#47500,.F.);
#47520=CARTESIAN_POINT('',(-4.523077,36.580602,-47.7875));
#47530=DIRECTION('',(-1.,0.,0.));
#47540=VECTOR('',#47530,1.);
#47550=LINE('',#47520,#47540);
#47560=CARTESIAN_POINT('',(-4.323077,36.580602,-47.7875));
#47570=VERTEX_POINT('',#47560);
#47580=EDGE_CURVE('',#47570,#47490,#47550,.T.);
#47590=ORIENTED_EDGE('',*,*,#47580,.T.);
#47600=CARTESIAN_POINT('',(-4.32307699999999,36.580602,-47.2125));
#47610=DIRECTION('',(0.,0.,-1.));
#47620=VECTOR('',#47610,1.);
#47630=LINE('',#47600,#47620);
#47640=CARTESIAN_POINT('',(-4.32307699999999,36.580602,-47.0875));
#47650=VERTEX_POINT('',#47640);
#47660=EDGE_CURVE('',#47650,#47570,#47630,.T.);
#47670=ORIENTED_EDGE('',*,*,#47660,.T.);
#47680=CARTESIAN_POINT('',(-4.523077,36.580602,-47.0875));
#47690=DIRECTION('',(1.,0.,0.));
#47700=VECTOR('',#47690,1.);
#47710=LINE('',#47680,#47700);
#47720=EDGE_CURVE('',#47470,#47650,#47710,.T.);
#47730=ORIENTED_EDGE('',*,*,#47720,.T.);
#47740=EDGE_LOOP('',(#47730,#47670,#47590,#47510));
#47750=FACE_OUTER_BOUND('',#47740,.T.);
#47760=ADVANCED_FACE('',(#47750),#47410,.T.);
#47770=CARTESIAN_POINT('',(-4.17307699999999,36.180602,-47.2125));
#47780=DIRECTION('',(0.936329177569045,0.351123441588391,0.));
#47790=DIRECTION('',(0.351123441588391,-0.936329177569045,
-1.29941776445686E-16));
#47800=AXIS2_PLACEMENT_3D('',#47770,#47780,#47790);
#47810=PLANE('',#47800);
#47820=CARTESIAN_POINT('',(3.608173,15.430602,-49.109375));
#47830=DIRECTION('',(0.350523742702191,-0.934729980539178,
-0.0584206237836986));
#47840=VECTOR('',#47830,1.);
#47850=LINE('',#47820,#47840);
#47860=CARTESIAN_POINT('',(-4.10879128571428,36.0091734285714,
-47.8232142857143));
#47870=VERTEX_POINT('',#47860);
#47880=EDGE_CURVE('',#47570,#47870,#47850,.T.);
#47890=ORIENTED_EDGE('',*,*,#47880,.F.);
#47900=CARTESIAN_POINT('',(3.608173,15.430602,-40.10625));
#47910=DIRECTION('',(0.331294578224539,-0.883452208598772,
0.331294578224541));
#47920=VECTOR('',#47910,1.);
#47930=LINE('',#47900,#47920);
#47940=CARTESIAN_POINT('',(-4.023077,35.780602,-47.7375));
#47950=VERTEX_POINT('',#47940);
#47960=EDGE_CURVE('',#47870,#47950,#47930,.T.);
#47970=ORIENTED_EDGE('',*,*,#47960,.F.);
#47980=CARTESIAN_POINT('',(-4.023077,35.780602,-47.6375));
#47990=DIRECTION('',(0.,0.,-1.));
#48000=VECTOR('',#47990,1.);
#48010=LINE('',#47980,#48000);
#48020=EDGE_CURVE('',#47240,#47950,#48010,.T.);
#48030=ORIENTED_EDGE('',*,*,#48020,.T.);
#48040=ORIENTED_EDGE('',*,*,#47250,.T.);
#48050=CARTESIAN_POINT('',(3.608173,15.430602,-45.765625));
#48060=DIRECTION('',(-0.350523742702191,0.934729980539178,
-0.0584206237836986));
#48070=VECTOR('',#48060,1.);
#48080=LINE('',#48050,#48070);
#48090=EDGE_CURVE('',#47160,#47650,#48080,.T.);
#48100=ORIENTED_EDGE('',*,*,#48090,.F.);
#48110=ORIENTED_EDGE('',*,*,#47660,.F.);
#48120=EDGE_LOOP('',(#48110,#48100,#48040,#48030,#47970,#47890));
#48130=FACE_OUTER_BOUND('',#48120,.T.);
#48140=ADVANCED_FACE('',(#48130),#47810,.T.);
#48150=CARTESIAN_POINT('',(-6.023077,26.530602,-49.2842592592592));
#48160=DIRECTION('',(0.,-1.,0.));
#48170=DIRECTION('',(0.,0.,1.));
#48180=AXIS2_PLACEMENT_3D('',#48150,#48160,#48170);
#48190=PLANE('',#48180);
#48200=ORIENTED_EDGE('',*,*,#4700,.T.);
#48210=ORIENTED_EDGE('',*,*,#33780,.F.);
#48220=ORIENTED_EDGE('',*,*,#45120,.F.);
#48230=ORIENTED_EDGE('',*,*,#22730,.T.);
#48240=EDGE_LOOP('',(#48230,#48220,#48210,#48200));
#48250=FACE_OUTER_BOUND('',#48240,.T.);
#48260=ADVANCED_FACE('',(#48250),#48190,.T.);
#48270=CARTESIAN_POINT('',(-4.973077,34.355602,-47.0875));
#48280=DIRECTION('',(0.707106781186548,0.,-0.707106781186548));
#48290=DIRECTION('',(-0.707106781186547,0.,-0.707106781186547));
#48300=AXIS2_PLACEMENT_3D('',#48270,#48280,#48290);
#48310=PLANE('',#48300);
#48320=ORIENTED_EDGE('',*,*,#10570,.F.);
#48330=CARTESIAN_POINT('',(-5.023077,34.355602,-47.1375));
#48340=DIRECTION('',(0.,1.,0.));
#48350=VECTOR('',#48340,1.);
#48360=LINE('',#48330,#48350);
#48370=CARTESIAN_POINT('',(-5.023077,35.780602,-47.1375));
#48380=VERTEX_POINT('',#48370);
#48390=EDGE_CURVE('',#10480,#48380,#48360,.T.);
#48400=ORIENTED_EDGE('',*,*,#48390,.F.);
#48410=CARTESIAN_POINT('',(-12.654327,15.430602,-54.76875));
#48420=DIRECTION('',(0.331294578224539,0.883452208598772,
0.331294578224539));
#48430=VECTOR('',#48420,1.);
#48440=LINE('',#48410,#48430);
#48450=CARTESIAN_POINT('',(-4.93736271428571,36.0091734285714,
-47.0517857142857));
#48460=VERTEX_POINT('',#48450);
#48470=EDGE_CURVE('',#48380,#48460,#48440,.T.);
#48480=ORIENTED_EDGE('',*,*,#48470,.F.);
#48490=CARTESIAN_POINT('',(-3.651202,15.430602,-45.765625));
#48500=DIRECTION('',(0.062257280636469,-0.996116490183505,
0.062257280636469));
#48510=VECTOR('',#48500,1.);
#48520=LINE('',#48490,#48510);
#48530=CARTESIAN_POINT('',(-4.923077,35.780602,-47.0375));
#48540=VERTEX_POINT('',#48530);
#48550=EDGE_CURVE('',#48460,#48540,#48520,.T.);
#48560=ORIENTED_EDGE('',*,*,#48550,.F.);
#48570=CARTESIAN_POINT('',(-4.923077,34.355602,-47.0375));
#48580=DIRECTION('',(0.,1.,0.));
#48590=VECTOR('',#48580,1.);
#48600=LINE('',#48570,#48590);
#48610=EDGE_CURVE('',#10560,#48540,#48600,.T.);
#48620=ORIENTED_EDGE('',*,*,#48610,.T.);
#48630=EDGE_LOOP('',(#48620,#48560,#48480,#48400,#48320));
#48640=FACE_OUTER_BOUND('',#48630,.T.);
#48650=ADVANCED_FACE('',(#48640),#48310,.F.);
#48660=CARTESIAN_POINT('',(-2.473077,18.280602,-47.0375));
#48670=DIRECTION('',(0.,0.,1.));
#48680=DIRECTION('',(-1.,1.22464679914735E-16,0.));
#48690=AXIS2_PLACEMENT_3D('',#48660,#48670,#48680);
#48700=PLANE('',#48690);
#48710=CARTESIAN_POINT('',(-4.523077,35.780602,-47.0375));
#48720=DIRECTION('',(1.,0.,0.));
#48730=VECTOR('',#48720,1.);
#48740=LINE('',#48710,#48730);
#48750=EDGE_CURVE('',#48540,#47080,#48740,.T.);
#48760=ORIENTED_EDGE('',*,*,#48750,.F.);
#48770=ORIENTED_EDGE('',*,*,#47090,.F.);
#48780=ORIENTED_EDGE('',*,*,#10650,.T.);
#48790=ORIENTED_EDGE('',*,*,#48610,.F.);
#48800=EDGE_LOOP('',(#48790,#48780,#48770,#48760));
#48810=FACE_OUTER_BOUND('',#48800,.T.);
#48820=ADVANCED_FACE('',(#48810),#48700,.T.);
#48830=CARTESIAN_POINT('',(-4.523077,36.180602,-47.0625));
#48840=DIRECTION('',(-0.,0.0623782861551805,0.998052578482889));
#48850=DIRECTION('',(0.,-0.998052578482889,0.0623782861551805));
#48860=AXIS2_PLACEMENT_3D('',#48830,#48840,#48850);
#48870=PLANE('',#48860);
#48880=ORIENTED_EDGE('',*,*,#48090,.T.);
#48890=ORIENTED_EDGE('',*,*,#47170,.T.);
#48900=ORIENTED_EDGE('',*,*,#48750,.T.);
#48910=ORIENTED_EDGE('',*,*,#48550,.T.);
#48920=CARTESIAN_POINT('',(-12.654327,15.430602,-45.765625));
#48930=DIRECTION('',(0.350523742702191,0.934729980539178,
-0.0584206237836986));
#48940=VECTOR('',#48930,1.);
#48950=LINE('',#48920,#48940);
#48960=EDGE_CURVE('',#48460,#47470,#48950,.T.);
#48970=ORIENTED_EDGE('',*,*,#48960,.F.);
#48980=ORIENTED_EDGE('',*,*,#47720,.F.);
#48990=EDGE_LOOP('',(#48980,#48970,#48910,#48900,#48890,#48880));
#49000=FACE_OUTER_BOUND('',#48990,.T.);
#49010=ADVANCED_FACE('',(#49000),#48870,.T.);
#49020=CARTESIAN_POINT('',(-4.873077,36.180602,-47.2125));
#49030=DIRECTION('',(-0.936329177569045,0.351123441588391,0.));
#49040=DIRECTION('',(-0.351123441588391,-0.936329177569045,0.));
#49050=AXIS2_PLACEMENT_3D('',#49020,#49030,#49040);
#49060=PLANE('',#49050);
#49070=CARTESIAN_POINT('',(-12.654327,15.430602,-40.10625));
#49080=DIRECTION('',(0.331294578224539,0.883452208598773,
-0.331294578224539));
#49090=VECTOR('',#49080,1.);
#49100=LINE('',#49070,#49090);
#49110=CARTESIAN_POINT('',(-5.023077,35.780602,-47.7375));
#49120=VERTEX_POINT('',#49110);
#49130=CARTESIAN_POINT('',(-4.93736271428571,36.0091734285714,
-47.8232142857143));
#49140=VERTEX_POINT('',#49130);
#49150=EDGE_CURVE('',#49120,#49140,#49100,.T.);
#49160=ORIENTED_EDGE('',*,*,#49150,.F.);
#49170=CARTESIAN_POINT('',(-12.654327,15.430602,-49.109375));
#49180=DIRECTION('',(-0.350523742702191,-0.934729980539178,
-0.0584206237836986));
#49190=VECTOR('',#49180,1.);
#49200=LINE('',#49170,#49190);
#49210=EDGE_CURVE('',#47490,#49140,#49200,.T.);
#49220=ORIENTED_EDGE('',*,*,#49210,.T.);
#49230=ORIENTED_EDGE('',*,*,#47500,.T.);
#49240=ORIENTED_EDGE('',*,*,#48960,.T.);
#49250=ORIENTED_EDGE('',*,*,#48470,.T.);
#49260=CARTESIAN_POINT('',(-5.023077,35.780602,-47.6375));
#49270=DIRECTION('',(0.,0.,1.));
#49280=VECTOR('',#49270,1.);
#49290=LINE('',#49260,#49280);
#49300=EDGE_CURVE('',#49120,#48380,#49290,.T.);
#49310=ORIENTED_EDGE('',*,*,#49300,.T.);
#49320=EDGE_LOOP('',(#49310,#49250,#49240,#49230,#49220,#49160));
#49330=FACE_OUTER_BOUND('',#49320,.T.);
#49340=ADVANCED_FACE('',(#49330),#49060,.T.);
#49350=CARTESIAN_POINT('',(-5.023077,34.205602,-48.39));
#49360=DIRECTION('',(1.,0.,-0.));
#49370=DIRECTION('',(0.,0.,1.));
#49380=AXIS2_PLACEMENT_3D('',#49350,#49360,#49370);
#49390=PLANE('',#49380);
#49400=CARTESIAN_POINT('',(-5.023077,34.355602,-47.7375));
#49410=DIRECTION('',(0.,-1.,0.));
#49420=VECTOR('',#49410,1.);
#49430=LINE('',#49400,#49420);
#49440=EDGE_CURVE('',#49120,#10400,#49430,.T.);
#49450=ORIENTED_EDGE('',*,*,#49440,.T.);
#49460=ORIENTED_EDGE('',*,*,#49300,.F.);
#49470=ORIENTED_EDGE('',*,*,#48390,.T.);
#49480=ORIENTED_EDGE('',*,*,#10490,.F.);
#49490=EDGE_LOOP('',(#49480,#49470,#49460,#49450));
#49500=FACE_OUTER_BOUND('',#49490,.T.);
#49510=ADVANCED_FACE('',(#49500),#49390,.F.);
#49520=CARTESIAN_POINT('',(-7.873077,36.180602,-47.6625));
#49530=DIRECTION('',(-0.936329177569045,0.351123441588391,0.));
#49540=DIRECTION('',(-0.351123441588391,-0.936329177569045,
1.29941776445686E-16));
#49550=AXIS2_PLACEMENT_3D('',#49520,#49530,#49540);
#49560=PLANE('',#49550);
#49570=ORIENTED_EDGE('',*,*,#46400,.F.);
#49580=CARTESIAN_POINT('',(-15.654327,15.430602,-54.76875));
#49590=DIRECTION('',(-0.331294578224539,-0.883452208598772,
-0.331294578224541));
#49600=VECTOR('',#49590,1.);
#49610=LINE('',#49580,#49600);
#49620=CARTESIAN_POINT('',(-8.023077,35.780602,-47.1375));
#49630=VERTEX_POINT('',#49620);
#49640=EDGE_CURVE('',#46310,#49630,#49610,.T.);
#49650=ORIENTED_EDGE('',*,*,#49640,.F.);
#49660=CARTESIAN_POINT('',(-8.023077,35.780602,-47.6375));
#49670=DIRECTION('',(0.,0.,1.));
#49680=VECTOR('',#49670,1.);
#49690=LINE('',#49660,#49680);
#49700=CARTESIAN_POINT('',(-8.023077,35.780602,-47.7375));
#49710=VERTEX_POINT('',#49700);
#49720=EDGE_CURVE('',#49710,#49630,#49690,.T.);
#49730=ORIENTED_EDGE('',*,*,#49720,.T.);
#49740=CARTESIAN_POINT('',(-15.654327,15.430602,-40.10625));
#49750=DIRECTION('',(-0.331294578224539,-0.883452208598773,
0.331294578224539));
#49760=VECTOR('',#49750,1.);
#49770=LINE('',#49740,#49760);
#49780=CARTESIAN_POINT('',(-7.93736271428572,36.0091734285714,
-47.8232142857143));
#49790=VERTEX_POINT('',#49780);
#49800=EDGE_CURVE('',#49790,#49710,#49770,.T.);
#49810=ORIENTED_EDGE('',*,*,#49800,.T.);
#49820=CARTESIAN_POINT('',(-15.654327,15.430602,-49.109375));
#49830=DIRECTION('',(0.350523742702191,0.934729980539178,
0.0584206237836986));
#49840=VECTOR('',#49830,1.);
#49850=LINE('',#49820,#49840);
#49860=CARTESIAN_POINT('',(-7.72307700000001,36.580602,-47.7875));
#49870=VERTEX_POINT('',#49860);
#49880=EDGE_CURVE('',#49790,#49870,#49850,.T.);
#49890=ORIENTED_EDGE('',*,*,#49880,.F.);
#49900=CARTESIAN_POINT('',(-7.723077,36.580602,-47.2125));
#49910=DIRECTION('',(0.,0.,1.));
#49920=VECTOR('',#49910,1.);
#49930=LINE('',#49900,#49920);
#49940=EDGE_CURVE('',#49870,#46390,#49930,.T.);
#49950=ORIENTED_EDGE('',*,*,#49940,.F.);
#49960=EDGE_LOOP('',(#49950,#49890,#49810,#49730,#49650,#49570));
#49970=FACE_OUTER_BOUND('',#49960,.T.);
#49980=ADVANCED_FACE('',(#49970),#49560,.T.);
#49990=CARTESIAN_POINT('',(-6.023077,36.580602,-46.485));
#50000=DIRECTION('',(-0.,1.,0.));
#50010=DIRECTION('',(1.,0.,0.));
#50020=AXIS2_PLACEMENT_3D('',#49990,#50000,#50010);
#50030=PLANE('',#50020);
#50040=ORIENTED_EDGE('',*,*,#49940,.T.);
#50050=CARTESIAN_POINT('',(-7.523077,36.580602,-47.7875));
#50060=DIRECTION('',(-1.,0.,0.));
#50070=VECTOR('',#50060,1.);
#50080=LINE('',#50050,#50070);
#50090=CARTESIAN_POINT('',(-7.323077,36.580602,-47.7875));
#50100=VERTEX_POINT('',#50090);
#50110=EDGE_CURVE('',#50100,#49870,#50080,.T.);
#50120=ORIENTED_EDGE('',*,*,#50110,.T.);
#50130=CARTESIAN_POINT('',(-7.323077,36.580602,-47.2125));
#50140=DIRECTION('',(0.,0.,1.));
#50150=VECTOR('',#50140,1.);
#50160=LINE('',#50130,#50150);
#50170=EDGE_CURVE('',#50100,#46050,#50160,.T.);
#50180=ORIENTED_EDGE('',*,*,#50170,.F.);
#50190=ORIENTED_EDGE('',*,*,#46460,.T.);
#50200=EDGE_LOOP('',(#50190,#50180,#50120,#50040));
#50210=FACE_OUTER_BOUND('',#50200,.T.);
#50220=ADVANCED_FACE('',(#50210),#50030,.T.);
#50230=CARTESIAN_POINT('',(-7.973077,34.355602,-47.7875));
#50240=DIRECTION('',(0.707106781186548,0.,0.707106781186548));
#50250=DIRECTION('',(-0.707106781186547,0.,0.707106781186547));
#50260=AXIS2_PLACEMENT_3D('',#50230,#50240,#50250);
#50270=PLANE('',#50260);
#50280=CARTESIAN_POINT('',(-7.923077,34.355602,-47.8375));
#50290=DIRECTION('',(0.,-1.,0.));
#50300=VECTOR('',#50290,1.);
#50310=LINE('',#50280,#50300);
#50320=CARTESIAN_POINT('',(-7.923077,35.780602,-47.8375));
#50330=VERTEX_POINT('',#50320);
#50340=EDGE_CURVE('',#50330,#11300,#50310,.T.);
#50350=ORIENTED_EDGE('',*,*,#50340,.T.);
#50360=CARTESIAN_POINT('',(-6.651202,15.430602,-49.109375));
#50370=DIRECTION('',(-0.062257280636469,0.996116490183505,
0.062257280636469));
#50380=VECTOR('',#50370,1.);
#50390=LINE('',#50360,#50380);
#50400=EDGE_CURVE('',#50330,#49790,#50390,.T.);
#50410=ORIENTED_EDGE('',*,*,#50400,.F.);
#50420=ORIENTED_EDGE('',*,*,#49800,.F.);
#50430=CARTESIAN_POINT('',(-8.023077,34.355602,-47.7375));
#50440=DIRECTION('',(0.,-1.,0.));
#50450=VECTOR('',#50440,1.);
#50460=LINE('',#50430,#50450);
#50470=EDGE_CURVE('',#49710,#11380,#50460,.T.);
#50480=ORIENTED_EDGE('',*,*,#50470,.F.);
#50490=ORIENTED_EDGE('',*,*,#11390,.F.);
#50500=EDGE_LOOP('',(#50490,#50480,#50420,#50410,#50350));
#50510=FACE_OUTER_BOUND('',#50500,.T.);
#50520=ADVANCED_FACE('',(#50510),#50270,.F.);
#50530=CARTESIAN_POINT('',(-2.473077,18.280602,-47.0375));
#50540=DIRECTION('',(0.,0.,1.));
#50550=DIRECTION('',(-1.,1.22464679914735E-16,0.));
#50560=AXIS2_PLACEMENT_3D('',#50530,#50540,#50550);
#50570=PLANE('',#50560);
#50580=CARTESIAN_POINT('',(-7.923077,34.355602,-47.0375));
#50590=DIRECTION('',(0.,-1.,0.));
#50600=VECTOR('',#50590,1.);
#50610=LINE('',#50580,#50600);
#50620=EDGE_CURVE('',#46230,#10900,#50610,.T.);
#50630=ORIENTED_EDGE('',*,*,#50620,.T.);
#50640=ORIENTED_EDGE('',*,*,#46240,.F.);
#50650=CARTESIAN_POINT('',(-7.123077,34.355602,-47.0375));
#50660=DIRECTION('',(0.,-1.,0.));
#50670=VECTOR('',#50660,1.);
#50680=LINE('',#50650,#50670);
#50690=EDGE_CURVE('',#46150,#10980,#50680,.T.);
#50700=ORIENTED_EDGE('',*,*,#50690,.F.);
#50710=ORIENTED_EDGE('',*,*,#10990,.T.);
#50720=EDGE_LOOP('',(#50710,#50700,#50640,#50630));
#50730=FACE_OUTER_BOUND('',#50720,.T.);
#50740=ADVANCED_FACE('',(#50730),#50570,.T.);
#50750=CARTESIAN_POINT('',(-7.973077,34.355602,-47.0875));
#50760=DIRECTION('',(-0.707106781186549,0.,0.707106781186546));
#50770=DIRECTION('',(-0.707106781186546,0.,-0.707106781186549));
#50780=AXIS2_PLACEMENT_3D('',#50750,#50760,#50770);
#50790=PLANE('',#50780);
#50800=CARTESIAN_POINT('',(-8.023077,34.355602,-47.1375));
#50810=DIRECTION('',(0.,-1.,0.));
#50820=VECTOR('',#50810,1.);
#50830=LINE('',#50800,#50820);
#50840=EDGE_CURVE('',#49630,#10880,#50830,.T.);
#50850=ORIENTED_EDGE('',*,*,#50840,.T.);
#50860=ORIENTED_EDGE('',*,*,#49640,.T.);
#50870=ORIENTED_EDGE('',*,*,#46320,.T.);
#50880=ORIENTED_EDGE('',*,*,#50620,.F.);
#50890=ORIENTED_EDGE('',*,*,#10910,.T.);
#50900=EDGE_LOOP('',(#50890,#50880,#50870,#50860,#50850));
#50910=FACE_OUTER_BOUND('',#50900,.T.);
#50920=ADVANCED_FACE('',(#50910),#50790,.T.);
#50930=CARTESIAN_POINT('',(-7.073077,34.355602,-47.0875));
#50940=DIRECTION('',(-0.707106781186547,-0.,-0.707106781186548));
#50950=DIRECTION('',(0.707106781186548,0.,-0.707106781186547));
#50960=AXIS2_PLACEMENT_3D('',#50930,#50940,#50950);
#50970=PLANE('',#50960);
#50980=ORIENTED_EDGE('',*,*,#50690,.T.);
#50990=ORIENTED_EDGE('',*,*,#46160,.F.);
#51000=CARTESIAN_POINT('',(0.608172999999993,15.430602,-54.76875));
#51010=DIRECTION('',(-0.331294578224539,0.883452208598773,
0.331294578224539));
#51020=VECTOR('',#51010,1.);
#51030=LINE('',#51000,#51020);
#51040=EDGE_CURVE('',#42020,#46070,#51030,.T.);
#51050=ORIENTED_EDGE('',*,*,#51040,.T.);
#51060=ORIENTED_EDGE('',*,*,#42030,.F.);
#51070=ORIENTED_EDGE('',*,*,#11070,.F.);
#51080=EDGE_LOOP('',(#51070,#51060,#51050,#50990,#50980));
#51090=FACE_OUTER_BOUND('',#51080,.T.);
#51100=ADVANCED_FACE('',(#51090),#50970,.F.);
#51110=CARTESIAN_POINT('',(-7.523077,36.180602,-47.8125));
#51120=DIRECTION('',(0.,0.0623782861551805,-0.998052578482889));
#51130=DIRECTION('',(0.,-0.998052578482889,-0.0623782861551805));
#51140=AXIS2_PLACEMENT_3D('',#51110,#51120,#51130);
#51150=PLANE('',#51140);
#51160=ORIENTED_EDGE('',*,*,#49880,.T.);
#51170=ORIENTED_EDGE('',*,*,#50400,.T.);
#51180=CARTESIAN_POINT('',(-7.523077,35.780602,-47.8375));
#51190=DIRECTION('',(-1.,0.,0.));
#51200=VECTOR('',#51190,1.);
#51210=LINE('',#51180,#51200);
#51220=EDGE_CURVE('',#44650,#50330,#51210,.T.);
#51230=ORIENTED_EDGE('',*,*,#51220,.T.);
#51240=ORIENTED_EDGE('',*,*,#44660,.T.);
#51250=CARTESIAN_POINT('',(0.608172999999989,15.430602,-49.109375));
#51260=DIRECTION('',(-0.350523742702191,0.934729980539178,
0.0584206237836986));
#51270=VECTOR('',#51260,1.);
#51280=LINE('',#51250,#51270);
#51290=EDGE_CURVE('',#44570,#50100,#51280,.T.);
#51300=ORIENTED_EDGE('',*,*,#51290,.F.);
#51310=ORIENTED_EDGE('',*,*,#50110,.F.);
#51320=EDGE_LOOP('',(#51310,#51300,#51240,#51230,#51170,#51160));
#51330=FACE_OUTER_BOUND('',#51320,.T.);
#51340=ADVANCED_FACE('',(#51330),#51150,.T.);
#51350=CARTESIAN_POINT('',(-8.023077,32.580602,-46.3125));
#51360=DIRECTION('',(-1.,0.,0.));
#51370=DIRECTION('',(0.,0.,1.));
#51380=AXIS2_PLACEMENT_3D('',#51350,#51360,#51370);
#51390=PLANE('',#51380);
#51400=ORIENTED_EDGE('',*,*,#50470,.T.);
#51410=ORIENTED_EDGE('',*,*,#49720,.F.);
#51420=ORIENTED_EDGE('',*,*,#50840,.F.);
#51430=ORIENTED_EDGE('',*,*,#11450,.T.);
#51440=EDGE_LOOP('',(#51430,#51420,#51410,#51400));
#51450=FACE_OUTER_BOUND('',#51440,.T.);
#51460=ADVANCED_FACE('',(#51450),#51390,.T.);
#51470=CARTESIAN_POINT('',(-7.173077,36.180602,-47.2125));
#51480=DIRECTION('',(-0.936329177569045,-0.351123441588391,0.));
#51490=DIRECTION('',(0.351123441588391,-0.936329177569045,0.));
#51500=AXIS2_PLACEMENT_3D('',#51470,#51480,#51490);
#51510=PLANE('',#51500);
#51520=ORIENTED_EDGE('',*,*,#51040,.F.);
#51530=ORIENTED_EDGE('',*,*,#46080,.T.);
#51540=ORIENTED_EDGE('',*,*,#50170,.T.);
#51550=ORIENTED_EDGE('',*,*,#51290,.T.);
#51560=ORIENTED_EDGE('',*,*,#44580,.T.);
#51570=ORIENTED_EDGE('',*,*,#42110,.T.);
#51580=EDGE_LOOP('',(#51570,#51560,#51550,#51540,#51530,#51520));
#51590=FACE_OUTER_BOUND('',#51580,.T.);
#51600=ADVANCED_FACE('',(#51590),#51510,.F.);
#51610=CARTESIAN_POINT('',(-5.373077,33.780602,-25.2975024));
#51620=DIRECTION('',(0.990048760971706,-0.140724734493939,0.));
#51630=DIRECTION('',(-0.140724734493939,-0.990048760971706,0.));
#51640=AXIS2_PLACEMENT_3D('',#51610,#51620,#51630);
#51650=PLANE('',#51640);
#51660=ORIENTED_EDGE('',*,*,#11790,.F.);
#51670=CARTESIAN_POINT('',(-5.67512279065997,31.655602,-25.2475));
#51680=DIRECTION('',(0.140724734493939,0.990048760971706,0.));
#51690=VECTOR('',#51680,1.);
#51700=LINE('',#51670,#51690);
#51710=CARTESIAN_POINT('',(-5.373077,33.780602,-25.2475));
#51720=VERTEX_POINT('',#51710);
#51730=EDGE_CURVE('',#11720,#51720,#51700,.T.);
#51740=ORIENTED_EDGE('',*,*,#51730,.F.);
#51750=CARTESIAN_POINT('',(-5.373077,33.780602,-25.2475));
#51760=DIRECTION('',(0.,0.,-1.));
#51770=VECTOR('',#51760,1.);
#51780=LINE('',#51750,#51770);
#51790=CARTESIAN_POINT('',(-5.373077,33.780602,-24.7475));
#51800=VERTEX_POINT('',#51790);
#51810=EDGE_CURVE('',#51800,#51720,#51780,.T.);
#51820=ORIENTED_EDGE('',*,*,#51810,.T.);
#51830=CARTESIAN_POINT('',(-5.67512279065997,31.655602,-24.7475));
#51840=DIRECTION('',(0.140724734493939,0.990048760971706,0.));
#51850=VECTOR('',#51840,1.);
#51860=LINE('',#51830,#51850);
#51870=EDGE_CURVE('',#11540,#51800,#51860,.T.);
#51880=ORIENTED_EDGE('',*,*,#51870,.T.);
#51890=EDGE_LOOP('',(#51880,#51820,#51740,#51660));
#51900=FACE_OUTER_BOUND('',#51890,.T.);
#51910=ADVANCED_FACE('',(#51900),#51650,.F.);
#51920=CARTESIAN_POINT('',(-6.023077,31.655602,-24.7475));
#51930=DIRECTION('',(0.,0.,1.));
#51940=DIRECTION('',(-1.,0.,0.));
#51950=AXIS2_PLACEMENT_3D('',#51920,#51930,#51940);
#51960=PLANE('',#51950);
#51970=ORIENTED_EDGE('',*,*,#51870,.F.);
#51980=CARTESIAN_POINT('',(-5.373077,1.32320802220895,-24.7475));
#51990=DIRECTION('',(0.,1.,0.));
#52000=VECTOR('',#51990,1.);
#52010=LINE('',#51980,#52000);
#52020=CARTESIAN_POINT('',(-5.373077,36.280602,-24.7475));
#52030=VERTEX_POINT('',#52020);
#52040=EDGE_CURVE('',#51800,#52030,#52010,.T.);
#52050=ORIENTED_EDGE('',*,*,#52040,.F.);
#52060=CARTESIAN_POINT('',(-4.92560517943693,36.280602,-24.7475));
#52070=DIRECTION('',(1.,0.,0.));
#52080=VECTOR('',#52070,1.);
#52090=LINE('',#52060,#52080);
#52100=CARTESIAN_POINT('',(-5.14402510050208,36.280602,-24.7475));
#52110=VERTEX_POINT('',#52100);
#52120=EDGE_CURVE('',#52030,#52110,#52090,.T.);
#52130=ORIENTED_EDGE('',*,*,#52120,.F.);
#52140=CARTESIAN_POINT('',(-5.14402510050208,36.180602,-24.7475));
#52150=DIRECTION('',(0.,0.,1.));
#52160=DIRECTION('',(-5.94762334620619E-16,-1.,0.));
#52170=AXIS2_PLACEMENT_3D('',#52140,#52150,#52160);
#52180=CIRCLE('',#52170,0.1);
#52190=CARTESIAN_POINT('',(-5.04963926486548,36.2136370424728,-24.7475))
;
#52200=VERTEX_POINT('',#52190);
#52210=EDGE_CURVE('',#52200,#52110,#52180,.T.);
#52220=ORIENTED_EDGE('',*,*,#52210,.T.);
#52230=CARTESIAN_POINT('',(7.16201089222686,1.32320802220894,-24.7475));
#52240=DIRECTION('',(0.330350424728106,-0.943858356366017,0.));
#52250=VECTOR('',#52240,1.);
#52260=LINE('',#52230,#52250);
#52270=CARTESIAN_POINT('',(-4.723077,35.280602,-24.7475));
#52280=VERTEX_POINT('',#52270);
#52290=EDGE_CURVE('',#52200,#52280,#52260,.T.);
#52300=ORIENTED_EDGE('',*,*,#52290,.F.);
#52310=CARTESIAN_POINT('',(-11.0900883708358,1.32320802220895,-24.7475))
;
#52320=DIRECTION('',(-0.184288535050186,-0.982872186934322,0.));
#52330=VECTOR('',#52320,1.);
#52340=LINE('',#52310,#52330);
#52350=CARTESIAN_POINT('',(-4.87307699999999,34.4806019999999,-24.7475))
;
#52360=VERTEX_POINT('',#52350);
#52370=EDGE_CURVE('',#52280,#52360,#52340,.T.);
#52380=ORIENTED_EDGE('',*,*,#52370,.F.);
#52390=CARTESIAN_POINT('',(-4.87307700000005,31.655602,-24.7475));
#52400=DIRECTION('',(-2.32292817460032E-14,-1.,0.));
#52410=VECTOR('',#52400,1.);
#52420=LINE('',#52390,#52410);
#52430=EDGE_CURVE('',#52360,#11560,#52420,.T.);
#52440=ORIENTED_EDGE('',*,*,#52430,.F.);
#52450=ORIENTED_EDGE('',*,*,#11570,.T.);
#52460=EDGE_LOOP('',(#52450,#52440,#52380,#52300,#52220,#52130,#52050,
#51970));
#52470=FACE_OUTER_BOUND('',#52460,.T.);
#52480=ADVANCED_FACE('',(#52470),#51960,.T.);
#52490=CARTESIAN_POINT('',(-5.373077,33.780602,-25.2475));
#52500=DIRECTION('',(-1.,0.,0.));
#52510=DIRECTION('',(0.,1.,0.));
#52520=AXIS2_PLACEMENT_3D('',#52490,#52500,#52510);
#52530=PLANE('',#52520);
#52540=CARTESIAN_POINT('',(-5.373077,36.280602,-25.2475));
#52550=DIRECTION('',(0.,0.,1.));
#52560=VECTOR('',#52550,1.);
#52570=LINE('',#52540,#52560);
#52580=CARTESIAN_POINT('',(-5.373077,36.280602,-25.2475));
#52590=VERTEX_POINT('',#52580);
#52600=EDGE_CURVE('',#52590,#52030,#52570,.T.);
#52610=ORIENTED_EDGE('',*,*,#52600,.F.);
#52620=ORIENTED_EDGE('',*,*,#52040,.T.);
#52630=ORIENTED_EDGE('',*,*,#51810,.F.);
#52640=CARTESIAN_POINT('',(-5.373077,1.32320802220895,-25.2475));
#52650=DIRECTION('',(0.,1.,0.));
#52660=VECTOR('',#52650,1.);
#52670=LINE('',#52640,#52660);
#52680=EDGE_CURVE('',#51720,#52590,#52670,.T.);
#52690=ORIENTED_EDGE('',*,*,#52680,.F.);
#52700=EDGE_LOOP('',(#52690,#52630,#52620,#52610));
#52710=FACE_OUTER_BOUND('',#52700,.T.);
#52720=ADVANCED_FACE('',(#52710),#52530,.T.);
#52730=CARTESIAN_POINT('',(-4.87307700000001,33.2806019999999,
-25.2975024));
#52740=DIRECTION('',(-1.,2.32292817460032E-14,0.));
#52750=DIRECTION('',(2.32292817460032E-14,1.,0.));
#52760=AXIS2_PLACEMENT_3D('',#52730,#52740,#52750);
#52770=PLANE('',#52760);
#52780=ORIENTED_EDGE('',*,*,#11650,.F.);
#52790=ORIENTED_EDGE('',*,*,#52430,.T.);
#52800=CARTESIAN_POINT('',(-4.87307699999999,34.480602,-25.2475));
#52810=DIRECTION('',(0.,0.,1.));
#52820=VECTOR('',#52810,1.);
#52830=LINE('',#52800,#52820);
#52840=CARTESIAN_POINT('',(-4.87307699999999,34.4806019999999,-25.2475))
;
#52850=VERTEX_POINT('',#52840);
#52860=EDGE_CURVE('',#52850,#52360,#52830,.T.);
#52870=ORIENTED_EDGE('',*,*,#52860,.T.);
#52880=CARTESIAN_POINT('',(-4.87307700000005,31.655602,-25.2475));
#52890=DIRECTION('',(-2.32292817460032E-14,-1.,0.));
#52900=VECTOR('',#52890,1.);
#52910=LINE('',#52880,#52900);
#52920=EDGE_CURVE('',#52850,#11640,#52910,.T.);
#52930=ORIENTED_EDGE('',*,*,#52920,.F.);
#52940=EDGE_LOOP('',(#52930,#52870,#52790,#52780));
#52950=FACE_OUTER_BOUND('',#52940,.T.);
#52960=ADVANCED_FACE('',(#52950),#52770,.F.);
#52970=CARTESIAN_POINT('',(-6.023077,31.655602,-25.2475));
#52980=DIRECTION('',(0.,0.,1.));
#52990=DIRECTION('',(-1.,0.,0.));
#53000=AXIS2_PLACEMENT_3D('',#52970,#52980,#52990);
#53010=PLANE('',#53000);
#53020=ORIENTED_EDGE('',*,*,#52920,.T.);
#53030=CARTESIAN_POINT('',(-11.0900883708358,1.32320802220895,-25.2475))
;
#53040=DIRECTION('',(-0.184288535050186,-0.982872186934322,0.));
#53050=VECTOR('',#53040,1.);
#53060=LINE('',#53030,#53050);
#53070=CARTESIAN_POINT('',(-4.723077,35.280602,-25.2475));
#53080=VERTEX_POINT('',#53070);
#53090=EDGE_CURVE('',#53080,#52850,#53060,.T.);
#53100=ORIENTED_EDGE('',*,*,#53090,.T.);
#53110=CARTESIAN_POINT('',(7.16201089222686,1.32320802220894,-25.2475));
#53120=DIRECTION('',(0.330350424728106,-0.943858356366017,0.));
#53130=VECTOR('',#53120,1.);
#53140=LINE('',#53110,#53130);
#53150=CARTESIAN_POINT('',(-5.04963926486548,36.2136370424728,-25.2475))
;
#53160=VERTEX_POINT('',#53150);
#53170=EDGE_CURVE('',#53160,#53080,#53140,.T.);
#53180=ORIENTED_EDGE('',*,*,#53170,.T.);
#53190=CARTESIAN_POINT('',(-5.14402510050208,36.180602,-25.2475));
#53200=DIRECTION('',(0.,0.,1.));
#53210=DIRECTION('',(-5.94762334620619E-16,-1.,0.));
#53220=AXIS2_PLACEMENT_3D('',#53190,#53200,#53210);
#53230=CIRCLE('',#53220,0.1);
#53240=CARTESIAN_POINT('',(-5.14402510050208,36.280602,-25.2475));
#53250=VERTEX_POINT('',#53240);
#53260=EDGE_CURVE('',#53160,#53250,#53230,.T.);
#53270=ORIENTED_EDGE('',*,*,#53260,.F.);
#53280=CARTESIAN_POINT('',(-4.92560517943693,36.280602,-25.2475));
#53290=DIRECTION('',(1.,0.,0.));
#53300=VECTOR('',#53290,1.);
#53310=LINE('',#53280,#53300);
#53320=EDGE_CURVE('',#52590,#53250,#53310,.T.);
#53330=ORIENTED_EDGE('',*,*,#53320,.T.);
#53340=ORIENTED_EDGE('',*,*,#52680,.T.);
#53350=ORIENTED_EDGE('',*,*,#51730,.T.);
#53360=ORIENTED_EDGE('',*,*,#11730,.F.);
#53370=EDGE_LOOP('',(#53360,#53350,#53340,#53330,#53270,#53180,#53100,
#53020));
#53380=FACE_OUTER_BOUND('',#53370,.T.);
#53390=ADVANCED_FACE('',(#53380),#53010,.F.);
#53400=CARTESIAN_POINT('',(-4.723077,35.280602,-25.2475));
#53410=DIRECTION('',(0.982872186934322,-0.184288535050186,0.));
#53420=DIRECTION('',(-0.184288535050186,-0.982872186934322,0.));
#53430=AXIS2_PLACEMENT_3D('',#53400,#53410,#53420);
#53440=PLANE('',#53430);
#53450=ORIENTED_EDGE('',*,*,#52860,.F.);
#53460=ORIENTED_EDGE('',*,*,#52370,.T.);
#53470=CARTESIAN_POINT('',(-4.723077,35.280602,-25.2475));
#53480=DIRECTION('',(0.,0.,1.));
#53490=VECTOR('',#53480,1.);
#53500=LINE('',#53470,#53490);
#53510=EDGE_CURVE('',#53080,#52280,#53500,.T.);
#53520=ORIENTED_EDGE('',*,*,#53510,.T.);
#53530=ORIENTED_EDGE('',*,*,#53090,.F.);
#53540=EDGE_LOOP('',(#53530,#53520,#53460,#53450));
#53550=FACE_OUTER_BOUND('',#53540,.T.);
#53560=ADVANCED_FACE('',(#53550),#53440,.T.);
#53570=CARTESIAN_POINT('',(-5.04963926486548,36.2136370424728,-25.2475))
;
#53580=DIRECTION('',(0.943858356366017,0.330350424728106,0.));
#53590=DIRECTION('',(0.330350424728106,-0.943858356366017,0.));
#53600=AXIS2_PLACEMENT_3D('',#53570,#53580,#53590);
#53610=PLANE('',#53600);
#53620=ORIENTED_EDGE('',*,*,#53510,.F.);
#53630=ORIENTED_EDGE('',*,*,#52290,.T.);
#53640=CARTESIAN_POINT('',(-5.04963926486548,36.2136370424728,-25.2475))
;
#53650=DIRECTION('',(0.,0.,1.));
#53660=VECTOR('',#53650,1.);
#53670=LINE('',#53640,#53660);
#53680=EDGE_CURVE('',#53160,#52200,#53670,.T.);
#53690=ORIENTED_EDGE('',*,*,#53680,.T.);
#53700=ORIENTED_EDGE('',*,*,#53170,.F.);
#53710=EDGE_LOOP('',(#53700,#53690,#53630,#53620));
#53720=FACE_OUTER_BOUND('',#53710,.T.);
#53730=ADVANCED_FACE('',(#53720),#53610,.T.);
#53740=CARTESIAN_POINT('',(-5.14402510050208,36.180602,-25.2475));
#53750=DIRECTION('',(0.,0.,1.));
#53760=DIRECTION('',(-5.94762334620619E-16,-1.,0.));
#53770=AXIS2_PLACEMENT_3D('',#53740,#53750,#53760);
#53780=CYLINDRICAL_SURFACE('',#53770,0.1);
#53790=ORIENTED_EDGE('',*,*,#53680,.F.);
#53800=ORIENTED_EDGE('',*,*,#52210,.F.);
#53810=CARTESIAN_POINT('',(-5.14402510050208,36.280602,-25.2475));
#53820=DIRECTION('',(0.,0.,1.));
#53830=VECTOR('',#53820,1.);
#53840=LINE('',#53810,#53830);
#53850=EDGE_CURVE('',#53250,#52110,#53840,.T.);
#53860=ORIENTED_EDGE('',*,*,#53850,.T.);
#53870=ORIENTED_EDGE('',*,*,#53260,.T.);
#53880=EDGE_LOOP('',(#53870,#53860,#53800,#53790));
#53890=FACE_OUTER_BOUND('',#53880,.T.);
#53900=ADVANCED_FACE('',(#53890),#53780,.T.);
#53910=CARTESIAN_POINT('',(-5.373077,36.280602,-25.2475));
#53920=DIRECTION('',(-0.,1.,0.));
#53930=DIRECTION('',(1.,0.,0.));
#53940=AXIS2_PLACEMENT_3D('',#53910,#53920,#53930);
#53950=PLANE('',#53940);
#53960=ORIENTED_EDGE('',*,*,#53850,.F.);
#53970=ORIENTED_EDGE('',*,*,#52120,.T.);
#53980=ORIENTED_EDGE('',*,*,#52600,.T.);
#53990=ORIENTED_EDGE('',*,*,#53320,.F.);
#54000=EDGE_LOOP('',(#53990,#53980,#53970,#53960));
#54010=FACE_OUTER_BOUND('',#54000,.T.);
#54020=ADVANCED_FACE('',(#54010),#53950,.T.);
#54030=CARTESIAN_POINT('',(-6.47208187609718,32.3665295265506,
-25.2975024));
#54040=DIRECTION('',(-0.990048760971707,-0.140724734493936,-0.));
#54050=DIRECTION('',(-0.140724734493936,0.990048760971707,0.));
#54060=AXIS2_PLACEMENT_3D('',#54030,#54040,#54050);
#54070=PLANE('',#54060);
#54080=CARTESIAN_POINT('',(-6.37103120934004,31.655602,-24.7475));
#54090=DIRECTION('',(0.140724734493936,-0.990048760971707,0.));
#54100=VECTOR('',#54090,1.);
#54110=LINE('',#54080,#54100);
#54120=CARTESIAN_POINT('',(-6.673077,33.780602,-24.7475));
#54130=VERTEX_POINT('',#54120);
#54140=EDGE_CURVE('',#54130,#11940,#54110,.T.);
#54150=ORIENTED_EDGE('',*,*,#54140,.T.);
#54160=CARTESIAN_POINT('',(-6.673077,33.780602,-25.2475));
#54170=DIRECTION('',(0.,0.,-1.));
#54180=VECTOR('',#54170,1.);
#54190=LINE('',#54160,#54180);
#54200=CARTESIAN_POINT('',(-6.673077,33.780602,-25.2475));
#54210=VERTEX_POINT('',#54200);
#54220=EDGE_CURVE('',#54130,#54210,#54190,.T.);
#54230=ORIENTED_EDGE('',*,*,#54220,.F.);
#54240=CARTESIAN_POINT('',(-6.37103120934004,31.655602,-25.2475));
#54250=DIRECTION('',(0.140724734493936,-0.990048760971707,0.));
#54260=VECTOR('',#54250,1.);
#54270=LINE('',#54240,#54260);
#54280=EDGE_CURVE('',#54210,#12020,#54270,.T.);
#54290=ORIENTED_EDGE('',*,*,#54280,.F.);
#54300=ORIENTED_EDGE('',*,*,#12030,.F.);
#54310=EDGE_LOOP('',(#54300,#54290,#54230,#54150));
#54320=FACE_OUTER_BOUND('',#54310,.T.);
#54330=ADVANCED_FACE('',(#54320),#54070,.F.);
#54340=CARTESIAN_POINT('',(-7.173077,31.655602,-24.7475));
#54350=DIRECTION('',(0.,1.,0.));
#54360=VECTOR('',#54350,1.);
#54370=LINE('',#54340,#54360);
#54380=CARTESIAN_POINT('',(-7.173077,34.480602,-24.7475));
#54390=VERTEX_POINT('',#54380);
#54400=EDGE_CURVE('',#11880,#54390,#54370,.T.);
#54410=ORIENTED_EDGE('',*,*,#54400,.F.);
#54420=CARTESIAN_POINT('',(-0.956065629164179,1.32320802220895,-24.7475)
);
#54430=DIRECTION('',(0.184288535050186,-0.982872186934322,0.));
#54440=VECTOR('',#54430,1.);
#54450=LINE('',#54420,#54440);
#54460=CARTESIAN_POINT('',(-7.323077,35.280602,-24.7475));
#54470=VERTEX_POINT('',#54460);
#54480=EDGE_CURVE('',#54470,#54390,#54450,.T.);
#54490=ORIENTED_EDGE('',*,*,#54480,.T.);
#54500=CARTESIAN_POINT('',(-19.2081648922269,1.32320802220894,-24.7475))
;
#54510=DIRECTION('',(-0.330350424728106,-0.943858356366017,0.));
#54520=VECTOR('',#54510,1.);
#54530=LINE('',#54500,#54520);
#54540=CARTESIAN_POINT('',(-6.99651473513452,36.2136370424728,-24.7475))
;
#54550=VERTEX_POINT('',#54540);
#54560=EDGE_CURVE('',#54550,#54470,#54530,.T.);
#54570=ORIENTED_EDGE('',*,*,#54560,.T.);
#54580=CARTESIAN_POINT('',(-6.90212889949792,36.180602,-24.7475));
#54590=DIRECTION('',(0.,0.,1.));
#54600=DIRECTION('',(-5.94762334620619E-16,-1.,0.));
#54610=AXIS2_PLACEMENT_3D('',#54580,#54590,#54600);
#54620=CIRCLE('',#54610,0.1);
#54630=CARTESIAN_POINT('',(-6.90212889949792,36.280602,-24.7475));
#54640=VERTEX_POINT('',#54630);
#54650=EDGE_CURVE('',#54640,#54550,#54620,.T.);
#54660=ORIENTED_EDGE('',*,*,#54650,.T.);
#54670=CARTESIAN_POINT('',(-7.12054882056308,36.280602,-24.7475));
#54680=DIRECTION('',(-1.,0.,0.));
#54690=VECTOR('',#54680,1.);
#54700=LINE('',#54670,#54690);
#54710=CARTESIAN_POINT('',(-6.673077,36.280602,-24.7475));
#54720=VERTEX_POINT('',#54710);
#54730=EDGE_CURVE('',#54720,#54640,#54700,.T.);
#54740=ORIENTED_EDGE('',*,*,#54730,.T.);
#54750=CARTESIAN_POINT('',(-6.673077,1.32320802220895,-24.7475));
#54760=DIRECTION('',(0.,1.,0.));
#54770=VECTOR('',#54760,1.);
#54780=LINE('',#54750,#54770);
#54790=EDGE_CURVE('',#54130,#54720,#54780,.T.);
#54800=ORIENTED_EDGE('',*,*,#54790,.T.);
#54810=ORIENTED_EDGE('',*,*,#54140,.F.);
#54820=ORIENTED_EDGE('',*,*,#11950,.T.);
#54830=EDGE_LOOP('',(#54820,#54810,#54800,#54740,#54660,#54570,#54490,
#54410));
#54840=FACE_OUTER_BOUND('',#54830,.T.);
#54850=ADVANCED_FACE('',(#54840),#51960,.T.);
#54860=CARTESIAN_POINT('',(-7.173077,34.480602,-25.2975024));
#54870=DIRECTION('',(1.,0.,0.));
#54880=DIRECTION('',(0.,-1.,0.));
#54890=AXIS2_PLACEMENT_3D('',#54860,#54870,#54880);
#54900=PLANE('',#54890);
#54910=ORIENTED_EDGE('',*,*,#11910,.F.);
#54920=CARTESIAN_POINT('',(-7.173077,31.655602,-25.2475));
#54930=DIRECTION('',(0.,1.,0.));
#54940=VECTOR('',#54930,1.);
#54950=LINE('',#54920,#54940);
#54960=CARTESIAN_POINT('',(-7.173077,34.4806019999996,-25.2475));
#54970=VERTEX_POINT('',#54960);
#54980=EDGE_CURVE('',#11900,#54970,#54950,.T.);
#54990=ORIENTED_EDGE('',*,*,#54980,.F.);
#55000=CARTESIAN_POINT('',(-7.173077,34.4806020000002,-25.2475));
#55010=DIRECTION('',(0.,0.,1.));
#55020=VECTOR('',#55010,1.);
#55030=LINE('',#55000,#55020);
#55040=EDGE_CURVE('',#54970,#54390,#55030,.T.);
#55050=ORIENTED_EDGE('',*,*,#55040,.F.);
#55060=ORIENTED_EDGE('',*,*,#54400,.T.);
#55070=EDGE_LOOP('',(#55060,#55050,#54990,#54910));
#55080=FACE_OUTER_BOUND('',#55070,.T.);
#55090=ADVANCED_FACE('',(#55080),#54900,.F.);
#55100=ORIENTED_EDGE('',*,*,#54280,.T.);
#55110=CARTESIAN_POINT('',(-6.673077,1.32320802220895,-25.2475));
#55120=DIRECTION('',(0.,1.,0.));
#55130=VECTOR('',#55120,1.);
#55140=LINE('',#55110,#55130);
#55150=CARTESIAN_POINT('',(-6.673077,36.280602,-25.2475));
#55160=VERTEX_POINT('',#55150);
#55170=EDGE_CURVE('',#54210,#55160,#55140,.T.);
#55180=ORIENTED_EDGE('',*,*,#55170,.F.);
#55190=CARTESIAN_POINT('',(-7.12054882056308,36.280602,-25.2475));
#55200=DIRECTION('',(-1.,0.,0.));
#55210=VECTOR('',#55200,1.);
#55220=LINE('',#55190,#55210);
#55230=CARTESIAN_POINT('',(-6.90212889949792,36.280602,-25.2475));
#55240=VERTEX_POINT('',#55230);
#55250=EDGE_CURVE('',#55160,#55240,#55220,.T.);
#55260=ORIENTED_EDGE('',*,*,#55250,.F.);
#55270=CARTESIAN_POINT('',(-6.90212889949792,36.180602,-25.2475));
#55280=DIRECTION('',(0.,0.,1.));
#55290=DIRECTION('',(-5.94762334620619E-16,-1.,0.));
#55300=AXIS2_PLACEMENT_3D('',#55270,#55280,#55290);
#55310=CIRCLE('',#55300,0.1);
#55320=CARTESIAN_POINT('',(-6.99651473513452,36.2136370424728,-25.2475))
;
#55330=VERTEX_POINT('',#55320);
#55340=EDGE_CURVE('',#55240,#55330,#55310,.T.);
#55350=ORIENTED_EDGE('',*,*,#55340,.F.);
#55360=CARTESIAN_POINT('',(-19.2081648922269,1.32320802220894,-25.2475))
;
#55370=DIRECTION('',(-0.330350424728106,-0.943858356366017,0.));
#55380=VECTOR('',#55370,1.);
#55390=LINE('',#55360,#55380);
#55400=CARTESIAN_POINT('',(-7.323077,35.280602,-25.2475));
#55410=VERTEX_POINT('',#55400);
#55420=EDGE_CURVE('',#55330,#55410,#55390,.T.);
#55430=ORIENTED_EDGE('',*,*,#55420,.F.);
#55440=CARTESIAN_POINT('',(-0.956065629164179,1.32320802220895,-25.2475)
);
#55450=DIRECTION('',(0.184288535050186,-0.982872186934322,0.));
#55460=VECTOR('',#55450,1.);
#55470=LINE('',#55440,#55460);
#55480=EDGE_CURVE('',#55410,#54970,#55470,.T.);
#55490=ORIENTED_EDGE('',*,*,#55480,.F.);
#55500=ORIENTED_EDGE('',*,*,#54980,.T.);
#55510=ORIENTED_EDGE('',*,*,#12050,.F.);
#55520=EDGE_LOOP('',(#55510,#55500,#55490,#55430,#55350,#55260,#55180,
#55100));
#55530=FACE_OUTER_BOUND('',#55520,.T.);
#55540=ADVANCED_FACE('',(#55530),#53010,.F.);
#55550=CARTESIAN_POINT('',(-6.673077,36.280602,-25.2475));
#55560=DIRECTION('',(1.,0.,0.));
#55570=DIRECTION('',(0.,-1.,0.));
#55580=AXIS2_PLACEMENT_3D('',#55550,#55560,#55570);
#55590=PLANE('',#55580);
#55600=ORIENTED_EDGE('',*,*,#54220,.T.);
#55610=ORIENTED_EDGE('',*,*,#54790,.F.);
#55620=CARTESIAN_POINT('',(-6.673077,36.280602,-25.2475));
#55630=DIRECTION('',(0.,0.,1.));
#55640=VECTOR('',#55630,1.);
#55650=LINE('',#55620,#55640);
#55660=EDGE_CURVE('',#55160,#54720,#55650,.T.);
#55670=ORIENTED_EDGE('',*,*,#55660,.T.);
#55680=ORIENTED_EDGE('',*,*,#55170,.T.);
#55690=EDGE_LOOP('',(#55680,#55670,#55610,#55600));
#55700=FACE_OUTER_BOUND('',#55690,.T.);
#55710=ADVANCED_FACE('',(#55700),#55590,.T.);
#55720=CARTESIAN_POINT('',(-6.90212889949792,36.280602,-25.2475));
#55730=DIRECTION('',(-0.,1.,0.));
#55740=DIRECTION('',(1.,0.,0.));
#55750=AXIS2_PLACEMENT_3D('',#55720,#55730,#55740);
#55760=PLANE('',#55750);
#55770=ORIENTED_EDGE('',*,*,#55660,.F.);
#55780=ORIENTED_EDGE('',*,*,#54730,.F.);
#55790=CARTESIAN_POINT('',(-6.90212889949792,36.280602,-25.2475));
#55800=DIRECTION('',(0.,0.,1.));
#55810=VECTOR('',#55800,1.);
#55820=LINE('',#55790,#55810);
#55830=EDGE_CURVE('',#55240,#54640,#55820,.T.);
#55840=ORIENTED_EDGE('',*,*,#55830,.T.);
#55850=ORIENTED_EDGE('',*,*,#55250,.T.);
#55860=EDGE_LOOP('',(#55850,#55840,#55780,#55770));
#55870=FACE_OUTER_BOUND('',#55860,.T.);
#55880=ADVANCED_FACE('',(#55870),#55760,.T.);
#55890=CARTESIAN_POINT('',(-6.90212889949792,36.180602,-25.2475));
#55900=DIRECTION('',(0.,0.,1.));
#55910=DIRECTION('',(-5.94762334620619E-16,-1.,0.));
#55920=AXIS2_PLACEMENT_3D('',#55890,#55900,#55910);
#55930=CYLINDRICAL_SURFACE('',#55920,0.1);
#55940=ORIENTED_EDGE('',*,*,#55830,.F.);
#55950=ORIENTED_EDGE('',*,*,#54650,.F.);
#55960=CARTESIAN_POINT('',(-6.99651473513452,36.2136370424728,-25.2475))
;
#55970=DIRECTION('',(0.,0.,1.));
#55980=VECTOR('',#55970,1.);
#55990=LINE('',#55960,#55980);
#56000=EDGE_CURVE('',#55330,#54550,#55990,.T.);
#56010=ORIENTED_EDGE('',*,*,#56000,.T.);
#56020=ORIENTED_EDGE('',*,*,#55340,.T.);
#56030=EDGE_LOOP('',(#56020,#56010,#55950,#55940));
#56040=FACE_OUTER_BOUND('',#56030,.T.);
#56050=ADVANCED_FACE('',(#56040),#55930,.T.);
#56060=CARTESIAN_POINT('',(-7.323077,35.280602,-25.2475));
#56070=DIRECTION('',(-0.943858356366017,0.330350424728106,0.));
#56080=DIRECTION('',(0.330350424728106,0.943858356366017,0.));
#56090=AXIS2_PLACEMENT_3D('',#56060,#56070,#56080);
#56100=PLANE('',#56090);
#56110=ORIENTED_EDGE('',*,*,#56000,.F.);
#56120=ORIENTED_EDGE('',*,*,#54560,.F.);
#56130=CARTESIAN_POINT('',(-7.323077,35.280602,-25.2475));
#56140=DIRECTION('',(0.,0.,1.));
#56150=VECTOR('',#56140,1.);
#56160=LINE('',#56130,#56150);
#56170=EDGE_CURVE('',#55410,#54470,#56160,.T.);
#56180=ORIENTED_EDGE('',*,*,#56170,.T.);
#56190=ORIENTED_EDGE('',*,*,#55420,.T.);
#56200=EDGE_LOOP('',(#56190,#56180,#56120,#56110));
#56210=FACE_OUTER_BOUND('',#56200,.T.);
#56220=ADVANCED_FACE('',(#56210),#56100,.T.);
#56230=CARTESIAN_POINT('',(-7.173077,34.480602,-25.2475));
#56240=DIRECTION('',(-0.982872186934322,-0.184288535050186,-0.));
#56250=DIRECTION('',(-0.184288535050186,0.982872186934322,0.));
#56260=AXIS2_PLACEMENT_3D('',#56230,#56240,#56250);
#56270=PLANE('',#56260);
#56280=ORIENTED_EDGE('',*,*,#56170,.F.);
#56290=ORIENTED_EDGE('',*,*,#54480,.F.);
#56300=ORIENTED_EDGE('',*,*,#55040,.T.);
#56310=ORIENTED_EDGE('',*,*,#55480,.T.);
#56320=EDGE_LOOP('',(#56310,#56300,#56290,#56280));
#56330=FACE_OUTER_BOUND('',#56320,.T.);
#56340=ADVANCED_FACE('',(#56330),#56270,.T.);
#56350=CARTESIAN_POINT('',(-5.27307699999999,1.32320802220895,-25.2475))
;
#56360=DIRECTION('',(-2.77555756156289E-16,1.,0.));
#56370=VECTOR('',#56360,1.);
#56380=LINE('',#56350,#56370);
#56390=CARTESIAN_POINT('',(-5.273077,29.830602,-25.2475));
#56400=VERTEX_POINT('',#56390);
#56410=EDGE_CURVE('',#56400,#1250,#56380,.T.);
#56420=ORIENTED_EDGE('',*,*,#56410,.T.);
#56430=CARTESIAN_POINT('',(-4.92560517943693,29.830602,-25.2475));
#56440=DIRECTION('',(1.,-5.41572207134223E-16,0.));
#56450=VECTOR('',#56440,1.);
#56460=LINE('',#56430,#56450);
#56470=CARTESIAN_POINT('',(-4.223077,29.830602,-25.2475));
#56480=VERTEX_POINT('',#56470);
#56490=EDGE_CURVE('',#56400,#56480,#56460,.T.);
#56500=ORIENTED_EDGE('',*,*,#56490,.F.);
#56510=CARTESIAN_POINT('',(-32.730470977791,1.32320802220896,-25.2475));
#56520=DIRECTION('',(-0.707106781186548,-0.707106781186547,0.));
#56530=VECTOR('',#56520,1.);
#56540=LINE('',#56510,#56530);
#56550=EDGE_CURVE('',#1070,#56480,#56540,.T.);
#56560=ORIENTED_EDGE('',*,*,#56550,.T.);
#56570=ORIENTED_EDGE('',*,*,#1320,.F.);
#56580=EDGE_LOOP('',(#56570,#56560,#56500,#56420));
#56590=FACE_OUTER_BOUND('',#56580,.T.);
#56600=ADVANCED_FACE('',(#56590),#53010,.F.);
#56610=CARTESIAN_POINT('',(-3.973077,30.080602,-25.2475));
#56620=DIRECTION('',(0.707106781186547,-0.707106781186548,0.));
#56630=DIRECTION('',(-0.707106781186548,-0.707106781186547,0.));
#56640=AXIS2_PLACEMENT_3D('',#56610,#56620,#56630);
#56650=PLANE('',#56640);
#56660=CARTESIAN_POINT('',(-4.223077,29.830602,-25.2475));
#56670=DIRECTION('',(0.,0.,1.));
#56680=VECTOR('',#56670,1.);
#56690=LINE('',#56660,#56680);
#56700=CARTESIAN_POINT('',(-4.223077,29.830602,-24.7475));
#56710=VERTEX_POINT('',#56700);
#56720=EDGE_CURVE('',#56480,#56710,#56690,.T.);
#56730=ORIENTED_EDGE('',*,*,#56720,.F.);
#56740=CARTESIAN_POINT('',(-32.730470977791,1.32320802220896,-24.7475));
#56750=DIRECTION('',(-0.707106781186548,-0.707106781186547,0.));
#56760=VECTOR('',#56750,1.);
#56770=LINE('',#56740,#56760);
#56780=EDGE_CURVE('',#1090,#56710,#56770,.T.);
#56790=ORIENTED_EDGE('',*,*,#56780,.T.);
#56800=ORIENTED_EDGE('',*,*,#1100,.T.);
#56810=ORIENTED_EDGE('',*,*,#56550,.F.);
#56820=EDGE_LOOP('',(#56810,#56800,#56790,#56730));
#56830=FACE_OUTER_BOUND('',#56820,.T.);
#56840=ADVANCED_FACE('',(#56830),#56650,.T.);
#56850=ORIENTED_EDGE('',*,*,#56780,.F.);
#56860=CARTESIAN_POINT('',(-4.92560517943693,29.830602,-24.7475));
#56870=DIRECTION('',(1.,-5.41572207134223E-16,0.));
#56880=VECTOR('',#56870,1.);
#56890=LINE('',#56860,#56880);
#56900=CARTESIAN_POINT('',(-5.273077,29.830602,-24.7475));
#56910=VERTEX_POINT('',#56900);
#56920=EDGE_CURVE('',#56910,#56710,#56890,.T.);
#56930=ORIENTED_EDGE('',*,*,#56920,.T.);
#56940=CARTESIAN_POINT('',(-5.27307699999999,1.32320802220895,-24.7475))
;
#56950=DIRECTION('',(-2.77555756156289E-16,1.,0.));
#56960=VECTOR('',#56950,1.);
#56970=LINE('',#56940,#56960);
#56980=EDGE_CURVE('',#56910,#1170,#56970,.T.);
#56990=ORIENTED_EDGE('',*,*,#56980,.F.);
#57000=ORIENTED_EDGE('',*,*,#1180,.T.);
#57010=EDGE_LOOP('',(#57000,#56990,#56930,#56850));
#57020=FACE_OUTER_BOUND('',#57010,.T.);
#57030=ADVANCED_FACE('',(#57020),#51960,.T.);
#57040=CARTESIAN_POINT('',(-5.273077,29.830602,-25.2475));
#57050=DIRECTION('',(-1.,-2.77555756156289E-16,-0.));
#57060=DIRECTION('',(-2.77555756156289E-16,1.,0.));
#57070=AXIS2_PLACEMENT_3D('',#57040,#57050,#57060);
#57080=PLANE('',#57070);
#57090=ORIENTED_EDGE('',*,*,#56980,.T.);
#57100=CARTESIAN_POINT('',(-5.273077,29.830602,-25.2475));
#57110=DIRECTION('',(0.,0.,1.));
#57120=VECTOR('',#57110,1.);
#57130=LINE('',#57100,#57120);
#57140=EDGE_CURVE('',#56400,#56910,#57130,.T.);
#57150=ORIENTED_EDGE('',*,*,#57140,.T.);
#57160=ORIENTED_EDGE('',*,*,#56410,.F.);
#57170=ORIENTED_EDGE('',*,*,#1260,.T.);
#57180=EDGE_LOOP('',(#57170,#57160,#57150,#57090));
#57190=FACE_OUTER_BOUND('',#57180,.T.);
#57200=ADVANCED_FACE('',(#57190),#57080,.T.);
#57210=CARTESIAN_POINT('',(-4.223077,29.830602,-25.2475));
#57220=DIRECTION('',(-5.41572207134223E-16,-1.,-0.));
#57230=DIRECTION('',(-1.,5.41572207134223E-16,0.));
#57240=AXIS2_PLACEMENT_3D('',#57210,#57220,#57230);
#57250=PLANE('',#57240);
#57260=ORIENTED_EDGE('',*,*,#57140,.F.);
#57270=ORIENTED_EDGE('',*,*,#56920,.F.);
#57280=ORIENTED_EDGE('',*,*,#56720,.T.);
#57290=ORIENTED_EDGE('',*,*,#56490,.T.);
#57300=EDGE_LOOP('',(#57290,#57280,#57270,#57260));
#57310=FACE_OUTER_BOUND('',#57300,.T.);
#57320=ADVANCED_FACE('',(#57310),#57250,.T.);
#57330=CARTESIAN_POINT('',(-6.77307700000001,1.32320802220895,-24.7475))
;
#57340=DIRECTION('',(2.77555756156289E-16,1.,0.));
#57350=VECTOR('',#57340,1.);
#57360=LINE('',#57330,#57350);
#57370=CARTESIAN_POINT('',(-6.773077,29.830602,-24.7475));
#57380=VERTEX_POINT('',#57370);
#57390=EDGE_CURVE('',#57380,#1550,#57360,.T.);
#57400=ORIENTED_EDGE('',*,*,#57390,.T.);
#57410=CARTESIAN_POINT('',(-7.12054882056307,29.830602,-24.7475));
#57420=DIRECTION('',(-1.,-5.41572207134223E-16,0.));
#57430=VECTOR('',#57420,1.);
#57440=LINE('',#57410,#57430);
#57450=CARTESIAN_POINT('',(-7.82307700000001,29.830602,-24.7475));
#57460=VERTEX_POINT('',#57450);
#57470=EDGE_CURVE('',#57380,#57460,#57440,.T.);
#57480=ORIENTED_EDGE('',*,*,#57470,.F.);
#57490=CARTESIAN_POINT('',(20.684316977791,1.32320802220893,-24.7475));
#57500=DIRECTION('',(0.707106781186547,-0.707106781186548,0.));
#57510=VECTOR('',#57500,1.);
#57520=LINE('',#57490,#57510);
#57530=EDGE_CURVE('',#1410,#57460,#57520,.T.);
#57540=ORIENTED_EDGE('',*,*,#57530,.T.);
#57550=ORIENTED_EDGE('',*,*,#1580,.T.);
#57560=EDGE_LOOP('',(#57550,#57540,#57480,#57400));
#57570=FACE_OUTER_BOUND('',#57560,.T.);
#57580=ADVANCED_FACE('',(#57570),#51960,.T.);
#57590=CARTESIAN_POINT('',(-6.773077,30.230602,-25.2475));
#57600=DIRECTION('',(1.,-2.77555756156289E-16,0.));
#57610=DIRECTION('',(-2.77555756156289E-16,-1.,0.));
#57620=AXIS2_PLACEMENT_3D('',#57590,#57600,#57610);
#57630=PLANE('',#57620);
#57640=CARTESIAN_POINT('',(-6.77307700000001,1.32320802220895,-25.2475))
;
#57650=DIRECTION('',(2.77555756156289E-16,1.,0.));
#57660=VECTOR('',#57650,1.);
#57670=LINE('',#57640,#57660);
#57680=CARTESIAN_POINT('',(-6.773077,29.830602,-25.2475));
#57690=VERTEX_POINT('',#57680);
#57700=EDGE_CURVE('',#57690,#1470,#57670,.T.);
#57710=ORIENTED_EDGE('',*,*,#57700,.T.);
#57720=CARTESIAN_POINT('',(-6.773077,29.830602,-25.2475));
#57730=DIRECTION('',(0.,0.,1.));
#57740=VECTOR('',#57730,1.);
#57750=LINE('',#57720,#57740);
#57760=EDGE_CURVE('',#57690,#57380,#57750,.T.);
#57770=ORIENTED_EDGE('',*,*,#57760,.F.);
#57780=ORIENTED_EDGE('',*,*,#57390,.F.);
#57790=ORIENTED_EDGE('',*,*,#1560,.T.);
#57800=EDGE_LOOP('',(#57790,#57780,#57770,#57710));
#57810=FACE_OUTER_BOUND('',#57800,.T.);
#57820=ADVANCED_FACE('',(#57810),#57630,.T.);
#57830=CARTESIAN_POINT('',(20.684316977791,1.32320802220893,-25.2475));
#57840=DIRECTION('',(0.707106781186547,-0.707106781186548,0.));
#57850=VECTOR('',#57840,1.);
#57860=LINE('',#57830,#57850);
#57870=CARTESIAN_POINT('',(-7.82307700000001,29.830602,-25.2475));
#57880=VERTEX_POINT('',#57870);
#57890=EDGE_CURVE('',#1430,#57880,#57860,.T.);
#57900=ORIENTED_EDGE('',*,*,#57890,.F.);
#57910=CARTESIAN_POINT('',(-7.12054882056307,29.830602,-25.2475));
#57920=DIRECTION('',(-1.,-5.41572207134223E-16,0.));
#57930=VECTOR('',#57920,1.);
#57940=LINE('',#57910,#57930);
#57950=EDGE_CURVE('',#57690,#57880,#57940,.T.);
#57960=ORIENTED_EDGE('',*,*,#57950,.T.);
#57970=ORIENTED_EDGE('',*,*,#57700,.F.);
#57980=ORIENTED_EDGE('',*,*,#1480,.F.);
#57990=EDGE_LOOP('',(#57980,#57970,#57960,#57900));
#58000=FACE_OUTER_BOUND('',#57990,.T.);
#58010=ADVANCED_FACE('',(#58000),#53010,.F.);
#58020=CARTESIAN_POINT('',(-7.82307700000001,29.830602,-25.2475));
#58030=DIRECTION('',(-0.707106781186548,-0.707106781186547,-0.));
#58040=DIRECTION('',(-0.707106781186547,0.707106781186548,0.));
#58050=AXIS2_PLACEMENT_3D('',#58020,#58030,#58040);
#58060=PLANE('',#58050);
#58070=ORIENTED_EDGE('',*,*,#1440,.T.);
#58080=ORIENTED_EDGE('',*,*,#57530,.F.);
#58090=CARTESIAN_POINT('',(-7.82307700000001,29.830602,-25.2475));
#58100=DIRECTION('',(0.,0.,1.));
#58110=VECTOR('',#58100,1.);
#58120=LINE('',#58090,#58110);
#58130=EDGE_CURVE('',#57880,#57460,#58120,.T.);
#58140=ORIENTED_EDGE('',*,*,#58130,.T.);
#58150=ORIENTED_EDGE('',*,*,#57890,.T.);
#58160=EDGE_LOOP('',(#58150,#58140,#58080,#58070));
#58170=FACE_OUTER_BOUND('',#58160,.T.);
#58180=ADVANCED_FACE('',(#58170),#58060,.T.);
#58190=CARTESIAN_POINT('',(-6.773077,29.830602,-25.2475));
#58200=DIRECTION('',(5.41572207134223E-16,-1.,0.));
#58210=DIRECTION('',(-1.,-5.41572207134223E-16,0.));
#58220=AXIS2_PLACEMENT_3D('',#58190,#58200,#58210);
#58230=PLANE('',#58220);
#58240=ORIENTED_EDGE('',*,*,#58130,.F.);
#58250=ORIENTED_EDGE('',*,*,#57470,.T.);
#58260=ORIENTED_EDGE('',*,*,#57760,.T.);
#58270=ORIENTED_EDGE('',*,*,#57950,.F.);
#58280=EDGE_LOOP('',(#58270,#58260,#58250,#58240));
#58290=FACE_OUTER_BOUND('',#58280,.T.);
#58300=ADVANCED_FACE('',(#58290),#58230,.T.);
#58310=CARTESIAN_POINT('',(-6.023077,31.655602,-54.8875));
#58320=DIRECTION('',(0.,0.,1.));
#58330=DIRECTION('',(-1.,0.,0.));
#58340=AXIS2_PLACEMENT_3D('',#58310,#58320,#58330);
#58350=PLANE('',#58340);
#58360=CARTESIAN_POINT('',(20.684316977791,1.32320802220893,-54.8875));
#58370=DIRECTION('',(0.707106781186547,-0.707106781186548,0.));
#58380=VECTOR('',#58370,1.);
#58390=LINE('',#58360,#58380);
#58400=CARTESIAN_POINT('',(-7.82307700000001,29.830602,-54.8875));
#58410=VERTEX_POINT('',#58400);
#58420=EDGE_CURVE('',#28070,#58410,#58390,.T.);
#58430=ORIENTED_EDGE('',*,*,#58420,.F.);
#58440=CARTESIAN_POINT('',(-7.12054882056307,29.830602,-54.8875));
#58450=DIRECTION('',(-1.,-5.41572207134223E-16,0.));
#58460=VECTOR('',#58450,1.);
#58470=LINE('',#58440,#58460);
#58480=CARTESIAN_POINT('',(-6.773077,29.830602,-54.8875));
#58490=VERTEX_POINT('',#58480);
#58500=EDGE_CURVE('',#58490,#58410,#58470,.T.);
#58510=ORIENTED_EDGE('',*,*,#58500,.T.);
#58520=CARTESIAN_POINT('',(-6.77307700000001,1.32320802220895,-54.8875))
;
#58530=DIRECTION('',(2.77555756156289E-16,1.,0.));
#58540=VECTOR('',#58530,1.);
#58550=LINE('',#58520,#58540);
#58560=EDGE_CURVE('',#58490,#27890,#58550,.T.);
#58570=ORIENTED_EDGE('',*,*,#58560,.F.);
#58580=ORIENTED_EDGE('',*,*,#28140,.F.);
#58590=EDGE_LOOP('',(#58580,#58570,#58510,#58430));
#58600=FACE_OUTER_BOUND('',#58590,.T.);
#58610=ADVANCED_FACE('',(#58600),#58350,.F.);
#58620=CARTESIAN_POINT('',(-6.773077,30.230602,-54.8875));
#58630=DIRECTION('',(1.,-2.77555756156289E-16,0.));
#58640=DIRECTION('',(-2.77555756156289E-16,-1.,0.));
#58650=AXIS2_PLACEMENT_3D('',#58620,#58630,#58640);
#58660=PLANE('',#58650);
#58670=ORIENTED_EDGE('',*,*,#58560,.T.);
#58680=CARTESIAN_POINT('',(-6.773077,29.830602,-54.8875));
#58690=DIRECTION('',(0.,0.,1.));
#58700=VECTOR('',#58690,1.);
#58710=LINE('',#58680,#58700);
#58720=CARTESIAN_POINT('',(-6.773077,29.830602,-54.3875));
#58730=VERTEX_POINT('',#58720);
#58740=EDGE_CURVE('',#58490,#58730,#58710,.T.);
#58750=ORIENTED_EDGE('',*,*,#58740,.F.);
#58760=CARTESIAN_POINT('',(-6.77307700000001,1.32320802220895,-54.3875))
;
#58770=DIRECTION('',(2.77555756156289E-16,1.,0.));
#58780=VECTOR('',#58770,1.);
#58790=LINE('',#58760,#58780);
#58800=EDGE_CURVE('',#58730,#27910,#58790,.T.);
#58810=ORIENTED_EDGE('',*,*,#58800,.F.);
#58820=ORIENTED_EDGE('',*,*,#27920,.T.);
#58830=EDGE_LOOP('',(#58820,#58810,#58750,#58670));
#58840=FACE_OUTER_BOUND('',#58830,.T.);
#58850=ADVANCED_FACE('',(#58840),#58660,.T.);
#58860=CARTESIAN_POINT('',(-6.023077,31.655602,-54.3875));
#58870=DIRECTION('',(0.,0.,1.));
#58880=DIRECTION('',(-1.,0.,0.));
#58890=AXIS2_PLACEMENT_3D('',#58860,#58870,#58880);
#58900=PLANE('',#58890);
#58910=ORIENTED_EDGE('',*,*,#58800,.T.);
#58920=CARTESIAN_POINT('',(-7.12054882056307,29.830602,-54.3875));
#58930=DIRECTION('',(-1.,-5.41572207134223E-16,0.));
#58940=VECTOR('',#58930,1.);
#58950=LINE('',#58920,#58940);
#58960=CARTESIAN_POINT('',(-7.82307700000001,29.830602,-54.3875));
#58970=VERTEX_POINT('',#58960);
#58980=EDGE_CURVE('',#58730,#58970,#58950,.T.);
#58990=ORIENTED_EDGE('',*,*,#58980,.F.);
#59000=CARTESIAN_POINT('',(20.684316977791,1.32320802220893,-54.3875));
#59010=DIRECTION('',(0.707106781186547,-0.707106781186548,0.));
#59020=VECTOR('',#59010,1.);
#59030=LINE('',#59000,#59020);
#59040=EDGE_CURVE('',#27990,#58970,#59030,.T.);
#59050=ORIENTED_EDGE('',*,*,#59040,.T.);
#59060=ORIENTED_EDGE('',*,*,#28000,.T.);
#59070=EDGE_LOOP('',(#59060,#59050,#58990,#58910));
#59080=FACE_OUTER_BOUND('',#59070,.T.);
#59090=ADVANCED_FACE('',(#59080),#58900,.T.);
#59100=CARTESIAN_POINT('',(-7.82307700000001,29.830602,-54.8875));
#59110=DIRECTION('',(-0.707106781186548,-0.707106781186547,-0.));
#59120=DIRECTION('',(-0.707106781186547,0.707106781186548,0.));
#59130=AXIS2_PLACEMENT_3D('',#59100,#59110,#59120);
#59140=PLANE('',#59130);
#59150=ORIENTED_EDGE('',*,*,#28080,.T.);
#59160=ORIENTED_EDGE('',*,*,#59040,.F.);
#59170=CARTESIAN_POINT('',(-7.82307700000001,29.830602,-54.8875));
#59180=DIRECTION('',(0.,0.,1.));
#59190=VECTOR('',#59180,1.);
#59200=LINE('',#59170,#59190);
#59210=EDGE_CURVE('',#58410,#58970,#59200,.T.);
#59220=ORIENTED_EDGE('',*,*,#59210,.T.);
#59230=ORIENTED_EDGE('',*,*,#58420,.T.);
#59240=EDGE_LOOP('',(#59230,#59220,#59160,#59150));
#59250=FACE_OUTER_BOUND('',#59240,.T.);
#59260=ADVANCED_FACE('',(#59250),#59140,.T.);
#59270=CARTESIAN_POINT('',(-6.773077,29.830602,-54.8875));
#59280=DIRECTION('',(5.41572207134223E-16,-1.,0.));
#59290=DIRECTION('',(-1.,-5.41572207134223E-16,0.));
#59300=AXIS2_PLACEMENT_3D('',#59270,#59280,#59290);
#59310=PLANE('',#59300);
#59320=ORIENTED_EDGE('',*,*,#59210,.F.);
#59330=ORIENTED_EDGE('',*,*,#58980,.T.);
#59340=ORIENTED_EDGE('',*,*,#58740,.T.);
#59350=ORIENTED_EDGE('',*,*,#58500,.F.);
#59360=EDGE_LOOP('',(#59350,#59340,#59330,#59320));
#59370=FACE_OUTER_BOUND('',#59360,.T.);
#59380=ADVANCED_FACE('',(#59370),#59310,.T.);
#59390=CARTESIAN_POINT('',(-5.27307699999999,1.32320802220895,-54.8875))
;
#59400=DIRECTION('',(-2.77555756156289E-16,1.,0.));
#59410=VECTOR('',#59400,1.);
#59420=LINE('',#59390,#59410);
#59430=CARTESIAN_POINT('',(-5.273077,29.830602,-54.8875));
#59440=VERTEX_POINT('',#59430);
#59450=EDGE_CURVE('',#59440,#28370,#59420,.T.);
#59460=ORIENTED_EDGE('',*,*,#59450,.T.);
#59470=CARTESIAN_POINT('',(-4.92560517943693,29.830602,-54.8875));
#59480=DIRECTION('',(1.,-5.41572207134223E-16,0.));
#59490=VECTOR('',#59480,1.);
#59500=LINE('',#59470,#59490);
#59510=CARTESIAN_POINT('',(-4.223077,29.830602,-54.8875));
#59520=VERTEX_POINT('',#59510);
#59530=EDGE_CURVE('',#59440,#59520,#59500,.T.);
#59540=ORIENTED_EDGE('',*,*,#59530,.F.);
#59550=CARTESIAN_POINT('',(-32.730470977791,1.32320802220896,-54.8875));
#59560=DIRECTION('',(-0.707106781186548,-0.707106781186547,0.));
#59570=VECTOR('',#59560,1.);
#59580=LINE('',#59550,#59570);
#59590=EDGE_CURVE('',#28230,#59520,#59580,.T.);
#59600=ORIENTED_EDGE('',*,*,#59590,.T.);
#59610=ORIENTED_EDGE('',*,*,#28400,.F.);
#59620=EDGE_LOOP('',(#59610,#59600,#59540,#59460));
#59630=FACE_OUTER_BOUND('',#59620,.T.);
#59640=ADVANCED_FACE('',(#59630),#58350,.F.);
#59650=CARTESIAN_POINT('',(-3.973077,30.080602,-54.8875));
#59660=DIRECTION('',(0.707106781186547,-0.707106781186548,0.));
#59670=DIRECTION('',(-0.707106781186548,-0.707106781186547,0.));
#59680=AXIS2_PLACEMENT_3D('',#59650,#59660,#59670);
#59690=PLANE('',#59680);
#59700=CARTESIAN_POINT('',(-4.223077,29.830602,-54.8875));
#59710=DIRECTION('',(0.,0.,1.));
#59720=VECTOR('',#59710,1.);
#59730=LINE('',#59700,#59720);
#59740=CARTESIAN_POINT('',(-4.223077,29.830602,-54.3875));
#59750=VERTEX_POINT('',#59740);
#59760=EDGE_CURVE('',#59520,#59750,#59730,.T.);
#59770=ORIENTED_EDGE('',*,*,#59760,.F.);
#59780=CARTESIAN_POINT('',(-32.730470977791,1.32320802220896,-54.3875));
#59790=DIRECTION('',(-0.707106781186548,-0.707106781186547,0.));
#59800=VECTOR('',#59790,1.);
#59810=LINE('',#59780,#59800);
#59820=EDGE_CURVE('',#28250,#59750,#59810,.T.);
#59830=ORIENTED_EDGE('',*,*,#59820,.T.);
#59840=ORIENTED_EDGE('',*,*,#28260,.T.);
#59850=ORIENTED_EDGE('',*,*,#59590,.F.);
#59860=EDGE_LOOP('',(#59850,#59840,#59830,#59770));
#59870=FACE_OUTER_BOUND('',#59860,.T.);
#59880=ADVANCED_FACE('',(#59870),#59690,.T.);
#59890=ORIENTED_EDGE('',*,*,#59820,.F.);
#59900=CARTESIAN_POINT('',(-4.92560517943693,29.830602,-54.3875));
#59910=DIRECTION('',(1.,-5.41572207134223E-16,0.));
#59920=VECTOR('',#59910,1.);
#59930=LINE('',#59900,#59920);
#59940=CARTESIAN_POINT('',(-5.273077,29.830602,-54.3875));
#59950=VERTEX_POINT('',#59940);
#59960=EDGE_CURVE('',#59950,#59750,#59930,.T.);
#59970=ORIENTED_EDGE('',*,*,#59960,.T.);
#59980=CARTESIAN_POINT('',(-5.27307699999999,1.32320802220895,-54.3875))
;
#59990=DIRECTION('',(-2.77555756156289E-16,1.,0.));
#60000=VECTOR('',#59990,1.);
#60010=LINE('',#59980,#60000);
#60020=EDGE_CURVE('',#59950,#28290,#60010,.T.);
#60030=ORIENTED_EDGE('',*,*,#60020,.F.);
#60040=ORIENTED_EDGE('',*,*,#28300,.T.);
#60050=EDGE_LOOP('',(#60040,#60030,#59970,#59890));
#60060=FACE_OUTER_BOUND('',#60050,.T.);
#60070=ADVANCED_FACE('',(#60060),#58900,.T.);
#60080=CARTESIAN_POINT('',(-5.273077,29.830602,-54.8875));
#60090=DIRECTION('',(-1.,-2.77555756156289E-16,-0.));
#60100=DIRECTION('',(-2.77555756156289E-16,1.,0.));
#60110=AXIS2_PLACEMENT_3D('',#60080,#60090,#60100);
#60120=PLANE('',#60110);
#60130=ORIENTED_EDGE('',*,*,#60020,.T.);
#60140=CARTESIAN_POINT('',(-5.273077,29.830602,-54.8875));
#60150=DIRECTION('',(0.,0.,1.));
#60160=VECTOR('',#60150,1.);
#60170=LINE('',#60140,#60160);
#60180=EDGE_CURVE('',#59440,#59950,#60170,.T.);
#60190=ORIENTED_EDGE('',*,*,#60180,.T.);
#60200=ORIENTED_EDGE('',*,*,#59450,.F.);
#60210=ORIENTED_EDGE('',*,*,#28380,.T.);
#60220=EDGE_LOOP('',(#60210,#60200,#60190,#60130));
#60230=FACE_OUTER_BOUND('',#60220,.T.);
#60240=ADVANCED_FACE('',(#60230),#60120,.T.);
#60250=CARTESIAN_POINT('',(-4.223077,29.830602,-54.8875));
#60260=DIRECTION('',(-5.41572207134223E-16,-1.,-0.));
#60270=DIRECTION('',(-1.,5.41572207134223E-16,0.));
#60280=AXIS2_PLACEMENT_3D('',#60250,#60260,#60270);
#60290=PLANE('',#60280);
#60300=ORIENTED_EDGE('',*,*,#60180,.F.);
#60310=ORIENTED_EDGE('',*,*,#59960,.F.);
#60320=ORIENTED_EDGE('',*,*,#59760,.T.);
#60330=ORIENTED_EDGE('',*,*,#59530,.T.);
#60340=EDGE_LOOP('',(#60330,#60320,#60310,#60300));
#60350=FACE_OUTER_BOUND('',#60340,.T.);
#60360=ADVANCED_FACE('',(#60350),#60290,.T.);
#60370=CARTESIAN_POINT('',(-6.47208187609718,32.3665295265506,
-54.9375024));
#60380=DIRECTION('',(-0.990048760971707,-0.140724734493936,-0.));
#60390=DIRECTION('',(-0.140724734493936,0.990048760971707,0.));
#60400=AXIS2_PLACEMENT_3D('',#60370,#60380,#60390);
#60410=PLANE('',#60400);
#60420=CARTESIAN_POINT('',(-6.37103120934004,31.655602,-54.3875));
#60430=DIRECTION('',(0.140724734493936,-0.990048760971707,0.));
#60440=VECTOR('',#60430,1.);
#60450=LINE('',#60420,#60440);
#60460=CARTESIAN_POINT('',(-6.673077,33.780602,-54.3875));
#60470=VERTEX_POINT('',#60460);
#60480=EDGE_CURVE('',#60470,#12240,#60450,.T.);
#60490=ORIENTED_EDGE('',*,*,#60480,.T.);
#60500=CARTESIAN_POINT('',(-6.673077,33.780602,-54.8875));
#60510=DIRECTION('',(0.,0.,-1.));
#60520=VECTOR('',#60510,1.);
#60530=LINE('',#60500,#60520);
#60540=CARTESIAN_POINT('',(-6.673077,33.780602,-54.8875));
#60550=VERTEX_POINT('',#60540);
#60560=EDGE_CURVE('',#60470,#60550,#60530,.T.);
#60570=ORIENTED_EDGE('',*,*,#60560,.F.);
#60580=CARTESIAN_POINT('',(-6.37103120934004,31.655602,-54.8875));
#60590=DIRECTION('',(0.140724734493936,-0.990048760971707,0.));
#60600=VECTOR('',#60590,1.);
#60610=LINE('',#60580,#60600);
#60620=EDGE_CURVE('',#60550,#12320,#60610,.T.);
#60630=ORIENTED_EDGE('',*,*,#60620,.F.);
#60640=ORIENTED_EDGE('',*,*,#12330,.F.);
#60650=EDGE_LOOP('',(#60640,#60630,#60570,#60490));
#60660=FACE_OUTER_BOUND('',#60650,.T.);
#60670=ADVANCED_FACE('',(#60660),#60410,.F.);
#60680=CARTESIAN_POINT('',(-7.173077,31.655602,-54.3875));
#60690=DIRECTION('',(0.,1.,0.));
#60700=VECTOR('',#60690,1.);
#60710=LINE('',#60680,#60700);
#60720=CARTESIAN_POINT('',(-7.173077,34.480602,-54.3875));
#60730=VERTEX_POINT('',#60720);
#60740=EDGE_CURVE('',#12140,#60730,#60710,.T.);
#60750=ORIENTED_EDGE('',*,*,#60740,.F.);
#60760=CARTESIAN_POINT('',(-0.956065629164179,1.32320802220895,-54.3875)
);
#60770=DIRECTION('',(0.184288535050186,-0.982872186934322,0.));
#60780=VECTOR('',#60770,1.);
#60790=LINE('',#60760,#60780);
#60800=CARTESIAN_POINT('',(-7.323077,35.280602,-54.3875));
#60810=VERTEX_POINT('',#60800);
#60820=EDGE_CURVE('',#60810,#60730,#60790,.T.);
#60830=ORIENTED_EDGE('',*,*,#60820,.T.);
#60840=CARTESIAN_POINT('',(-19.2081648922269,1.32320802220894,-54.3875))
;
#60850=DIRECTION('',(-0.330350424728106,-0.943858356366017,0.));
#60860=VECTOR('',#60850,1.);
#60870=LINE('',#60840,#60860);
#60880=CARTESIAN_POINT('',(-6.99651473513452,36.2136370424728,-54.3875))
;
#60890=VERTEX_POINT('',#60880);
#60900=EDGE_CURVE('',#60890,#60810,#60870,.T.);
#60910=ORIENTED_EDGE('',*,*,#60900,.T.);
#60920=CARTESIAN_POINT('',(-6.90212889949792,36.180602,-54.3875));
#60930=DIRECTION('',(0.,0.,1.));
#60940=DIRECTION('',(-5.94762334620619E-16,-1.,0.));
#60950=AXIS2_PLACEMENT_3D('',#60920,#60930,#60940);
#60960=CIRCLE('',#60950,0.1);
#60970=CARTESIAN_POINT('',(-6.90212889949792,36.280602,-54.3875));
#60980=VERTEX_POINT('',#60970);
#60990=EDGE_CURVE('',#60980,#60890,#60960,.T.);
#61000=ORIENTED_EDGE('',*,*,#60990,.T.);
#61010=CARTESIAN_POINT('',(-7.12054882056308,36.280602,-54.3875));
#61020=DIRECTION('',(-1.,0.,0.));
#61030=VECTOR('',#61020,1.);
#61040=LINE('',#61010,#61030);
#61050=CARTESIAN_POINT('',(-6.673077,36.280602,-54.3875));
#61060=VERTEX_POINT('',#61050);
#61070=EDGE_CURVE('',#61060,#60980,#61040,.T.);
#61080=ORIENTED_EDGE('',*,*,#61070,.T.);
#61090=CARTESIAN_POINT('',(-6.673077,1.32320802220895,-54.3875));
#61100=DIRECTION('',(0.,1.,0.));
#61110=VECTOR('',#61100,1.);
#61120=LINE('',#61090,#61110);
#61130=EDGE_CURVE('',#60470,#61060,#61120,.T.);
#61140=ORIENTED_EDGE('',*,*,#61130,.T.);
#61150=ORIENTED_EDGE('',*,*,#60480,.F.);
#61160=ORIENTED_EDGE('',*,*,#12250,.T.);
#61170=EDGE_LOOP('',(#61160,#61150,#61140,#61080,#61000,#60910,#60830,
#60750));
#61180=FACE_OUTER_BOUND('',#61170,.T.);
#61190=ADVANCED_FACE('',(#61180),#58900,.T.);
#61200=CARTESIAN_POINT('',(-7.173077,34.480602,-54.9375024));
#61210=DIRECTION('',(1.,0.,0.));
#61220=DIRECTION('',(0.,-1.,0.));
#61230=AXIS2_PLACEMENT_3D('',#61200,#61210,#61220);
#61240=PLANE('',#61230);
#61250=ORIENTED_EDGE('',*,*,#12170,.F.);
#61260=CARTESIAN_POINT('',(-7.173077,31.655602,-54.8875));
#61270=DIRECTION('',(0.,1.,0.));
#61280=VECTOR('',#61270,1.);
#61290=LINE('',#61260,#61280);
#61300=CARTESIAN_POINT('',(-7.173077,34.4806019999996,-54.8875));
#61310=VERTEX_POINT('',#61300);
#61320=EDGE_CURVE('',#12160,#61310,#61290,.T.);
#61330=ORIENTED_EDGE('',*,*,#61320,.F.);
#61340=CARTESIAN_POINT('',(-7.173077,34.4806020000002,-54.8875));
#61350=DIRECTION('',(0.,0.,1.));
#61360=VECTOR('',#61350,1.);
#61370=LINE('',#61340,#61360);
#61380=EDGE_CURVE('',#61310,#60730,#61370,.T.);
#61390=ORIENTED_EDGE('',*,*,#61380,.F.);
#61400=ORIENTED_EDGE('',*,*,#60740,.T.);
#61410=EDGE_LOOP('',(#61400,#61390,#61330,#61250));
#61420=FACE_OUTER_BOUND('',#61410,.T.);
#61430=ADVANCED_FACE('',(#61420),#61240,.F.);
#61440=ORIENTED_EDGE('',*,*,#60620,.T.);
#61450=CARTESIAN_POINT('',(-6.673077,1.32320802220895,-54.8875));
#61460=DIRECTION('',(0.,1.,0.));
#61470=VECTOR('',#61460,1.);
#61480=LINE('',#61450,#61470);
#61490=CARTESIAN_POINT('',(-6.673077,36.280602,-54.8875));
#61500=VERTEX_POINT('',#61490);
#61510=EDGE_CURVE('',#60550,#61500,#61480,.T.);
#61520=ORIENTED_EDGE('',*,*,#61510,.F.);
#61530=CARTESIAN_POINT('',(-7.12054882056308,36.280602,-54.8875));
#61540=DIRECTION('',(-1.,0.,0.));
#61550=VECTOR('',#61540,1.);
#61560=LINE('',#61530,#61550);
#61570=CARTESIAN_POINT('',(-6.90212889949792,36.280602,-54.8875));
#61580=VERTEX_POINT('',#61570);
#61590=EDGE_CURVE('',#61500,#61580,#61560,.T.);
#61600=ORIENTED_EDGE('',*,*,#61590,.F.);
#61610=CARTESIAN_POINT('',(-6.90212889949792,36.180602,-54.8875));
#61620=DIRECTION('',(0.,0.,1.));
#61630=DIRECTION('',(-5.94762334620619E-16,-1.,0.));
#61640=AXIS2_PLACEMENT_3D('',#61610,#61620,#61630);
#61650=CIRCLE('',#61640,0.1);
#61660=CARTESIAN_POINT('',(-6.99651473513452,36.2136370424728,-54.8875))
;
#61670=VERTEX_POINT('',#61660);
#61680=EDGE_CURVE('',#61580,#61670,#61650,.T.);
#61690=ORIENTED_EDGE('',*,*,#61680,.F.);
#61700=CARTESIAN_POINT('',(-19.2081648922269,1.32320802220894,-54.8875))
;
#61710=DIRECTION('',(-0.330350424728106,-0.943858356366017,0.));
#61720=VECTOR('',#61710,1.);
#61730=LINE('',#61700,#61720);
#61740=CARTESIAN_POINT('',(-7.323077,35.280602,-54.8875));
#61750=VERTEX_POINT('',#61740);
#61760=EDGE_CURVE('',#61670,#61750,#61730,.T.);
#61770=ORIENTED_EDGE('',*,*,#61760,.F.);
#61780=CARTESIAN_POINT('',(-0.956065629164179,1.32320802220895,-54.8875)
);
#61790=DIRECTION('',(0.184288535050186,-0.982872186934322,0.));
#61800=VECTOR('',#61790,1.);
#61810=LINE('',#61780,#61800);
#61820=EDGE_CURVE('',#61750,#61310,#61810,.T.);
#61830=ORIENTED_EDGE('',*,*,#61820,.F.);
#61840=ORIENTED_EDGE('',*,*,#61320,.T.);
#61850=ORIENTED_EDGE('',*,*,#12390,.F.);
#61860=EDGE_LOOP('',(#61850,#61840,#61830,#61770,#61690,#61600,#61520,
#61440));
#61870=FACE_OUTER_BOUND('',#61860,.T.);
#61880=ADVANCED_FACE('',(#61870),#58350,.F.);
#61890=CARTESIAN_POINT('',(-6.673077,36.280602,-54.8875));
#61900=DIRECTION('',(1.,0.,0.));
#61910=DIRECTION('',(0.,-1.,0.));
#61920=AXIS2_PLACEMENT_3D('',#61890,#61900,#61910);
#61930=PLANE('',#61920);
#61940=ORIENTED_EDGE('',*,*,#60560,.T.);
#61950=ORIENTED_EDGE('',*,*,#61130,.F.);
#61960=CARTESIAN_POINT('',(-6.673077,36.280602,-54.8875));
#61970=DIRECTION('',(0.,0.,1.));
#61980=VECTOR('',#61970,1.);
#61990=LINE('',#61960,#61980);
#62000=EDGE_CURVE('',#61500,#61060,#61990,.T.);
#62010=ORIENTED_EDGE('',*,*,#62000,.T.);
#62020=ORIENTED_EDGE('',*,*,#61510,.T.);
#62030=EDGE_LOOP('',(#62020,#62010,#61950,#61940));
#62040=FACE_OUTER_BOUND('',#62030,.T.);
#62050=ADVANCED_FACE('',(#62040),#61930,.T.);
#62060=CARTESIAN_POINT('',(-6.90212889949792,36.280602,-54.8875));
#62070=DIRECTION('',(-0.,1.,0.));
#62080=DIRECTION('',(1.,0.,0.));
#62090=AXIS2_PLACEMENT_3D('',#62060,#62070,#62080);
#62100=PLANE('',#62090);
#62110=ORIENTED_EDGE('',*,*,#62000,.F.);
#62120=ORIENTED_EDGE('',*,*,#61070,.F.);
#62130=CARTESIAN_POINT('',(-6.90212889949792,36.280602,-54.8875));
#62140=DIRECTION('',(0.,0.,1.));
#62150=VECTOR('',#62140,1.);
#62160=LINE('',#62130,#62150);
#62170=EDGE_CURVE('',#61580,#60980,#62160,.T.);
#62180=ORIENTED_EDGE('',*,*,#62170,.T.);
#62190=ORIENTED_EDGE('',*,*,#61590,.T.);
#62200=EDGE_LOOP('',(#62190,#62180,#62120,#62110));
#62210=FACE_OUTER_BOUND('',#62200,.T.);
#62220=ADVANCED_FACE('',(#62210),#62100,.T.);
#62230=CARTESIAN_POINT('',(-6.90212889949792,36.180602,-54.8875));
#62240=DIRECTION('',(0.,0.,1.));
#62250=DIRECTION('',(-5.94762334620619E-16,-1.,0.));
#62260=AXIS2_PLACEMENT_3D('',#62230,#62240,#62250);
#62270=CYLINDRICAL_SURFACE('',#62260,0.1);
#62280=ORIENTED_EDGE('',*,*,#62170,.F.);
#62290=ORIENTED_EDGE('',*,*,#60990,.F.);
#62300=CARTESIAN_POINT('',(-6.99651473513452,36.2136370424728,-54.8875))
;
#62310=DIRECTION('',(0.,0.,1.));
#62320=VECTOR('',#62310,1.);
#62330=LINE('',#62300,#62320);
#62340=EDGE_CURVE('',#61670,#60890,#62330,.T.);
#62350=ORIENTED_EDGE('',*,*,#62340,.T.);
#62360=ORIENTED_EDGE('',*,*,#61680,.T.);
#62370=EDGE_LOOP('',(#62360,#62350,#62290,#62280));
#62380=FACE_OUTER_BOUND('',#62370,.T.);
#62390=ADVANCED_FACE('',(#62380),#62270,.T.);
#62400=CARTESIAN_POINT('',(-7.323077,35.280602,-54.8875));
#62410=DIRECTION('',(-0.943858356366017,0.330350424728106,0.));
#62420=DIRECTION('',(0.330350424728106,0.943858356366017,0.));
#62430=AXIS2_PLACEMENT_3D('',#62400,#62410,#62420);
#62440=PLANE('',#62430);
#62450=ORIENTED_EDGE('',*,*,#62340,.F.);
#62460=ORIENTED_EDGE('',*,*,#60900,.F.);
#62470=CARTESIAN_POINT('',(-7.323077,35.280602,-54.8875));
#62480=DIRECTION('',(0.,0.,1.));
#62490=VECTOR('',#62480,1.);
#62500=LINE('',#62470,#62490);
#62510=EDGE_CURVE('',#61750,#60810,#62500,.T.);
#62520=ORIENTED_EDGE('',*,*,#62510,.T.);
#62530=ORIENTED_EDGE('',*,*,#61760,.T.);
#62540=EDGE_LOOP('',(#62530,#62520,#62460,#62450));
#62550=FACE_OUTER_BOUND('',#62540,.T.);
#62560=ADVANCED_FACE('',(#62550),#62440,.T.);
#62570=CARTESIAN_POINT('',(-7.173077,34.480602,-54.8875));
#62580=DIRECTION('',(-0.982872186934322,-0.184288535050186,-0.));
#62590=DIRECTION('',(-0.184288535050186,0.982872186934322,0.));
#62600=AXIS2_PLACEMENT_3D('',#62570,#62580,#62590);
#62610=PLANE('',#62600);
#62620=ORIENTED_EDGE('',*,*,#62510,.F.);
#62630=ORIENTED_EDGE('',*,*,#60820,.F.);
#62640=ORIENTED_EDGE('',*,*,#61380,.T.);
#62650=ORIENTED_EDGE('',*,*,#61820,.T.);
#62660=EDGE_LOOP('',(#62650,#62640,#62630,#62620));
#62670=FACE_OUTER_BOUND('',#62660,.T.);
#62680=ADVANCED_FACE('',(#62670),#62610,.T.);
#62690=CARTESIAN_POINT('',(-5.373077,33.780602,-54.9375024));
#62700=DIRECTION('',(0.990048760971706,-0.140724734493939,0.));
#62710=DIRECTION('',(-0.140724734493939,-0.990048760971706,0.));
#62720=AXIS2_PLACEMENT_3D('',#62690,#62700,#62710);
#62730=PLANE('',#62720);
#62740=ORIENTED_EDGE('',*,*,#12650,.F.);
#62750=CARTESIAN_POINT('',(-5.67512279065997,31.655602,-54.8875));
#62760=DIRECTION('',(0.140724734493939,0.990048760971706,0.));
#62770=VECTOR('',#62760,1.);
#62780=LINE('',#62750,#62770);
#62790=CARTESIAN_POINT('',(-5.373077,33.780602,-54.8875));
#62800=VERTEX_POINT('',#62790);
#62810=EDGE_CURVE('',#12580,#62800,#62780,.T.);
#62820=ORIENTED_EDGE('',*,*,#62810,.F.);
#62830=CARTESIAN_POINT('',(-5.373077,33.780602,-54.8875));
#62840=DIRECTION('',(0.,0.,-1.));
#62850=VECTOR('',#62840,1.);
#62860=LINE('',#62830,#62850);
#62870=CARTESIAN_POINT('',(-5.373077,33.780602,-54.3875));
#62880=VERTEX_POINT('',#62870);
#62890=EDGE_CURVE('',#62880,#62800,#62860,.T.);
#62900=ORIENTED_EDGE('',*,*,#62890,.T.);
#62910=CARTESIAN_POINT('',(-5.67512279065997,31.655602,-54.3875));
#62920=DIRECTION('',(0.140724734493939,0.990048760971706,0.));
#62930=VECTOR('',#62920,1.);
#62940=LINE('',#62910,#62930);
#62950=EDGE_CURVE('',#12440,#62880,#62940,.T.);
#62960=ORIENTED_EDGE('',*,*,#62950,.T.);
#62970=EDGE_LOOP('',(#62960,#62900,#62820,#62740));
#62980=FACE_OUTER_BOUND('',#62970,.T.);
#62990=ADVANCED_FACE('',(#62980),#62730,.F.);
#63000=ORIENTED_EDGE('',*,*,#62950,.F.);
#63010=CARTESIAN_POINT('',(-5.373077,1.32320802220895,-54.3875));
#63020=DIRECTION('',(0.,1.,0.));
#63030=VECTOR('',#63020,1.);
#63040=LINE('',#63010,#63030);
#63050=CARTESIAN_POINT('',(-5.373077,36.280602,-54.3875));
#63060=VERTEX_POINT('',#63050);
#63070=EDGE_CURVE('',#62880,#63060,#63040,.T.);
#63080=ORIENTED_EDGE('',*,*,#63070,.F.);
#63090=CARTESIAN_POINT('',(-4.92560517943693,36.280602,-54.3875));
#63100=DIRECTION('',(1.,0.,0.));
#63110=VECTOR('',#63100,1.);
#63120=LINE('',#63090,#63110);
#63130=CARTESIAN_POINT('',(-5.14402510050208,36.280602,-54.3875));
#63140=VERTEX_POINT('',#63130);
#63150=EDGE_CURVE('',#63060,#63140,#63120,.T.);
#63160=ORIENTED_EDGE('',*,*,#63150,.F.);
#63170=CARTESIAN_POINT('',(-5.14402510050208,36.180602,-54.3875));
#63180=DIRECTION('',(0.,0.,1.));
#63190=DIRECTION('',(-5.94762334620619E-16,-1.,0.));
#63200=AXIS2_PLACEMENT_3D('',#63170,#63180,#63190);
#63210=CIRCLE('',#63200,0.1);
#63220=CARTESIAN_POINT('',(-5.04963926486548,36.2136370424728,-54.3875))
;
#63230=VERTEX_POINT('',#63220);
#63240=EDGE_CURVE('',#63230,#63140,#63210,.T.);
#63250=ORIENTED_EDGE('',*,*,#63240,.T.);
#63260=CARTESIAN_POINT('',(7.16201089222686,1.32320802220894,-54.3875));
#63270=DIRECTION('',(0.330350424728106,-0.943858356366017,0.));
#63280=VECTOR('',#63270,1.);
#63290=LINE('',#63260,#63280);
#63300=CARTESIAN_POINT('',(-4.723077,35.280602,-54.3875));
#63310=VERTEX_POINT('',#63300);
#63320=EDGE_CURVE('',#63230,#63310,#63290,.T.);
#63330=ORIENTED_EDGE('',*,*,#63320,.F.);
#63340=CARTESIAN_POINT('',(-11.0900883708358,1.32320802220895,-54.3875))
;
#63350=DIRECTION('',(-0.184288535050186,-0.982872186934322,0.));
#63360=VECTOR('',#63350,1.);
#63370=LINE('',#63340,#63360);
#63380=CARTESIAN_POINT('',(-4.87307699999999,34.4806019999999,-54.3875))
;
#63390=VERTEX_POINT('',#63380);
#63400=EDGE_CURVE('',#63310,#63390,#63370,.T.);
#63410=ORIENTED_EDGE('',*,*,#63400,.F.);
#63420=CARTESIAN_POINT('',(-4.87307700000005,31.655602,-54.3875));
#63430=DIRECTION('',(-2.32292817460032E-14,-1.,0.));
#63440=VECTOR('',#63430,1.);
#63450=LINE('',#63420,#63440);
#63460=EDGE_CURVE('',#63390,#12460,#63450,.T.);
#63470=ORIENTED_EDGE('',*,*,#63460,.F.);
#63480=ORIENTED_EDGE('',*,*,#12470,.T.);
#63490=EDGE_LOOP('',(#63480,#63470,#63410,#63330,#63250,#63160,#63080,
#63000));
#63500=FACE_OUTER_BOUND('',#63490,.T.);
#63510=ADVANCED_FACE('',(#63500),#58900,.T.);
#63520=CARTESIAN_POINT('',(-5.373077,33.780602,-54.8875));
#63530=DIRECTION('',(-1.,0.,0.));
#63540=DIRECTION('',(0.,1.,0.));
#63550=AXIS2_PLACEMENT_3D('',#63520,#63530,#63540);
#63560=PLANE('',#63550);
#63570=CARTESIAN_POINT('',(-5.373077,36.280602,-54.8875));
#63580=DIRECTION('',(0.,0.,1.));
#63590=VECTOR('',#63580,1.);
#63600=LINE('',#63570,#63590);
#63610=CARTESIAN_POINT('',(-5.373077,36.280602,-54.8875));
#63620=VERTEX_POINT('',#63610);
#63630=EDGE_CURVE('',#63620,#63060,#63600,.T.);
#63640=ORIENTED_EDGE('',*,*,#63630,.F.);
#63650=ORIENTED_EDGE('',*,*,#63070,.T.);
#63660=ORIENTED_EDGE('',*,*,#62890,.F.);
#63670=CARTESIAN_POINT('',(-5.373077,1.32320802220895,-54.8875));
#63680=DIRECTION('',(0.,1.,0.));
#63690=VECTOR('',#63680,1.);
#63700=LINE('',#63670,#63690);
#63710=EDGE_CURVE('',#62800,#63620,#63700,.T.);
#63720=ORIENTED_EDGE('',*,*,#63710,.F.);
#63730=EDGE_LOOP('',(#63720,#63660,#63650,#63640));
#63740=FACE_OUTER_BOUND('',#63730,.T.);
#63750=ADVANCED_FACE('',(#63740),#63560,.T.);
#63760=CARTESIAN_POINT('',(-4.87307700000001,33.2806019999999,
-54.9375024));
#63770=DIRECTION('',(-1.,2.32292817460032E-14,0.));
#63780=DIRECTION('',(2.32292817460032E-14,1.,0.));
#63790=AXIS2_PLACEMENT_3D('',#63760,#63770,#63780);
#63800=PLANE('',#63790);
#63810=ORIENTED_EDGE('',*,*,#12550,.F.);
#63820=ORIENTED_EDGE('',*,*,#63460,.T.);
#63830=CARTESIAN_POINT('',(-4.87307699999999,34.480602,-54.8875));
#63840=DIRECTION('',(0.,0.,1.));
#63850=VECTOR('',#63840,1.);
#63860=LINE('',#63830,#63850);
#63870=CARTESIAN_POINT('',(-4.87307699999999,34.4806019999999,-54.8875))
;
#63880=VERTEX_POINT('',#63870);
#63890=EDGE_CURVE('',#63880,#63390,#63860,.T.);
#63900=ORIENTED_EDGE('',*,*,#63890,.T.);
#63910=CARTESIAN_POINT('',(-4.87307700000005,31.655602,-54.8875));
#63920=DIRECTION('',(-2.32292817460032E-14,-1.,0.));
#63930=VECTOR('',#63920,1.);
#63940=LINE('',#63910,#63930);
#63950=EDGE_CURVE('',#63880,#12540,#63940,.T.);
#63960=ORIENTED_EDGE('',*,*,#63950,.F.);
#63970=EDGE_LOOP('',(#63960,#63900,#63820,#63810));
#63980=FACE_OUTER_BOUND('',#63970,.T.);
#63990=ADVANCED_FACE('',(#63980),#63800,.F.);
#64000=ORIENTED_EDGE('',*,*,#63950,.T.);
#64010=CARTESIAN_POINT('',(-11.0900883708358,1.32320802220895,-54.8875))
;
#64020=DIRECTION('',(-0.184288535050186,-0.982872186934322,0.));
#64030=VECTOR('',#64020,1.);
#64040=LINE('',#64010,#64030);
#64050=CARTESIAN_POINT('',(-4.723077,35.280602,-54.8875));
#64060=VERTEX_POINT('',#64050);
#64070=EDGE_CURVE('',#64060,#63880,#64040,.T.);
#64080=ORIENTED_EDGE('',*,*,#64070,.T.);
#64090=CARTESIAN_POINT('',(7.16201089222686,1.32320802220894,-54.8875));
#64100=DIRECTION('',(0.330350424728106,-0.943858356366017,0.));
#64110=VECTOR('',#64100,1.);
#64120=LINE('',#64090,#64110);
#64130=CARTESIAN_POINT('',(-5.04963926486548,36.2136370424728,-54.8875))
;
#64140=VERTEX_POINT('',#64130);
#64150=EDGE_CURVE('',#64140,#64060,#64120,.T.);
#64160=ORIENTED_EDGE('',*,*,#64150,.T.);
#64170=CARTESIAN_POINT('',(-5.14402510050208,36.180602,-54.8875));
#64180=DIRECTION('',(0.,0.,1.));
#64190=DIRECTION('',(-5.94762334620619E-16,-1.,0.));
#64200=AXIS2_PLACEMENT_3D('',#64170,#64180,#64190);
#64210=CIRCLE('',#64200,0.1);
#64220=CARTESIAN_POINT('',(-5.14402510050208,36.280602,-54.8875));
#64230=VERTEX_POINT('',#64220);
#64240=EDGE_CURVE('',#64140,#64230,#64210,.T.);
#64250=ORIENTED_EDGE('',*,*,#64240,.F.);
#64260=CARTESIAN_POINT('',(-4.92560517943693,36.280602,-54.8875));
#64270=DIRECTION('',(1.,0.,0.));
#64280=VECTOR('',#64270,1.);
#64290=LINE('',#64260,#64280);
#64300=EDGE_CURVE('',#63620,#64230,#64290,.T.);
#64310=ORIENTED_EDGE('',*,*,#64300,.T.);
#64320=ORIENTED_EDGE('',*,*,#63710,.T.);
#64330=ORIENTED_EDGE('',*,*,#62810,.T.);
#64340=ORIENTED_EDGE('',*,*,#12590,.F.);
#64350=EDGE_LOOP('',(#64340,#64330,#64320,#64310,#64250,#64160,#64080,
#64000));
#64360=FACE_OUTER_BOUND('',#64350,.T.);
#64370=ADVANCED_FACE('',(#64360),#58350,.F.);
#64380=CARTESIAN_POINT('',(-4.723077,35.280602,-54.8875));
#64390=DIRECTION('',(0.982872186934322,-0.184288535050186,0.));
#64400=DIRECTION('',(-0.184288535050186,-0.982872186934322,0.));
#64410=AXIS2_PLACEMENT_3D('',#64380,#64390,#64400);
#64420=PLANE('',#64410);
#64430=ORIENTED_EDGE('',*,*,#63890,.F.);
#64440=ORIENTED_EDGE('',*,*,#63400,.T.);
#64450=CARTESIAN_POINT('',(-4.723077,35.280602,-54.8875));
#64460=DIRECTION('',(0.,0.,1.));
#64470=VECTOR('',#64460,1.);
#64480=LINE('',#64450,#64470);
#64490=EDGE_CURVE('',#64060,#63310,#64480,.T.);
#64500=ORIENTED_EDGE('',*,*,#64490,.T.);
#64510=ORIENTED_EDGE('',*,*,#64070,.F.);
#64520=EDGE_LOOP('',(#64510,#64500,#64440,#64430));
#64530=FACE_OUTER_BOUND('',#64520,.T.);
#64540=ADVANCED_FACE('',(#64530),#64420,.T.);
#64550=CARTESIAN_POINT('',(-5.04963926486548,36.2136370424728,-54.8875))
;
#64560=DIRECTION('',(0.943858356366017,0.330350424728106,0.));
#64570=DIRECTION('',(0.330350424728106,-0.943858356366017,0.));
#64580=AXIS2_PLACEMENT_3D('',#64550,#64560,#64570);
#64590=PLANE('',#64580);
#64600=ORIENTED_EDGE('',*,*,#64490,.F.);
#64610=ORIENTED_EDGE('',*,*,#63320,.T.);
#64620=CARTESIAN_POINT('',(-5.04963926486548,36.2136370424728,-54.8875))
;
#64630=DIRECTION('',(0.,0.,1.));
#64640=VECTOR('',#64630,1.);
#64650=LINE('',#64620,#64640);
#64660=EDGE_CURVE('',#64140,#63230,#64650,.T.);
#64670=ORIENTED_EDGE('',*,*,#64660,.T.);
#64680=ORIENTED_EDGE('',*,*,#64150,.F.);
#64690=EDGE_LOOP('',(#64680,#64670,#64610,#64600));
#64700=FACE_OUTER_BOUND('',#64690,.T.);
#64710=ADVANCED_FACE('',(#64700),#64590,.T.);
#64720=CARTESIAN_POINT('',(-5.14402510050208,36.180602,-54.8875));
#64730=DIRECTION('',(0.,0.,1.));
#64740=DIRECTION('',(-5.94762334620619E-16,-1.,0.));
#64750=AXIS2_PLACEMENT_3D('',#64720,#64730,#64740);
#64760=CYLINDRICAL_SURFACE('',#64750,0.1);
#64770=ORIENTED_EDGE('',*,*,#64660,.F.);
#64780=ORIENTED_EDGE('',*,*,#63240,.F.);
#64790=CARTESIAN_POINT('',(-5.14402510050208,36.280602,-54.8875));
#64800=DIRECTION('',(0.,0.,1.));
#64810=VECTOR('',#64800,1.);
#64820=LINE('',#64790,#64810);
#64830=EDGE_CURVE('',#64230,#63140,#64820,.T.);
#64840=ORIENTED_EDGE('',*,*,#64830,.T.);
#64850=ORIENTED_EDGE('',*,*,#64240,.T.);
#64860=EDGE_LOOP('',(#64850,#64840,#64780,#64770));
#64870=FACE_OUTER_BOUND('',#64860,.T.);
#64880=ADVANCED_FACE('',(#64870),#64760,.T.);
#64890=CARTESIAN_POINT('',(-5.373077,36.280602,-54.8875));
#64900=DIRECTION('',(-0.,1.,0.));
#64910=DIRECTION('',(1.,0.,0.));
#64920=AXIS2_PLACEMENT_3D('',#64890,#64900,#64910);
#64930=PLANE('',#64920);
#64940=ORIENTED_EDGE('',*,*,#64830,.F.);
#64950=ORIENTED_EDGE('',*,*,#63150,.T.);
#64960=ORIENTED_EDGE('',*,*,#63630,.T.);
#64970=ORIENTED_EDGE('',*,*,#64300,.F.);
#64980=EDGE_LOOP('',(#64970,#64960,#64950,#64940));
#64990=FACE_OUTER_BOUND('',#64980,.T.);
#65000=ADVANCED_FACE('',(#64990),#64930,.T.);
#65010=CARTESIAN_POINT('',(-5.023077,34.205602,-33.15));
#65020=DIRECTION('',(1.,0.,-0.));
#65030=DIRECTION('',(0.,0.,1.));
#65040=AXIS2_PLACEMENT_3D('',#65010,#65020,#65030);
#65050=PLANE('',#65040);
#65060=CARTESIAN_POINT('',(-5.023077,34.355602,-32.4975));
#65070=DIRECTION('',(0.,-1.,0.));
#65080=VECTOR('',#65070,1.);
#65090=LINE('',#65060,#65080);
#65100=EDGE_CURVE('',#42330,#13740,#65090,.T.);
#65110=ORIENTED_EDGE('',*,*,#65100,.T.);
#65120=ORIENTED_EDGE('',*,*,#42740,.F.);
#65130=CARTESIAN_POINT('',(-5.023077,34.355602,-31.8975));
#65140=DIRECTION('',(0.,1.,0.));
#65150=VECTOR('',#65140,1.);
#65160=LINE('',#65130,#65150);
#65170=EDGE_CURVE('',#13820,#42670,#65160,.T.);
#65180=ORIENTED_EDGE('',*,*,#65170,.T.);
#65190=ORIENTED_EDGE('',*,*,#13830,.F.);
#65200=EDGE_LOOP('',(#65190,#65180,#65120,#65110));
#65210=FACE_OUTER_BOUND('',#65200,.T.);
#65220=ADVANCED_FACE('',(#65210),#65050,.F.);
#65230=ORIENTED_EDGE('',*,*,#26530,.T.);
#65240=ORIENTED_EDGE('',*,*,#32780,.F.);
#65250=ORIENTED_EDGE('',*,*,#36870,.F.);
#65260=ORIENTED_EDGE('',*,*,#34800,.T.);
#65270=EDGE_LOOP('',(#65260,#65250,#65240,#65230));
#65280=FACE_OUTER_BOUND('',#65270,.T.);
#65290=ADVANCED_FACE('',(#65280),#48190,.T.);
#65300=CARTESIAN_POINT('',(-7.073077,34.355602,-36.3575));
#65310=DIRECTION('',(-0.707106781186548,0.,0.707106781186548));
#65320=DIRECTION('',(0.707106781186547,0.,0.707106781186547));
#65330=AXIS2_PLACEMENT_3D('',#65300,#65310,#65320);
#65340=PLANE('',#65330);
#65350=ORIENTED_EDGE('',*,*,#15070,.F.);
#65360=CARTESIAN_POINT('',(-7.023077,34.355602,-36.3075));
#65370=DIRECTION('',(0.,1.,0.));
#65380=VECTOR('',#65370,1.);
#65390=LINE('',#65360,#65380);
#65400=CARTESIAN_POINT('',(-7.023077,35.780602,-36.3075));
#65410=VERTEX_POINT('',#65400);
#65420=EDGE_CURVE('',#14980,#65410,#65390,.T.);
#65430=ORIENTED_EDGE('',*,*,#65420,.F.);
#65440=CARTESIAN_POINT('',(0.608172999999995,15.430602,-28.67625));
#65450=DIRECTION('',(-0.331294578224539,0.883452208598772,
-0.331294578224539));
#65460=VECTOR('',#65450,1.);
#65470=LINE('',#65440,#65460);
#65480=CARTESIAN_POINT('',(-7.10879128571429,36.0091734285714,
-36.3932142857143));
#65490=VERTEX_POINT('',#65480);
#65500=EDGE_CURVE('',#65410,#65490,#65470,.T.);
#65510=ORIENTED_EDGE('',*,*,#65500,.F.);
#65520=CARTESIAN_POINT('',(-8.394952,15.430602,-37.679375));
#65530=DIRECTION('',(-0.062257280636469,-0.996116490183505,
-0.062257280636469));
#65540=VECTOR('',#65530,1.);
#65550=LINE('',#65520,#65540);
#65560=EDGE_CURVE('',#65490,#29250,#65550,.T.);
#65570=ORIENTED_EDGE('',*,*,#65560,.F.);
#65580=ORIENTED_EDGE('',*,*,#29410,.T.);
#65590=EDGE_LOOP('',(#65580,#65570,#65510,#65430,#65350));
#65600=FACE_OUTER_BOUND('',#65590,.T.);
#65610=ADVANCED_FACE('',(#65600),#65340,.F.);
#65620=CARTESIAN_POINT('',(-7.973077,34.355602,-31.8475));
#65630=DIRECTION('',(-0.707106781186549,0.,0.707106781186546));
#65640=DIRECTION('',(-0.707106781186546,0.,-0.707106781186549));
#65650=AXIS2_PLACEMENT_3D('',#65620,#65630,#65640);
#65660=PLANE('',#65650);
#65670=CARTESIAN_POINT('',(-8.023077,34.355602,-31.8975));
#65680=DIRECTION('',(0.,-1.,0.));
#65690=VECTOR('',#65680,1.);
#65700=LINE('',#65670,#65690);
#65710=CARTESIAN_POINT('',(-8.023077,35.780602,-31.8975));
#65720=VERTEX_POINT('',#65710);
#65730=EDGE_CURVE('',#65720,#13000,#65700,.T.);
#65740=ORIENTED_EDGE('',*,*,#65730,.T.);
#65750=CARTESIAN_POINT('',(-15.654327,15.430602,-39.52875));
#65760=DIRECTION('',(-0.331294578224539,-0.883452208598772,
-0.331294578224541));
#65770=VECTOR('',#65760,1.);
#65780=LINE('',#65750,#65770);
#65790=CARTESIAN_POINT('',(-7.93736271428571,36.0091734285714,
-31.8117857142857));
#65800=VERTEX_POINT('',#65790);
#65810=EDGE_CURVE('',#65800,#65720,#65780,.T.);
#65820=ORIENTED_EDGE('',*,*,#65810,.T.);
#65830=CARTESIAN_POINT('',(-6.65120200000001,15.430602,-30.525625));
#65840=DIRECTION('',(-0.0622572806364688,0.996116490183505,
-0.062257280636469));
#65850=VECTOR('',#65840,1.);
#65860=LINE('',#65830,#65850);
#65870=CARTESIAN_POINT('',(-7.923077,35.780602,-31.7975));
#65880=VERTEX_POINT('',#65870);
#65890=EDGE_CURVE('',#65880,#65800,#65860,.T.);
#65900=ORIENTED_EDGE('',*,*,#65890,.T.);
#65910=CARTESIAN_POINT('',(-7.923077,34.355602,-31.7975));
#65920=DIRECTION('',(0.,-1.,0.));
#65930=VECTOR('',#65920,1.);
#65940=LINE('',#65910,#65930);
#65950=EDGE_CURVE('',#65880,#13080,#65940,.T.);
#65960=ORIENTED_EDGE('',*,*,#65950,.F.);
#65970=ORIENTED_EDGE('',*,*,#13090,.T.);
#65980=EDGE_LOOP('',(#65970,#65960,#65900,#65820,#65740));
#65990=FACE_OUTER_BOUND('',#65980,.T.);
#66000=ADVANCED_FACE('',(#65990),#65660,.T.);
#66010=CARTESIAN_POINT('',(-2.473077,18.280602,-31.7975));
#66020=DIRECTION('',(0.,0.,1.));
#66030=DIRECTION('',(-1.,1.22464679914735E-16,0.));
#66040=AXIS2_PLACEMENT_3D('',#66010,#66020,#66030);
#66050=PLANE('',#66040);
#66060=ORIENTED_EDGE('',*,*,#65950,.T.);
#66070=CARTESIAN_POINT('',(-7.523077,35.780602,-31.7975));
#66080=DIRECTION('',(1.,0.,0.));
#66090=VECTOR('',#66080,1.);
#66100=LINE('',#66070,#66090);
#66110=CARTESIAN_POINT('',(-7.123077,35.780602,-31.7975));
#66120=VERTEX_POINT('',#66110);
#66130=EDGE_CURVE('',#65880,#66120,#66100,.T.);
#66140=ORIENTED_EDGE('',*,*,#66130,.F.);
#66150=CARTESIAN_POINT('',(-7.123077,34.355602,-31.7975));
#66160=DIRECTION('',(0.,-1.,0.));
#66170=VECTOR('',#66160,1.);
#66180=LINE('',#66150,#66170);
#66190=EDGE_CURVE('',#66120,#13160,#66180,.T.);
#66200=ORIENTED_EDGE('',*,*,#66190,.F.);
#66210=ORIENTED_EDGE('',*,*,#13170,.T.);
#66220=EDGE_LOOP('',(#66210,#66200,#66140,#66060));
#66230=FACE_OUTER_BOUND('',#66220,.T.);
#66240=ADVANCED_FACE('',(#66230),#66050,.T.);
#66250=CARTESIAN_POINT('',(-7.073077,34.355602,-31.8475));
#66260=DIRECTION('',(-0.707106781186547,-0.,-0.707106781186548));
#66270=DIRECTION('',(0.707106781186548,0.,-0.707106781186547));
#66280=AXIS2_PLACEMENT_3D('',#66250,#66260,#66270);
#66290=PLANE('',#66280);
#66300=ORIENTED_EDGE('',*,*,#66190,.T.);
#66310=CARTESIAN_POINT('',(-8.394952,15.430602,-30.525625));
#66320=DIRECTION('',(0.0622572806364691,0.996116490183505,
-0.062257280636469));
#66330=VECTOR('',#66320,1.);
#66340=LINE('',#66310,#66330);
#66350=CARTESIAN_POINT('',(-7.10879128571429,36.0091734285714,
-31.8117857142857));
#66360=VERTEX_POINT('',#66350);
#66370=EDGE_CURVE('',#66120,#66360,#66340,.T.);
#66380=ORIENTED_EDGE('',*,*,#66370,.F.);
#66390=CARTESIAN_POINT('',(0.608172999999993,15.430602,-39.52875));
#66400=DIRECTION('',(-0.331294578224539,0.883452208598773,
0.331294578224539));
#66410=VECTOR('',#66400,1.);
#66420=LINE('',#66390,#66410);
#66430=CARTESIAN_POINT('',(-7.023077,35.780602,-31.8975));
#66440=VERTEX_POINT('',#66430);
#66450=EDGE_CURVE('',#66440,#66360,#66420,.T.);
#66460=ORIENTED_EDGE('',*,*,#66450,.T.);
#66470=CARTESIAN_POINT('',(-7.023077,34.355602,-31.8975));
#66480=DIRECTION('',(0.,-1.,0.));
#66490=VECTOR('',#66480,1.);
#66500=LINE('',#66470,#66490);
#66510=EDGE_CURVE('',#66440,#13240,#66500,.T.);
#66520=ORIENTED_EDGE('',*,*,#66510,.F.);
#66530=ORIENTED_EDGE('',*,*,#13250,.F.);
#66540=EDGE_LOOP('',(#66530,#66520,#66460,#66380,#66300));
#66550=FACE_OUTER_BOUND('',#66540,.T.);
#66560=ADVANCED_FACE('',(#66550),#66290,.F.);
#66570=CARTESIAN_POINT('',(-6.023077,36.580602,-31.245));
#66580=DIRECTION('',(-0.,1.,0.));
#66590=DIRECTION('',(1.,0.,0.));
#66600=AXIS2_PLACEMENT_3D('',#66570,#66580,#66590);
#66610=PLANE('',#66600);
#66620=CARTESIAN_POINT('',(-7.72307700000001,36.580602,-32.4225));
#66630=DIRECTION('',(0.,0.,1.));
#66640=VECTOR('',#66630,1.);
#66650=LINE('',#66620,#66640);
#66660=CARTESIAN_POINT('',(-7.72307700000001,36.580602,-32.5475));
#66670=VERTEX_POINT('',#66660);
#66680=CARTESIAN_POINT('',(-7.723077,36.580602,-31.8475));
#66690=VERTEX_POINT('',#66680);
#66700=EDGE_CURVE('',#66670,#66690,#66650,.T.);
#66710=ORIENTED_EDGE('',*,*,#66700,.T.);
#66720=CARTESIAN_POINT('',(-7.523077,36.580602,-32.5475));
#66730=DIRECTION('',(-1.,0.,0.));
#66740=VECTOR('',#66730,1.);
#66750=LINE('',#66720,#66740);
#66760=CARTESIAN_POINT('',(-7.323077,36.580602,-32.5475));
#66770=VERTEX_POINT('',#66760);
#66780=EDGE_CURVE('',#66770,#66670,#66750,.T.);
#66790=ORIENTED_EDGE('',*,*,#66780,.T.);
#66800=CARTESIAN_POINT('',(-7.323077,36.580602,-31.9725));
#66810=DIRECTION('',(0.,0.,1.));
#66820=VECTOR('',#66810,1.);
#66830=LINE('',#66800,#66820);
#66840=CARTESIAN_POINT('',(-7.323077,36.580602,-31.8475));
#66850=VERTEX_POINT('',#66840);
#66860=EDGE_CURVE('',#66770,#66850,#66830,.T.);
#66870=ORIENTED_EDGE('',*,*,#66860,.F.);
#66880=CARTESIAN_POINT('',(-7.523077,36.580602,-31.8475));
#66890=DIRECTION('',(1.,0.,0.));
#66900=VECTOR('',#66890,1.);
#66910=LINE('',#66880,#66900);
#66920=EDGE_CURVE('',#66690,#66850,#66910,.T.);
#66930=ORIENTED_EDGE('',*,*,#66920,.T.);
#66940=EDGE_LOOP('',(#66930,#66870,#66790,#66710));
#66950=FACE_OUTER_BOUND('',#66940,.T.);
#66960=ADVANCED_FACE('',(#66950),#66610,.T.);
#66970=CARTESIAN_POINT('',(-7.523077,36.180602,-31.8225));
#66980=DIRECTION('',(-0.,0.0623782861551805,0.998052578482889));
#66990=DIRECTION('',(2.77015238104552E-16,-0.998052578482889,
0.0623782861551805));
#67000=AXIS2_PLACEMENT_3D('',#66970,#66980,#66990);
#67010=PLANE('',#67000);
#67020=CARTESIAN_POINT('',(0.608172999999995,15.430602,-30.525625));
#67030=DIRECTION('',(0.350523742702191,-0.934729980539178,
0.0584206237836986));
#67040=VECTOR('',#67030,1.);
#67050=LINE('',#67020,#67040);
#67060=EDGE_CURVE('',#66850,#66360,#67050,.T.);
#67070=ORIENTED_EDGE('',*,*,#67060,.F.);
#67080=ORIENTED_EDGE('',*,*,#66370,.T.);
#67090=ORIENTED_EDGE('',*,*,#66130,.T.);
#67100=ORIENTED_EDGE('',*,*,#65890,.F.);
#67110=CARTESIAN_POINT('',(-15.654327,15.430602,-30.525625));
#67120=DIRECTION('',(-0.350523742702191,-0.934729980539178,
0.0584206237836986));
#67130=VECTOR('',#67120,1.);
#67140=LINE('',#67110,#67130);
#67150=EDGE_CURVE('',#66690,#65800,#67140,.T.);
#67160=ORIENTED_EDGE('',*,*,#67150,.T.);
#67170=ORIENTED_EDGE('',*,*,#66920,.F.);
#67180=EDGE_LOOP('',(#67170,#67160,#67100,#67090,#67080,#67070));
#67190=FACE_OUTER_BOUND('',#67180,.T.);
#67200=ADVANCED_FACE('',(#67190),#67010,.T.);
#67210=CARTESIAN_POINT('',(-7.873077,36.180602,-31.9725));
#67220=DIRECTION('',(-0.936329177569045,0.351123441588391,0.));
#67230=DIRECTION('',(-0.351123441588391,-0.936329177569045,0.));
#67240=AXIS2_PLACEMENT_3D('',#67210,#67220,#67230);
#67250=PLANE('',#67240);
#67260=ORIENTED_EDGE('',*,*,#67150,.F.);
#67270=ORIENTED_EDGE('',*,*,#65810,.F.);
#67280=CARTESIAN_POINT('',(-8.023077,35.780602,-32.3975));
#67290=DIRECTION('',(0.,0.,1.));
#67300=VECTOR('',#67290,1.);
#67310=LINE('',#67280,#67300);
#67320=CARTESIAN_POINT('',(-8.023077,35.780602,-32.4975));
#67330=VERTEX_POINT('',#67320);
#67340=EDGE_CURVE('',#67330,#65720,#67310,.T.);
#67350=ORIENTED_EDGE('',*,*,#67340,.T.);
#67360=CARTESIAN_POINT('',(-15.654327,15.430602,-24.86625));
#67370=DIRECTION('',(-0.331294578224539,-0.883452208598773,
0.331294578224539));
#67380=VECTOR('',#67370,1.);
#67390=LINE('',#67360,#67380);
#67400=CARTESIAN_POINT('',(-7.93736271428572,36.0091734285714,
-32.5832142857143));
#67410=VERTEX_POINT('',#67400);
#67420=EDGE_CURVE('',#67410,#67330,#67390,.T.);
#67430=ORIENTED_EDGE('',*,*,#67420,.T.);
#67440=CARTESIAN_POINT('',(-15.654327,15.430602,-33.869375));
#67450=DIRECTION('',(0.350523742702191,0.934729980539178,
0.0584206237836986));
#67460=VECTOR('',#67450,1.);
#67470=LINE('',#67440,#67460);
#67480=EDGE_CURVE('',#67410,#66670,#67470,.T.);
#67490=ORIENTED_EDGE('',*,*,#67480,.F.);
#67500=ORIENTED_EDGE('',*,*,#66700,.F.);
#67510=EDGE_LOOP('',(#67500,#67490,#67430,#67350,#67270,#67260));
#67520=FACE_OUTER_BOUND('',#67510,.T.);
#67530=ADVANCED_FACE('',(#67520),#67250,.T.);
#67540=CARTESIAN_POINT('',(-7.173077,36.180602,-31.9725));
#67550=DIRECTION('',(-0.936329177569045,-0.351123441588391,0.));
#67560=DIRECTION('',(0.351123441588391,-0.936329177569045,0.));
#67570=AXIS2_PLACEMENT_3D('',#67540,#67550,#67560);
#67580=PLANE('',#67570);
#67590=ORIENTED_EDGE('',*,*,#66450,.F.);
#67600=ORIENTED_EDGE('',*,*,#67060,.T.);
#67610=ORIENTED_EDGE('',*,*,#66860,.T.);
#67620=CARTESIAN_POINT('',(0.608172999999989,15.430602,-33.869375));
#67630=DIRECTION('',(-0.350523742702191,0.934729980539178,
0.0584206237836986));
#67640=VECTOR('',#67630,1.);
#67650=LINE('',#67620,#67640);
#67660=CARTESIAN_POINT('',(-7.10879128571429,36.0091734285714,
-32.5832142857143));
#67670=VERTEX_POINT('',#67660);
#67680=EDGE_CURVE('',#67670,#66770,#67650,.T.);
#67690=ORIENTED_EDGE('',*,*,#67680,.T.);
#67700=CARTESIAN_POINT('',(0.608172999999995,15.430602,-24.86625));
#67710=DIRECTION('',(-0.331294578224539,0.883452208598772,
-0.331294578224539));
#67720=VECTOR('',#67710,1.);
#67730=LINE('',#67700,#67720);
#67740=CARTESIAN_POINT('',(-7.023077,35.780602,-32.4975));
#67750=VERTEX_POINT('',#67740);
#67760=EDGE_CURVE('',#67750,#67670,#67730,.T.);
#67770=ORIENTED_EDGE('',*,*,#67760,.T.);
#67780=CARTESIAN_POINT('',(-7.023077,35.780602,-32.4225));
#67790=DIRECTION('',(0.,0.,1.));
#67800=VECTOR('',#67790,1.);
#67810=LINE('',#67780,#67800);
#67820=EDGE_CURVE('',#67750,#66440,#67810,.T.);
#67830=ORIENTED_EDGE('',*,*,#67820,.F.);
#67840=EDGE_LOOP('',(#67830,#67770,#67690,#67610,#67600,#67590));
#67850=FACE_OUTER_BOUND('',#67840,.T.);
#67860=ADVANCED_FACE('',(#67850),#67580,.F.);
#67870=CARTESIAN_POINT('',(-8.023077,32.580602,-31.0725));
#67880=DIRECTION('',(-1.,0.,0.));
#67890=DIRECTION('',(0.,0.,1.));
#67900=AXIS2_PLACEMENT_3D('',#67870,#67880,#67890);
#67910=PLANE('',#67900);
#67920=CARTESIAN_POINT('',(-8.023077,34.355602,-32.4975));
#67930=DIRECTION('',(0.,-1.,0.));
#67940=VECTOR('',#67930,1.);
#67950=LINE('',#67920,#67940);
#67960=EDGE_CURVE('',#67330,#12920,#67950,.T.);
#67970=ORIENTED_EDGE('',*,*,#67960,.T.);
#67980=ORIENTED_EDGE('',*,*,#67340,.F.);
#67990=ORIENTED_EDGE('',*,*,#65730,.F.);
#68000=ORIENTED_EDGE('',*,*,#13010,.T.);
#68010=EDGE_LOOP('',(#68000,#67990,#67980,#67970));
#68020=FACE_OUTER_BOUND('',#68010,.T.);
#68030=ADVANCED_FACE('',(#68020),#67910,.T.);
#68040=CARTESIAN_POINT('',(-6.023077,36.580602,-33.15));
#68050=DIRECTION('',(0.,1.,-0.));
#68060=DIRECTION('',(-1.,0.,0.));
#68070=AXIS2_PLACEMENT_3D('',#68040,#68050,#68060);
#68080=PLANE('',#68070);
#68090=CARTESIAN_POINT('',(-4.323077,36.580602,-32.4225));
#68100=DIRECTION('',(0.,0.,-1.));
#68110=VECTOR('',#68100,1.);
#68120=LINE('',#68090,#68110);
#68130=CARTESIAN_POINT('',(-4.32307699999999,36.580602,-31.8475));
#68140=VERTEX_POINT('',#68130);
#68150=CARTESIAN_POINT('',(-4.323077,36.580602,-32.5475));
#68160=VERTEX_POINT('',#68150);
#68170=EDGE_CURVE('',#68140,#68160,#68120,.T.);
#68180=ORIENTED_EDGE('',*,*,#68170,.T.);
#68190=CARTESIAN_POINT('',(-4.523077,36.580602,-31.8475));
#68200=DIRECTION('',(1.,0.,0.));
#68210=VECTOR('',#68200,1.);
#68220=LINE('',#68190,#68210);
#68230=EDGE_CURVE('',#42510,#68140,#68220,.T.);
#68240=ORIENTED_EDGE('',*,*,#68230,.T.);
#68250=ORIENTED_EDGE('',*,*,#42520,.F.);
#68260=CARTESIAN_POINT('',(-4.523077,36.580602,-32.5475));
#68270=DIRECTION('',(-1.,0.,0.));
#68280=VECTOR('',#68270,1.);
#68290=LINE('',#68260,#68280);
#68300=EDGE_CURVE('',#68160,#42430,#68290,.T.);
#68310=ORIENTED_EDGE('',*,*,#68300,.T.);
#68320=EDGE_LOOP('',(#68310,#68250,#68240,#68180));
#68330=FACE_OUTER_BOUND('',#68320,.T.);
#68340=ADVANCED_FACE('',(#68330),#68080,.T.);
#68350=CARTESIAN_POINT('',(-2.473077,18.280602,-31.7975));
#68360=DIRECTION('',(0.,0.,1.));
#68370=DIRECTION('',(-1.,1.22464679914735E-16,0.));
#68380=AXIS2_PLACEMENT_3D('',#68350,#68360,#68370);
#68390=PLANE('',#68380);
#68400=CARTESIAN_POINT('',(-4.523077,35.780602,-31.7975));
#68410=DIRECTION('',(1.,0.,0.));
#68420=VECTOR('',#68410,1.);
#68430=LINE('',#68400,#68420);
#68440=CARTESIAN_POINT('',(-4.923077,35.780602,-31.7975));
#68450=VERTEX_POINT('',#68440);
#68460=CARTESIAN_POINT('',(-4.12307699999999,35.780602,-31.7975));
#68470=VERTEX_POINT('',#68460);
#68480=EDGE_CURVE('',#68450,#68470,#68430,.T.);
#68490=ORIENTED_EDGE('',*,*,#68480,.F.);
#68500=CARTESIAN_POINT('',(-4.12307699999999,34.355602,-31.7975));
#68510=DIRECTION('',(0.,-1.,0.));
#68520=VECTOR('',#68510,1.);
#68530=LINE('',#68500,#68520);
#68540=EDGE_CURVE('',#68470,#13420,#68530,.T.);
#68550=ORIENTED_EDGE('',*,*,#68540,.F.);
#68560=ORIENTED_EDGE('',*,*,#13970,.T.);
#68570=CARTESIAN_POINT('',(-4.923077,34.355602,-31.7975));
#68580=DIRECTION('',(0.,1.,0.));
#68590=VECTOR('',#68580,1.);
#68600=LINE('',#68570,#68590);
#68610=EDGE_CURVE('',#13900,#68450,#68600,.T.);
#68620=ORIENTED_EDGE('',*,*,#68610,.F.);
#68630=EDGE_LOOP('',(#68620,#68560,#68550,#68490));
#68640=FACE_OUTER_BOUND('',#68630,.T.);
#68650=ADVANCED_FACE('',(#68640),#68390,.T.);
#68660=CARTESIAN_POINT('',(-4.973077,34.355602,-31.8475));
#68670=DIRECTION('',(0.707106781186548,0.,-0.707106781186548));
#68680=DIRECTION('',(-0.707106781186547,0.,-0.707106781186547));
#68690=AXIS2_PLACEMENT_3D('',#68660,#68670,#68680);
#68700=PLANE('',#68690);
#68710=ORIENTED_EDGE('',*,*,#13910,.F.);
#68720=ORIENTED_EDGE('',*,*,#65170,.F.);
#68730=ORIENTED_EDGE('',*,*,#42680,.F.);
#68740=CARTESIAN_POINT('',(-3.651202,15.430602,-30.525625));
#68750=DIRECTION('',(0.062257280636469,-0.996116490183505,
0.062257280636469));
#68760=VECTOR('',#68750,1.);
#68770=LINE('',#68740,#68760);
#68780=EDGE_CURVE('',#42590,#68450,#68770,.T.);
#68790=ORIENTED_EDGE('',*,*,#68780,.F.);
#68800=ORIENTED_EDGE('',*,*,#68610,.T.);
#68810=EDGE_LOOP('',(#68800,#68790,#68730,#68720,#68710));
#68820=FACE_OUTER_BOUND('',#68810,.T.);
#68830=ADVANCED_FACE('',(#68820),#68700,.F.);
#68840=CARTESIAN_POINT('',(-4.973077,34.355602,-32.5475));
#68850=DIRECTION('',(0.707106781186547,0.,0.707106781186548));
#68860=DIRECTION('',(-0.707106781186548,0.,0.707106781186547));
#68870=AXIS2_PLACEMENT_3D('',#68840,#68850,#68860);
#68880=PLANE('',#68870);
#68890=CARTESIAN_POINT('',(-4.923077,34.355602,-32.5975));
#68900=DIRECTION('',(0.,-1.,0.));
#68910=VECTOR('',#68900,1.);
#68920=LINE('',#68890,#68910);
#68930=CARTESIAN_POINT('',(-4.923077,35.780602,-32.5975));
#68940=VERTEX_POINT('',#68930);
#68950=EDGE_CURVE('',#68940,#13660,#68920,.T.);
#68960=ORIENTED_EDGE('',*,*,#68950,.T.);
#68970=CARTESIAN_POINT('',(-3.651202,15.430602,-33.869375));
#68980=DIRECTION('',(-0.0622572806364691,0.996116490183505,
0.062257280636469));
#68990=VECTOR('',#68980,1.);
#69000=LINE('',#68970,#68990);
#69010=EDGE_CURVE('',#68940,#42350,#69000,.T.);
#69020=ORIENTED_EDGE('',*,*,#69010,.F.);
#69030=ORIENTED_EDGE('',*,*,#42360,.T.);
#69040=ORIENTED_EDGE('',*,*,#65100,.F.);
#69050=ORIENTED_EDGE('',*,*,#13750,.F.);
#69060=EDGE_LOOP('',(#69050,#69040,#69030,#69020,#68960));
#69070=FACE_OUTER_BOUND('',#69060,.T.);
#69080=ADVANCED_FACE('',(#69070),#68880,.F.);
#69090=CARTESIAN_POINT('',(-4.523077,36.180602,-31.8225));
#69100=DIRECTION('',(-0.,0.0623782861551805,0.998052578482889));
#69110=DIRECTION('',(0.,-0.998052578482889,0.0623782861551805));
#69120=AXIS2_PLACEMENT_3D('',#69090,#69100,#69110);
#69130=PLANE('',#69120);
#69140=CARTESIAN_POINT('',(3.608173,15.430602,-30.525625));
#69150=DIRECTION('',(-0.350523742702191,0.934729980539178,
-0.0584206237836986));
#69160=VECTOR('',#69150,1.);
#69170=LINE('',#69140,#69160);
#69180=CARTESIAN_POINT('',(-4.10879128571428,36.0091734285714,
-31.8117857142857));
#69190=VERTEX_POINT('',#69180);
#69200=EDGE_CURVE('',#69190,#68140,#69170,.T.);
#69210=ORIENTED_EDGE('',*,*,#69200,.T.);
#69220=CARTESIAN_POINT('',(-5.39495199999999,15.430602,-30.525625));
#69230=DIRECTION('',(0.062257280636469,0.996116490183505,
-0.062257280636469));
#69240=VECTOR('',#69230,1.);
#69250=LINE('',#69220,#69240);
#69260=EDGE_CURVE('',#68470,#69190,#69250,.T.);
#69270=ORIENTED_EDGE('',*,*,#69260,.T.);
#69280=ORIENTED_EDGE('',*,*,#68480,.T.);
#69290=ORIENTED_EDGE('',*,*,#68780,.T.);
#69300=ORIENTED_EDGE('',*,*,#42600,.F.);
#69310=ORIENTED_EDGE('',*,*,#68230,.F.);
#69320=EDGE_LOOP('',(#69310,#69300,#69290,#69280,#69270,#69210));
#69330=FACE_OUTER_BOUND('',#69320,.T.);
#69340=ADVANCED_FACE('',(#69330),#69130,.T.);
#69350=CARTESIAN_POINT('',(-4.07307699999999,34.355602,-31.8475));
#69360=DIRECTION('',(-0.707106781186548,-0.,-0.707106781186548));
#69370=DIRECTION('',(0.707106781186547,0.,-0.707106781186547));
#69380=AXIS2_PLACEMENT_3D('',#69350,#69360,#69370);
#69390=PLANE('',#69380);
#69400=ORIENTED_EDGE('',*,*,#68540,.T.);
#69410=ORIENTED_EDGE('',*,*,#69260,.F.);
#69420=CARTESIAN_POINT('',(3.60817299999999,15.430602,-39.52875));
#69430=DIRECTION('',(0.331294578224539,-0.883452208598773,
-0.331294578224539));
#69440=VECTOR('',#69430,1.);
#69450=LINE('',#69420,#69440);
#69460=EDGE_CURVE('',#69190,#40310,#69450,.T.);
#69470=ORIENTED_EDGE('',*,*,#69460,.F.);
#69480=ORIENTED_EDGE('',*,*,#40320,.F.);
#69490=ORIENTED_EDGE('',*,*,#13430,.F.);
#69500=EDGE_LOOP('',(#69490,#69480,#69470,#69410,#69400));
#69510=FACE_OUTER_BOUND('',#69500,.T.);
#69520=ADVANCED_FACE('',(#69510),#69390,.F.);
#69530=CARTESIAN_POINT('',(-4.073077,34.355602,-32.5475));
#69540=DIRECTION('',(0.707106781186549,0.,-0.707106781186546));
#69550=DIRECTION('',(0.707106781186546,0.,0.707106781186549));
#69560=AXIS2_PLACEMENT_3D('',#69530,#69540,#69550);
#69570=PLANE('',#69560);
#69580=ORIENTED_EDGE('',*,*,#40460,.T.);
#69590=CARTESIAN_POINT('',(3.608173,15.430602,-24.86625));
#69600=DIRECTION('',(0.331294578224539,-0.883452208598772,
0.331294578224541));
#69610=VECTOR('',#69600,1.);
#69620=LINE('',#69590,#69610);
#69630=CARTESIAN_POINT('',(-4.10879128571428,36.0091734285714,
-32.5832142857143));
#69640=VERTEX_POINT('',#69630);
#69650=EDGE_CURVE('',#69640,#40390,#69620,.T.);
#69660=ORIENTED_EDGE('',*,*,#69650,.T.);
#69670=CARTESIAN_POINT('',(-5.39495199999999,15.430602,-33.869375));
#69680=DIRECTION('',(0.0622572806364688,0.996116490183505,
0.062257280636469));
#69690=VECTOR('',#69680,1.);
#69700=LINE('',#69670,#69690);
#69710=CARTESIAN_POINT('',(-4.123077,35.780602,-32.5975));
#69720=VERTEX_POINT('',#69710);
#69730=EDGE_CURVE('',#69720,#69640,#69700,.T.);
#69740=ORIENTED_EDGE('',*,*,#69730,.T.);
#69750=CARTESIAN_POINT('',(-4.123077,34.355602,-32.5975));
#69760=DIRECTION('',(0.,-1.,0.));
#69770=VECTOR('',#69760,1.);
#69780=LINE('',#69750,#69770);
#69790=EDGE_CURVE('',#69720,#13580,#69780,.T.);
#69800=ORIENTED_EDGE('',*,*,#69790,.F.);
#69810=ORIENTED_EDGE('',*,*,#13590,.T.);
#69820=EDGE_LOOP('',(#69810,#69800,#69740,#69660,#69580));
#69830=FACE_OUTER_BOUND('',#69820,.T.);
#69840=ADVANCED_FACE('',(#69830),#69570,.T.);
#69850=CARTESIAN_POINT('',(-4.17307699999999,36.180602,-31.9725));
#69860=DIRECTION('',(0.936329177569045,0.351123441588391,0.));
#69870=DIRECTION('',(0.351123441588391,-0.936329177569045,
-1.29941776445686E-16));
#69880=AXIS2_PLACEMENT_3D('',#69850,#69860,#69870);
#69890=PLANE('',#69880);
#69900=CARTESIAN_POINT('',(3.608173,15.430602,-33.869375));
#69910=DIRECTION('',(0.350523742702191,-0.934729980539178,
-0.0584206237836986));
#69920=VECTOR('',#69910,1.);
#69930=LINE('',#69900,#69920);
#69940=EDGE_CURVE('',#68160,#69640,#69930,.T.);
#69950=ORIENTED_EDGE('',*,*,#69940,.F.);
#69960=ORIENTED_EDGE('',*,*,#69650,.F.);
#69970=ORIENTED_EDGE('',*,*,#40400,.T.);
#69980=ORIENTED_EDGE('',*,*,#69460,.T.);
#69990=ORIENTED_EDGE('',*,*,#69200,.F.);
#70000=ORIENTED_EDGE('',*,*,#68170,.F.);
#70010=EDGE_LOOP('',(#70000,#69990,#69980,#69970,#69960,#69950));
#70020=FACE_OUTER_BOUND('',#70010,.T.);
#70030=ADVANCED_FACE('',(#70020),#69890,.T.);
#70040=CARTESIAN_POINT('',(-4.523077,36.180602,-32.5725));
#70050=DIRECTION('',(0.,0.0623782861551805,-0.998052578482889));
#70060=DIRECTION('',(-2.77015238104552E-16,-0.998052578482889,
-0.0623782861551805));
#70070=AXIS2_PLACEMENT_3D('',#70040,#70050,#70060);
#70080=PLANE('',#70070);
#70090=ORIENTED_EDGE('',*,*,#42440,.F.);
#70100=ORIENTED_EDGE('',*,*,#69010,.T.);
#70110=CARTESIAN_POINT('',(-4.523077,35.780602,-32.5975));
#70120=DIRECTION('',(-1.,0.,0.));
#70130=VECTOR('',#70120,1.);
#70140=LINE('',#70110,#70130);
#70150=EDGE_CURVE('',#69720,#68940,#70140,.T.);
#70160=ORIENTED_EDGE('',*,*,#70150,.T.);
#70170=ORIENTED_EDGE('',*,*,#69730,.F.);
#70180=ORIENTED_EDGE('',*,*,#69940,.T.);
#70190=ORIENTED_EDGE('',*,*,#68300,.F.);
#70200=EDGE_LOOP('',(#70190,#70180,#70170,#70160,#70100,#70090));
#70210=FACE_OUTER_BOUND('',#70200,.T.);
#70220=ADVANCED_FACE('',(#70210),#70080,.T.);
#70230=CARTESIAN_POINT('',(-7.023077,34.205602,-31.245));
#70240=DIRECTION('',(-1.,-0.,-0.));
#70250=DIRECTION('',(0.,0.,-1.));
#70260=AXIS2_PLACEMENT_3D('',#70230,#70240,#70250);
#70270=PLANE('',#70260);
#70280=ORIENTED_EDGE('',*,*,#66510,.T.);
#70290=ORIENTED_EDGE('',*,*,#67820,.T.);
#70300=CARTESIAN_POINT('',(-7.023077,34.355602,-32.4975));
#70310=DIRECTION('',(0.,1.,0.));
#70320=VECTOR('',#70310,1.);
#70330=LINE('',#70300,#70320);
#70340=EDGE_CURVE('',#12760,#67750,#70330,.T.);
#70350=ORIENTED_EDGE('',*,*,#70340,.T.);
#70360=ORIENTED_EDGE('',*,*,#13310,.F.);
#70370=EDGE_LOOP('',(#70360,#70350,#70290,#70280));
#70380=FACE_OUTER_BOUND('',#70370,.T.);
#70390=ADVANCED_FACE('',(#70380),#70270,.F.);
#70400=CARTESIAN_POINT('',(-9.573077,18.280602,-32.5975));
#70410=DIRECTION('',(0.,0.,-1.));
#70420=DIRECTION('',(1.,1.22464679914735E-16,0.));
#70430=AXIS2_PLACEMENT_3D('',#70400,#70410,#70420);
#70440=PLANE('',#70430);
#70450=ORIENTED_EDGE('',*,*,#69790,.T.);
#70460=ORIENTED_EDGE('',*,*,#70150,.F.);
#70470=ORIENTED_EDGE('',*,*,#68950,.F.);
#70480=ORIENTED_EDGE('',*,*,#13670,.T.);
#70490=EDGE_LOOP('',(#70480,#70470,#70460,#70450));
#70500=FACE_OUTER_BOUND('',#70490,.T.);
#70510=ADVANCED_FACE('',(#70500),#70440,.T.);
#70520=CARTESIAN_POINT('',(-9.573077,18.280602,-32.5975));
#70530=DIRECTION('',(0.,0.,-1.));
#70540=DIRECTION('',(1.,1.22464679914735E-16,0.));
#70550=AXIS2_PLACEMENT_3D('',#70520,#70530,#70540);
#70560=PLANE('',#70550);
#70570=CARTESIAN_POINT('',(-7.523077,35.780602,-32.5975));
#70580=DIRECTION('',(-1.,0.,0.));
#70590=VECTOR('',#70580,1.);
#70600=LINE('',#70570,#70590);
#70610=CARTESIAN_POINT('',(-7.123077,35.780602,-32.5975));
#70620=VERTEX_POINT('',#70610);
#70630=CARTESIAN_POINT('',(-7.923077,35.780602,-32.5975));
#70640=VERTEX_POINT('',#70630);
#70650=EDGE_CURVE('',#70620,#70640,#70600,.T.);
#70660=ORIENTED_EDGE('',*,*,#70650,.F.);
#70670=CARTESIAN_POINT('',(-7.923077,34.355602,-32.5975));
#70680=DIRECTION('',(0.,-1.,0.));
#70690=VECTOR('',#70680,1.);
#70700=LINE('',#70670,#70690);
#70710=EDGE_CURVE('',#70640,#12840,#70700,.T.);
#70720=ORIENTED_EDGE('',*,*,#70710,.F.);
#70730=ORIENTED_EDGE('',*,*,#12850,.T.);
#70740=CARTESIAN_POINT('',(-7.123077,34.355602,-32.5975));
#70750=DIRECTION('',(0.,1.,0.));
#70760=VECTOR('',#70750,1.);
#70770=LINE('',#70740,#70760);
#70780=EDGE_CURVE('',#12740,#70620,#70770,.T.);
#70790=ORIENTED_EDGE('',*,*,#70780,.F.);
#70800=EDGE_LOOP('',(#70790,#70730,#70720,#70660));
#70810=FACE_OUTER_BOUND('',#70800,.T.);
#70820=ADVANCED_FACE('',(#70810),#70560,.T.);
#70830=CARTESIAN_POINT('',(-7.523077,36.180602,-32.5725));
#70840=DIRECTION('',(0.,0.0623782861551805,-0.998052578482889));
#70850=DIRECTION('',(0.,-0.998052578482889,-0.0623782861551805));
#70860=AXIS2_PLACEMENT_3D('',#70830,#70840,#70850);
#70870=PLANE('',#70860);
#70880=ORIENTED_EDGE('',*,*,#67480,.T.);
#70890=CARTESIAN_POINT('',(-6.651202,15.430602,-33.869375));
#70900=DIRECTION('',(-0.062257280636469,0.996116490183505,
0.062257280636469));
#70910=VECTOR('',#70900,1.);
#70920=LINE('',#70890,#70910);
#70930=EDGE_CURVE('',#70640,#67410,#70920,.T.);
#70940=ORIENTED_EDGE('',*,*,#70930,.T.);
#70950=ORIENTED_EDGE('',*,*,#70650,.T.);
#70960=CARTESIAN_POINT('',(-8.394952,15.430602,-33.869375));
#70970=DIRECTION('',(-0.062257280636469,-0.996116490183505,
-0.062257280636469));
#70980=VECTOR('',#70970,1.);
#70990=LINE('',#70960,#70980);
#71000=EDGE_CURVE('',#67670,#70620,#70990,.T.);
#71010=ORIENTED_EDGE('',*,*,#71000,.T.);
#71020=ORIENTED_EDGE('',*,*,#67680,.F.);
#71030=ORIENTED_EDGE('',*,*,#66780,.F.);
#71040=EDGE_LOOP('',(#71030,#71020,#71010,#70950,#70940,#70880));
#71050=FACE_OUTER_BOUND('',#71040,.T.);
#71060=ADVANCED_FACE('',(#71050),#70870,.T.);
#71070=CARTESIAN_POINT('',(-7.073077,34.355602,-32.5475));
#71080=DIRECTION('',(-0.707106781186548,0.,0.707106781186548));
#71090=DIRECTION('',(0.707106781186547,0.,0.707106781186547));
#71100=AXIS2_PLACEMENT_3D('',#71070,#71080,#71090);
#71110=PLANE('',#71100);
#71120=ORIENTED_EDGE('',*,*,#12770,.F.);
#71130=ORIENTED_EDGE('',*,*,#70340,.F.);
#71140=ORIENTED_EDGE('',*,*,#67760,.F.);
#71150=ORIENTED_EDGE('',*,*,#71000,.F.);
#71160=ORIENTED_EDGE('',*,*,#70780,.T.);
#71170=EDGE_LOOP('',(#71160,#71150,#71140,#71130,#71120));
#71180=FACE_OUTER_BOUND('',#71170,.T.);
#71190=ADVANCED_FACE('',(#71180),#71110,.F.);
#71200=CARTESIAN_POINT('',(-7.973077,34.355602,-32.5475));
#71210=DIRECTION('',(0.707106781186548,0.,0.707106781186548));
#71220=DIRECTION('',(-0.707106781186547,0.,0.707106781186547));
#71230=AXIS2_PLACEMENT_3D('',#71200,#71210,#71220);
#71240=PLANE('',#71230);
#71250=ORIENTED_EDGE('',*,*,#70710,.T.);
#71260=ORIENTED_EDGE('',*,*,#70930,.F.);
#71270=ORIENTED_EDGE('',*,*,#67420,.F.);
#71280=ORIENTED_EDGE('',*,*,#67960,.F.);
#71290=ORIENTED_EDGE('',*,*,#12930,.F.);
#71300=EDGE_LOOP('',(#71290,#71280,#71270,#71260,#71250));
#71310=FACE_OUTER_BOUND('',#71300,.T.);
#71320=ADVANCED_FACE('',(#71310),#71240,.F.);
#71330=CARTESIAN_POINT('',(-6.023077,26.530602,-30.3507407407407));
#71340=DIRECTION('',(-0.,-1.,-0.));
#71350=DIRECTION('',(-1.,0.,0.));
#71360=AXIS2_PLACEMENT_3D('',#71330,#71340,#71350);
#71370=PLANE('',#71360);
#71380=ORIENTED_EDGE('',*,*,#2260,.T.);
#71390=ORIENTED_EDGE('',*,*,#40160,.F.);
#71400=ORIENTED_EDGE('',*,*,#39630,.F.);
#71410=ORIENTED_EDGE('',*,*,#43780,.F.);
#71420=ORIENTED_EDGE('',*,*,#26280,.T.);
#71430=ORIENTED_EDGE('',*,*,#39870,.T.);
#71440=ORIENTED_EDGE('',*,*,#36770,.F.);
#71450=ORIENTED_EDGE('',*,*,#19660,.F.);
#71460=ORIENTED_EDGE('',*,*,#34390,.T.);
#71470=ORIENTED_EDGE('',*,*,#38260,.T.);
#71480=ORIENTED_EDGE('',*,*,#22340,.F.);
#71490=ORIENTED_EDGE('',*,*,#40950,.T.);
#71500=EDGE_LOOP('',(#71490,#71480,#71470,#71460,#71450,#71440,#71430,
#71420,#71410,#71400,#71390,#71380));
#71510=FACE_OUTER_BOUND('',#71500,.T.);
#71520=ADVANCED_FACE('',(#71510),#71370,.T.);
#71530=CARTESIAN_POINT('',(-7.523077,36.180602,-35.6325));
#71540=DIRECTION('',(-0.,0.0623782861551805,0.998052578482889));
#71550=DIRECTION('',(2.77015238104552E-16,-0.998052578482889,
0.0623782861551805));
#71560=AXIS2_PLACEMENT_3D('',#71530,#71540,#71550);
#71570=PLANE('',#71560);
#71580=CARTESIAN_POINT('',(0.608172999999995,15.430602,-34.335625));
#71590=DIRECTION('',(0.350523742702191,-0.934729980539178,
0.0584206237836986));
#71600=VECTOR('',#71590,1.);
#71610=LINE('',#71580,#71600);
#71620=CARTESIAN_POINT('',(-7.323077,36.580602,-35.6575));
#71630=VERTEX_POINT('',#71620);
#71640=CARTESIAN_POINT('',(-7.10879128571429,36.0091734285714,
-35.6217857142857));
#71650=VERTEX_POINT('',#71640);
#71660=EDGE_CURVE('',#71630,#71650,#71610,.T.);
#71670=ORIENTED_EDGE('',*,*,#71660,.F.);
#71680=CARTESIAN_POINT('',(-8.394952,15.430602,-34.335625));
#71690=DIRECTION('',(0.0622572806364691,0.996116490183505,
-0.062257280636469));
#71700=VECTOR('',#71690,1.);
#71710=LINE('',#71680,#71700);
#71720=CARTESIAN_POINT('',(-7.123077,35.780602,-35.6075));
#71730=VERTEX_POINT('',#71720);
#71740=EDGE_CURVE('',#71730,#71650,#71710,.T.);
#71750=ORIENTED_EDGE('',*,*,#71740,.T.);
#71760=CARTESIAN_POINT('',(-7.523077,35.780602,-35.6075));
#71770=DIRECTION('',(1.,0.,0.));
#71780=VECTOR('',#71770,1.);
#71790=LINE('',#71760,#71780);
#71800=CARTESIAN_POINT('',(-7.923077,35.780602,-35.6075));
#71810=VERTEX_POINT('',#71800);
#71820=EDGE_CURVE('',#71810,#71730,#71790,.T.);
#71830=ORIENTED_EDGE('',*,*,#71820,.T.);
#71840=CARTESIAN_POINT('',(-6.65120200000001,15.430602,-34.335625));
#71850=DIRECTION('',(-0.0622572806364688,0.996116490183505,
-0.062257280636469));
#71860=VECTOR('',#71850,1.);
#71870=LINE('',#71840,#71860);
#71880=CARTESIAN_POINT('',(-7.93736271428571,36.0091734285714,
-35.6217857142857));
#71890=VERTEX_POINT('',#71880);
#71900=EDGE_CURVE('',#71810,#71890,#71870,.T.);
#71910=ORIENTED_EDGE('',*,*,#71900,.F.);
#71920=CARTESIAN_POINT('',(-15.654327,15.430602,-34.335625));
#71930=DIRECTION('',(-0.350523742702191,-0.934729980539178,
0.0584206237836986));
#71940=VECTOR('',#71930,1.);
#71950=LINE('',#71920,#71940);
#71960=CARTESIAN_POINT('',(-7.723077,36.580602,-35.6575));
#71970=VERTEX_POINT('',#71960);
#71980=EDGE_CURVE('',#71970,#71890,#71950,.T.);
#71990=ORIENTED_EDGE('',*,*,#71980,.T.);
#72000=CARTESIAN_POINT('',(-7.523077,36.580602,-35.6575));
#72010=DIRECTION('',(1.,0.,0.));
#72020=VECTOR('',#72010,1.);
#72030=LINE('',#72000,#72020);
#72040=EDGE_CURVE('',#71970,#71630,#72030,.T.);
#72050=ORIENTED_EDGE('',*,*,#72040,.F.);
#72060=EDGE_LOOP('',(#72050,#71990,#71910,#71830,#71750,#71670));
#72070=FACE_OUTER_BOUND('',#72060,.T.);
#72080=ADVANCED_FACE('',(#72070),#71570,.T.);
#72090=CARTESIAN_POINT('',(-4.973077,34.355602,-35.6575));
#72100=DIRECTION('',(0.707106781186548,0.,-0.707106781186548));
#72110=DIRECTION('',(-0.707106781186547,0.,-0.707106781186547));
#72120=AXIS2_PLACEMENT_3D('',#72090,#72100,#72110);
#72130=PLANE('',#72120);
#72140=ORIENTED_EDGE('',*,*,#14090,.F.);
#72150=CARTESIAN_POINT('',(-5.023077,34.355602,-35.7075));
#72160=DIRECTION('',(0.,1.,0.));
#72170=VECTOR('',#72160,1.);
#72180=LINE('',#72150,#72170);
#72190=CARTESIAN_POINT('',(-5.023077,35.780602,-35.7075));
#72200=VERTEX_POINT('',#72190);
#72210=EDGE_CURVE('',#14080,#72200,#72180,.T.);
#72220=ORIENTED_EDGE('',*,*,#72210,.F.);
#72230=CARTESIAN_POINT('',(-12.654327,15.430602,-43.33875));
#72240=DIRECTION('',(0.331294578224539,0.883452208598772,
0.331294578224539));
#72250=VECTOR('',#72240,1.);
#72260=LINE('',#72230,#72250);
#72270=CARTESIAN_POINT('',(-4.93736271428571,36.0091734285714,
-35.6217857142857));
#72280=VERTEX_POINT('',#72270);
#72290=EDGE_CURVE('',#72200,#72280,#72260,.T.);
#72300=ORIENTED_EDGE('',*,*,#72290,.F.);
#72310=CARTESIAN_POINT('',(-3.651202,15.430602,-34.335625));
#72320=DIRECTION('',(0.062257280636469,-0.996116490183505,
0.062257280636469));
#72330=VECTOR('',#72320,1.);
#72340=LINE('',#72310,#72330);
#72350=CARTESIAN_POINT('',(-4.923077,35.780602,-35.6075));
#72360=VERTEX_POINT('',#72350);
#72370=EDGE_CURVE('',#72280,#72360,#72340,.T.);
#72380=ORIENTED_EDGE('',*,*,#72370,.F.);
#72390=CARTESIAN_POINT('',(-4.923077,34.355602,-35.6075));
#72400=DIRECTION('',(0.,1.,0.));
#72410=VECTOR('',#72400,1.);
#72420=LINE('',#72390,#72410);
#72430=EDGE_CURVE('',#14060,#72360,#72420,.T.);
#72440=ORIENTED_EDGE('',*,*,#72430,.T.);
#72450=EDGE_LOOP('',(#72440,#72380,#72300,#72220,#72140));
#72460=FACE_OUTER_BOUND('',#72450,.T.);
#72470=ADVANCED_FACE('',(#72460),#72130,.F.);
#72480=CARTESIAN_POINT('',(-2.473077,18.280602,-35.6075));
#72490=DIRECTION('',(0.,0.,1.));
#72500=DIRECTION('',(-1.,1.22464679914735E-16,0.));
#72510=AXIS2_PLACEMENT_3D('',#72480,#72490,#72500);
#72520=PLANE('',#72510);
#72530=CARTESIAN_POINT('',(-4.523077,35.780602,-35.6075));
#72540=DIRECTION('',(1.,0.,0.));
#72550=VECTOR('',#72540,1.);
#72560=LINE('',#72530,#72550);
#72570=CARTESIAN_POINT('',(-4.12307699999999,35.780602,-35.6075));
#72580=VERTEX_POINT('',#72570);
#72590=EDGE_CURVE('',#72360,#72580,#72560,.T.);
#72600=ORIENTED_EDGE('',*,*,#72590,.F.);
#72610=CARTESIAN_POINT('',(-4.12307699999999,34.355602,-35.6075));
#72620=DIRECTION('',(0.,-1.,0.));
#72630=VECTOR('',#72620,1.);
#72640=LINE('',#72610,#72630);
#72650=EDGE_CURVE('',#72580,#14160,#72640,.T.);
#72660=ORIENTED_EDGE('',*,*,#72650,.F.);
#72670=ORIENTED_EDGE('',*,*,#14170,.T.);
#72680=ORIENTED_EDGE('',*,*,#72430,.F.);
#72690=EDGE_LOOP('',(#72680,#72670,#72660,#72600));
#72700=FACE_OUTER_BOUND('',#72690,.T.);
#72710=ADVANCED_FACE('',(#72700),#72520,.T.);
#72720=CARTESIAN_POINT('',(-4.07307699999999,34.355602,-35.6575));
#72730=DIRECTION('',(-0.707106781186548,-0.,-0.707106781186548));
#72740=DIRECTION('',(0.707106781186547,0.,-0.707106781186547));
#72750=AXIS2_PLACEMENT_3D('',#72720,#72730,#72740);
#72760=PLANE('',#72750);
#72770=ORIENTED_EDGE('',*,*,#72650,.T.);
#72780=CARTESIAN_POINT('',(-5.39495199999999,15.430602,-34.335625));
#72790=DIRECTION('',(0.062257280636469,0.996116490183505,
-0.062257280636469));
#72800=VECTOR('',#72790,1.);
#72810=LINE('',#72780,#72800);
#72820=CARTESIAN_POINT('',(-4.10879128571428,36.0091734285714,
-35.6217857142857));
#72830=VERTEX_POINT('',#72820);
#72840=EDGE_CURVE('',#72580,#72830,#72810,.T.);
#72850=ORIENTED_EDGE('',*,*,#72840,.F.);
#72860=CARTESIAN_POINT('',(3.60817299999999,15.430602,-43.33875));
#72870=DIRECTION('',(0.331294578224539,-0.883452208598773,
-0.331294578224539));
#72880=VECTOR('',#72870,1.);
#72890=LINE('',#72860,#72880);
#72900=CARTESIAN_POINT('',(-4.02307699999999,35.780602,-35.7075));
#72910=VERTEX_POINT('',#72900);
#72920=EDGE_CURVE('',#72830,#72910,#72890,.T.);
#72930=ORIENTED_EDGE('',*,*,#72920,.F.);
#72940=CARTESIAN_POINT('',(-4.02307699999999,34.355602,-35.7075));
#72950=DIRECTION('',(0.,-1.,0.));
#72960=VECTOR('',#72950,1.);
#72970=LINE('',#72940,#72960);
#72980=EDGE_CURVE('',#72910,#14240,#72970,.T.);
#72990=ORIENTED_EDGE('',*,*,#72980,.F.);
#73000=ORIENTED_EDGE('',*,*,#14250,.F.);
#73010=EDGE_LOOP('',(#73000,#72990,#72930,#72850,#72770));
#73020=FACE_OUTER_BOUND('',#73010,.T.);
#73030=ADVANCED_FACE('',(#73020),#72760,.F.);
#73040=CARTESIAN_POINT('',(-7.023077,34.205602,-35.055));
#73050=DIRECTION('',(-1.,-0.,-0.));
#73060=DIRECTION('',(0.,0.,-1.));
#73070=AXIS2_PLACEMENT_3D('',#73040,#73050,#73060);
#73080=PLANE('',#73070);
#73090=CARTESIAN_POINT('',(-7.023077,34.355602,-35.7075));
#73100=DIRECTION('',(0.,-1.,0.));
#73110=VECTOR('',#73100,1.);
#73120=LINE('',#73090,#73110);
#73130=CARTESIAN_POINT('',(-7.023077,35.780602,-35.7075));
#73140=VERTEX_POINT('',#73130);
#73150=EDGE_CURVE('',#73140,#14900,#73120,.T.);
#73160=ORIENTED_EDGE('',*,*,#73150,.T.);
#73170=CARTESIAN_POINT('',(-7.023077,35.780602,-35.8075));
#73180=DIRECTION('',(0.,0.,-1.));
#73190=VECTOR('',#73180,1.);
#73200=LINE('',#73170,#73190);
#73210=EDGE_CURVE('',#73140,#65410,#73200,.T.);
#73220=ORIENTED_EDGE('',*,*,#73210,.F.);
#73230=ORIENTED_EDGE('',*,*,#65420,.T.);
#73240=ORIENTED_EDGE('',*,*,#14990,.F.);
#73250=EDGE_LOOP('',(#73240,#73230,#73220,#73160));
#73260=FACE_OUTER_BOUND('',#73250,.T.);
#73270=ADVANCED_FACE('',(#73260),#73080,.F.);
#73280=CARTESIAN_POINT('',(-6.023077,36.580602,-35.055));
#73290=DIRECTION('',(-0.,1.,0.));
#73300=DIRECTION('',(1.,0.,0.));
#73310=AXIS2_PLACEMENT_3D('',#73280,#73290,#73300);
#73320=PLANE('',#73310);
#73330=CARTESIAN_POINT('',(-4.723077,36.580602,-35.7825));
#73340=DIRECTION('',(0.,0.,-1.));
#73350=VECTOR('',#73340,1.);
#73360=LINE('',#73330,#73350);
#73370=CARTESIAN_POINT('',(-4.723077,36.580602,-35.6575));
#73380=VERTEX_POINT('',#73370);
#73390=CARTESIAN_POINT('',(-4.723077,36.580602,-36.3575));
#73400=VERTEX_POINT('',#73390);
#73410=EDGE_CURVE('',#73380,#73400,#73360,.T.);
#73420=ORIENTED_EDGE('',*,*,#73410,.F.);
#73430=CARTESIAN_POINT('',(-4.523077,36.580602,-36.3575));
#73440=DIRECTION('',(-1.,0.,0.));
#73450=VECTOR('',#73440,1.);
#73460=LINE('',#73430,#73450);
#73470=CARTESIAN_POINT('',(-4.323077,36.580602,-36.3575));
#73480=VERTEX_POINT('',#73470);
#73490=EDGE_CURVE('',#73480,#73400,#73460,.T.);
#73500=ORIENTED_EDGE('',*,*,#73490,.T.);
#73510=CARTESIAN_POINT('',(-4.32307699999999,36.580602,-35.7825));
#73520=DIRECTION('',(0.,0.,-1.));
#73530=VECTOR('',#73520,1.);
#73540=LINE('',#73510,#73530);
#73550=CARTESIAN_POINT('',(-4.32307699999999,36.580602,-35.6575));
#73560=VERTEX_POINT('',#73550);
#73570=EDGE_CURVE('',#73560,#73480,#73540,.T.);
#73580=ORIENTED_EDGE('',*,*,#73570,.T.);
#73590=CARTESIAN_POINT('',(-4.523077,36.580602,-35.6575));
#73600=DIRECTION('',(1.,0.,0.));
#73610=VECTOR('',#73600,1.);
#73620=LINE('',#73590,#73610);
#73630=EDGE_CURVE('',#73380,#73560,#73620,.T.);
#73640=ORIENTED_EDGE('',*,*,#73630,.T.);
#73650=EDGE_LOOP('',(#73640,#73580,#73500,#73420));
#73660=FACE_OUTER_BOUND('',#73650,.T.);
#73670=ADVANCED_FACE('',(#73660),#73320,.T.);
#73680=CARTESIAN_POINT('',(-4.17307699999999,36.180602,-35.7825));
#73690=DIRECTION('',(0.936329177569045,0.351123441588391,0.));
#73700=DIRECTION('',(0.351123441588391,-0.936329177569045,
-1.29941776445686E-16));
#73710=AXIS2_PLACEMENT_3D('',#73680,#73690,#73700);
#73720=PLANE('',#73710);
#73730=CARTESIAN_POINT('',(3.608173,15.430602,-37.679375));
#73740=DIRECTION('',(0.350523742702191,-0.934729980539178,
-0.0584206237836986));
#73750=VECTOR('',#73740,1.);
#73760=LINE('',#73730,#73750);
#73770=CARTESIAN_POINT('',(-4.10879128571428,36.0091734285714,
-36.3932142857143));
#73780=VERTEX_POINT('',#73770);
#73790=EDGE_CURVE('',#73480,#73780,#73760,.T.);
#73800=ORIENTED_EDGE('',*,*,#73790,.F.);
#73810=CARTESIAN_POINT('',(3.608173,15.430602,-28.67625));
#73820=DIRECTION('',(0.331294578224539,-0.883452208598772,
0.331294578224541));
#73830=VECTOR('',#73820,1.);
#73840=LINE('',#73810,#73830);
#73850=CARTESIAN_POINT('',(-4.023077,35.780602,-36.3075));
#73860=VERTEX_POINT('',#73850);
#73870=EDGE_CURVE('',#73780,#73860,#73840,.T.);
#73880=ORIENTED_EDGE('',*,*,#73870,.F.);
#73890=CARTESIAN_POINT('',(-4.02307699999999,35.780602,-35.8075));
#73900=DIRECTION('',(0.,0.,-1.));
#73910=VECTOR('',#73900,1.);
#73920=LINE('',#73890,#73910);
#73930=EDGE_CURVE('',#72910,#73860,#73920,.T.);
#73940=ORIENTED_EDGE('',*,*,#73930,.T.);
#73950=ORIENTED_EDGE('',*,*,#72920,.T.);
#73960=CARTESIAN_POINT('',(3.608173,15.430602,-34.335625));
#73970=DIRECTION('',(-0.350523742702191,0.934729980539178,
-0.0584206237836986));
#73980=VECTOR('',#73970,1.);
#73990=LINE('',#73960,#73980);
#74000=EDGE_CURVE('',#72830,#73560,#73990,.T.);
#74010=ORIENTED_EDGE('',*,*,#74000,.F.);
#74020=ORIENTED_EDGE('',*,*,#73570,.F.);
#74030=EDGE_LOOP('',(#74020,#74010,#73950,#73940,#73880,#73800));
#74040=FACE_OUTER_BOUND('',#74030,.T.);
#74050=ADVANCED_FACE('',(#74040),#73720,.T.);
#74060=CARTESIAN_POINT('',(-4.523077,36.180602,-35.6325));
#74070=DIRECTION('',(-0.,0.0623782861551805,0.998052578482889));
#74080=DIRECTION('',(0.,-0.998052578482889,0.0623782861551805));
#74090=AXIS2_PLACEMENT_3D('',#74060,#74070,#74080);
#74100=PLANE('',#74090);
#74110=ORIENTED_EDGE('',*,*,#74000,.T.);
#74120=ORIENTED_EDGE('',*,*,#72840,.T.);
#74130=ORIENTED_EDGE('',*,*,#72590,.T.);
#74140=ORIENTED_EDGE('',*,*,#72370,.T.);
#74150=CARTESIAN_POINT('',(-12.654327,15.430602,-34.335625));
#74160=DIRECTION('',(0.350523742702191,0.934729980539178,
-0.0584206237836986));
#74170=VECTOR('',#74160,1.);
#74180=LINE('',#74150,#74170);
#74190=EDGE_CURVE('',#72280,#73380,#74180,.T.);
#74200=ORIENTED_EDGE('',*,*,#74190,.F.);
#74210=ORIENTED_EDGE('',*,*,#73630,.F.);
#74220=EDGE_LOOP('',(#74210,#74200,#74140,#74130,#74120,#74110));
#74230=FACE_OUTER_BOUND('',#74220,.T.);
#74240=ADVANCED_FACE('',(#74230),#74100,.T.);
#74250=CARTESIAN_POINT('',(-7.973077,34.355602,-36.3575));
#74260=DIRECTION('',(0.707106781186548,0.,0.707106781186548));
#74270=DIRECTION('',(-0.707106781186547,0.,0.707106781186547));
#74280=AXIS2_PLACEMENT_3D('',#74250,#74260,#74270);
#74290=PLANE('',#74280);
#74300=ORIENTED_EDGE('',*,*,#29340,.T.);
#74310=CARTESIAN_POINT('',(-6.651202,15.430602,-37.679375));
#74320=DIRECTION('',(-0.062257280636469,0.996116490183505,
0.062257280636469));
#74330=VECTOR('',#74320,1.);
#74340=LINE('',#74310,#74330);
#74350=CARTESIAN_POINT('',(-7.93736271428572,36.0091734285714,
-36.3932142857143));
#74360=VERTEX_POINT('',#74350);
#74370=EDGE_CURVE('',#29270,#74360,#74340,.T.);
#74380=ORIENTED_EDGE('',*,*,#74370,.F.);
#74390=CARTESIAN_POINT('',(-15.654327,15.430602,-28.67625));
#74400=DIRECTION('',(-0.331294578224539,-0.883452208598773,
0.331294578224539));
#74410=VECTOR('',#74400,1.);
#74420=LINE('',#74390,#74410);
#74430=CARTESIAN_POINT('',(-8.023077,35.780602,-36.3075));
#74440=VERTEX_POINT('',#74430);
#74450=EDGE_CURVE('',#74360,#74440,#74420,.T.);
#74460=ORIENTED_EDGE('',*,*,#74450,.F.);
#74470=CARTESIAN_POINT('',(-8.023077,34.355602,-36.3075));
#74480=DIRECTION('',(0.,-1.,0.));
#74490=VECTOR('',#74480,1.);
#74500=LINE('',#74470,#74490);
#74510=EDGE_CURVE('',#74440,#15220,#74500,.T.);
#74520=ORIENTED_EDGE('',*,*,#74510,.F.);
#74530=ORIENTED_EDGE('',*,*,#15230,.F.);
#74540=EDGE_LOOP('',(#74530,#74520,#74460,#74380,#74300));
#74550=FACE_OUTER_BOUND('',#74540,.T.);
#74560=ADVANCED_FACE('',(#74550),#74290,.F.);
#74570=CARTESIAN_POINT('',(-9.573077,18.280602,-36.4075));
#74580=DIRECTION('',(0.,0.,-1.));
#74590=DIRECTION('',(1.,1.22464679914735E-16,0.));
#74600=AXIS2_PLACEMENT_3D('',#74570,#74580,#74590);
#74610=PLANE('',#74600);
#74620=CARTESIAN_POINT('',(-4.123077,34.355602,-36.4075));
#74630=DIRECTION('',(0.,-1.,0.));
#74640=VECTOR('',#74630,1.);
#74650=LINE('',#74620,#74640);
#74660=CARTESIAN_POINT('',(-4.123077,35.780602,-36.4075));
#74670=VERTEX_POINT('',#74660);
#74680=EDGE_CURVE('',#74670,#14400,#74650,.T.);
#74690=ORIENTED_EDGE('',*,*,#74680,.T.);
#74700=CARTESIAN_POINT('',(-4.523077,35.780602,-36.4075));
#74710=DIRECTION('',(-1.,0.,0.));
#74720=VECTOR('',#74710,1.);
#74730=LINE('',#74700,#74720);
#74740=CARTESIAN_POINT('',(-4.923077,35.780602,-36.4075));
#74750=VERTEX_POINT('',#74740);
#74760=EDGE_CURVE('',#74670,#74750,#74730,.T.);
#74770=ORIENTED_EDGE('',*,*,#74760,.F.);
#74780=CARTESIAN_POINT('',(-4.923077,34.355602,-36.4075));
#74790=DIRECTION('',(0.,-1.,0.));
#74800=VECTOR('',#74790,1.);
#74810=LINE('',#74780,#74800);
#74820=EDGE_CURVE('',#74750,#14480,#74810,.T.);
#74830=ORIENTED_EDGE('',*,*,#74820,.F.);
#74840=ORIENTED_EDGE('',*,*,#14490,.T.);
#74850=EDGE_LOOP('',(#74840,#74830,#74770,#74690));
#74860=FACE_OUTER_BOUND('',#74850,.T.);
#74870=ADVANCED_FACE('',(#74860),#74610,.T.);
#74880=CARTESIAN_POINT('',(-5.023077,34.205602,-36.96));
#74890=DIRECTION('',(1.,0.,-0.));
#74900=DIRECTION('',(0.,0.,1.));
#74910=AXIS2_PLACEMENT_3D('',#74880,#74890,#74900);
#74920=PLANE('',#74910);
#74930=CARTESIAN_POINT('',(-5.023077,34.355602,-36.3075));
#74940=DIRECTION('',(0.,-1.,0.));
#74950=VECTOR('',#74940,1.);
#74960=LINE('',#74930,#74950);
#74970=CARTESIAN_POINT('',(-5.023077,35.780602,-36.3075));
#74980=VERTEX_POINT('',#74970);
#74990=EDGE_CURVE('',#74980,#14560,#74960,.T.);
#75000=ORIENTED_EDGE('',*,*,#74990,.T.);
#75010=CARTESIAN_POINT('',(-5.023077,35.780602,-36.2075));
#75020=DIRECTION('',(0.,0.,1.));
#75030=VECTOR('',#75020,1.);
#75040=LINE('',#75010,#75030);
#75050=EDGE_CURVE('',#74980,#72200,#75040,.T.);
#75060=ORIENTED_EDGE('',*,*,#75050,.F.);
#75070=ORIENTED_EDGE('',*,*,#72210,.T.);
#75080=ORIENTED_EDGE('',*,*,#14630,.F.);
#75090=EDGE_LOOP('',(#75080,#75070,#75060,#75000));
#75100=FACE_OUTER_BOUND('',#75090,.T.);
#75110=ADVANCED_FACE('',(#75100),#74920,.F.);
#75120=CARTESIAN_POINT('',(-6.023077,36.580602,-35.055));
#75130=DIRECTION('',(-0.,1.,0.));
#75140=DIRECTION('',(1.,0.,0.));
#75150=AXIS2_PLACEMENT_3D('',#75120,#75130,#75140);
#75160=PLANE('',#75150);
#75170=CARTESIAN_POINT('',(-7.72307700000001,36.580602,-36.2325));
#75180=DIRECTION('',(0.,0.,1.));
#75190=VECTOR('',#75180,1.);
#75200=LINE('',#75170,#75190);
#75210=CARTESIAN_POINT('',(-7.72307700000001,36.580602,-36.3575));
#75220=VERTEX_POINT('',#75210);
#75230=EDGE_CURVE('',#75220,#71970,#75200,.T.);
#75240=ORIENTED_EDGE('',*,*,#75230,.T.);
#75250=CARTESIAN_POINT('',(-7.523077,36.580602,-36.3575));
#75260=DIRECTION('',(-1.,0.,0.));
#75270=VECTOR('',#75260,1.);
#75280=LINE('',#75250,#75270);
#75290=CARTESIAN_POINT('',(-7.323077,36.580602,-36.3575));
#75300=VERTEX_POINT('',#75290);
#75310=EDGE_CURVE('',#75300,#75220,#75280,.T.);
#75320=ORIENTED_EDGE('',*,*,#75310,.T.);
#75330=CARTESIAN_POINT('',(-7.323077,36.580602,-35.7825));
#75340=DIRECTION('',(0.,0.,1.));
#75350=VECTOR('',#75340,1.);
#75360=LINE('',#75330,#75350);
#75370=EDGE_CURVE('',#75300,#71630,#75360,.T.);
#75380=ORIENTED_EDGE('',*,*,#75370,.F.);
#75390=ORIENTED_EDGE('',*,*,#72040,.T.);
#75400=EDGE_LOOP('',(#75390,#75380,#75320,#75240));
#75410=FACE_OUTER_BOUND('',#75400,.T.);
#75420=ADVANCED_FACE('',(#75410),#75160,.T.);
#75430=CARTESIAN_POINT('',(-7.873077,36.180602,-35.7825));
#75440=DIRECTION('',(-0.936329177569045,0.351123441588391,0.));
#75450=DIRECTION('',(-0.351123441588391,-0.936329177569045,0.));
#75460=AXIS2_PLACEMENT_3D('',#75430,#75440,#75450);
#75470=PLANE('',#75460);
#75480=ORIENTED_EDGE('',*,*,#71980,.F.);
#75490=CARTESIAN_POINT('',(-15.654327,15.430602,-43.33875));
#75500=DIRECTION('',(-0.331294578224539,-0.883452208598772,
-0.331294578224541));
#75510=VECTOR('',#75500,1.);
#75520=LINE('',#75490,#75510);
#75530=CARTESIAN_POINT('',(-8.023077,35.780602,-35.7075));
#75540=VERTEX_POINT('',#75530);
#75550=EDGE_CURVE('',#71890,#75540,#75520,.T.);
#75560=ORIENTED_EDGE('',*,*,#75550,.F.);
#75570=CARTESIAN_POINT('',(-8.023077,35.780602,-35.8075));
#75580=DIRECTION('',(0.,0.,1.));
#75590=VECTOR('',#75580,1.);
#75600=LINE('',#75570,#75590);
#75610=EDGE_CURVE('',#74440,#75540,#75600,.T.);
#75620=ORIENTED_EDGE('',*,*,#75610,.T.);
#75630=ORIENTED_EDGE('',*,*,#74450,.T.);
#75640=CARTESIAN_POINT('',(-15.654327,15.430602,-37.679375));
#75650=DIRECTION('',(0.350523742702191,0.934729980539178,
0.0584206237836986));
#75660=VECTOR('',#75650,1.);
#75670=LINE('',#75640,#75660);
#75680=EDGE_CURVE('',#74360,#75220,#75670,.T.);
#75690=ORIENTED_EDGE('',*,*,#75680,.F.);
#75700=ORIENTED_EDGE('',*,*,#75230,.F.);
#75710=EDGE_LOOP('',(#75700,#75690,#75630,#75620,#75560,#75480));
#75720=FACE_OUTER_BOUND('',#75710,.T.);
#75730=ADVANCED_FACE('',(#75720),#75470,.T.);
#75740=CARTESIAN_POINT('',(-2.473077,18.280602,-35.6075));
#75750=DIRECTION('',(0.,0.,1.));
#75760=DIRECTION('',(-1.,1.22464679914735E-16,0.));
#75770=AXIS2_PLACEMENT_3D('',#75740,#75750,#75760);
#75780=PLANE('',#75770);
#75790=CARTESIAN_POINT('',(-7.923077,34.355602,-35.6075));
#75800=DIRECTION('',(0.,-1.,0.));
#75810=VECTOR('',#75800,1.);
#75820=LINE('',#75790,#75810);
#75830=EDGE_CURVE('',#71810,#14740,#75820,.T.);
#75840=ORIENTED_EDGE('',*,*,#75830,.T.);
#75850=ORIENTED_EDGE('',*,*,#71820,.F.);
#75860=CARTESIAN_POINT('',(-7.123077,34.355602,-35.6075));
#75870=DIRECTION('',(0.,-1.,0.));
#75880=VECTOR('',#75870,1.);
#75890=LINE('',#75860,#75880);
#75900=EDGE_CURVE('',#71730,#14820,#75890,.T.);
#75910=ORIENTED_EDGE('',*,*,#75900,.F.);
#75920=ORIENTED_EDGE('',*,*,#14830,.T.);
#75930=EDGE_LOOP('',(#75920,#75910,#75850,#75840));
#75940=FACE_OUTER_BOUND('',#75930,.T.);
#75950=ADVANCED_FACE('',(#75940),#75780,.T.);
#75960=CARTESIAN_POINT('',(-7.973077,34.355602,-35.6575));
#75970=DIRECTION('',(-0.707106781186549,0.,0.707106781186546));
#75980=DIRECTION('',(-0.707106781186546,0.,-0.707106781186549));
#75990=AXIS2_PLACEMENT_3D('',#75960,#75970,#75980);
#76000=PLANE('',#75990);
#76010=CARTESIAN_POINT('',(-8.023077,34.355602,-35.7075));
#76020=DIRECTION('',(0.,-1.,0.));
#76030=VECTOR('',#76020,1.);
#76040=LINE('',#76010,#76030);
#76050=EDGE_CURVE('',#75540,#14720,#76040,.T.);
#76060=ORIENTED_EDGE('',*,*,#76050,.T.);
#76070=ORIENTED_EDGE('',*,*,#75550,.T.);
#76080=ORIENTED_EDGE('',*,*,#71900,.T.);
#76090=ORIENTED_EDGE('',*,*,#75830,.F.);
#76100=ORIENTED_EDGE('',*,*,#14750,.T.);
#76110=EDGE_LOOP('',(#76100,#76090,#76080,#76070,#76060));
#76120=FACE_OUTER_BOUND('',#76110,.T.);
#76130=ADVANCED_FACE('',(#76120),#76000,.T.);
#76140=CARTESIAN_POINT('',(-7.073077,34.355602,-35.6575));
#76150=DIRECTION('',(-0.707106781186547,-0.,-0.707106781186548));
#76160=DIRECTION('',(0.707106781186548,0.,-0.707106781186547));
#76170=AXIS2_PLACEMENT_3D('',#76140,#76150,#76160);
#76180=PLANE('',#76170);
#76190=ORIENTED_EDGE('',*,*,#75900,.T.);
#76200=ORIENTED_EDGE('',*,*,#71740,.F.);
#76210=CARTESIAN_POINT('',(0.608172999999993,15.430602,-43.33875));
#76220=DIRECTION('',(-0.331294578224539,0.883452208598773,
0.331294578224539));
#76230=VECTOR('',#76220,1.);
#76240=LINE('',#76210,#76230);
#76250=EDGE_CURVE('',#73140,#71650,#76240,.T.);
#76260=ORIENTED_EDGE('',*,*,#76250,.T.);
#76270=ORIENTED_EDGE('',*,*,#73150,.F.);
#76280=ORIENTED_EDGE('',*,*,#14910,.F.);
#76290=EDGE_LOOP('',(#76280,#76270,#76260,#76200,#76190));
#76300=FACE_OUTER_BOUND('',#76290,.T.);
#76310=ADVANCED_FACE('',(#76300),#76180,.F.);
#76320=CARTESIAN_POINT('',(-5.023077,34.205602,-40.77));
#76330=DIRECTION('',(1.,0.,-0.));
#76340=DIRECTION('',(0.,0.,1.));
#76350=AXIS2_PLACEMENT_3D('',#76320,#76330,#76340);
#76360=PLANE('',#76350);
#76370=CARTESIAN_POINT('',(-5.023077,34.355602,-40.1175));
#76380=DIRECTION('',(0.,-1.,0.));
#76390=VECTOR('',#76380,1.);
#76400=LINE('',#76370,#76390);
#76410=CARTESIAN_POINT('',(-5.023077,35.780602,-40.1175));
#76420=VERTEX_POINT('',#76410);
#76430=EDGE_CURVE('',#76420,#17700,#76400,.T.);
#76440=ORIENTED_EDGE('',*,*,#76430,.T.);
#76450=CARTESIAN_POINT('',(-5.023077,35.780602,-39.5925));
#76460=DIRECTION('',(0.,0.,-1.));
#76470=VECTOR('',#76460,1.);
#76480=LINE('',#76450,#76470);
#76490=CARTESIAN_POINT('',(-5.023077,35.780602,-39.5175));
#76500=VERTEX_POINT('',#76490);
#76510=EDGE_CURVE('',#76500,#76420,#76480,.T.);
#76520=ORIENTED_EDGE('',*,*,#76510,.T.);
#76530=CARTESIAN_POINT('',(-5.023077,34.355602,-39.5175));
#76540=DIRECTION('',(0.,1.,0.));
#76550=VECTOR('',#76540,1.);
#76560=LINE('',#76530,#76550);
#76570=EDGE_CURVE('',#17780,#76500,#76560,.T.);
#76580=ORIENTED_EDGE('',*,*,#76570,.T.);
#76590=ORIENTED_EDGE('',*,*,#17790,.F.);
#76600=EDGE_LOOP('',(#76590,#76580,#76520,#76440));
#76610=FACE_OUTER_BOUND('',#76600,.T.);
#76620=ADVANCED_FACE('',(#76610),#76360,.F.);
#76630=CARTESIAN_POINT('',(-8.023077,32.580602,-34.8825));
#76640=DIRECTION('',(-1.,0.,0.));
#76650=DIRECTION('',(0.,0.,1.));
#76660=AXIS2_PLACEMENT_3D('',#76630,#76640,#76650);
#76670=PLANE('',#76660);
#76680=ORIENTED_EDGE('',*,*,#74510,.T.);
#76690=ORIENTED_EDGE('',*,*,#75610,.F.);
#76700=ORIENTED_EDGE('',*,*,#76050,.F.);
#76710=ORIENTED_EDGE('',*,*,#15290,.T.);
#76720=EDGE_LOOP('',(#76710,#76700,#76690,#76680));
#76730=FACE_OUTER_BOUND('',#76720,.T.);
#76740=ADVANCED_FACE('',(#76730),#76670,.T.);
#76750=CARTESIAN_POINT('',(-7.173077,36.180602,-35.7825));
#76760=DIRECTION('',(-0.936329177569045,-0.351123441588391,0.));
#76770=DIRECTION('',(0.351123441588391,-0.936329177569045,0.));
#76780=AXIS2_PLACEMENT_3D('',#76750,#76760,#76770);
#76790=PLANE('',#76780);
#76800=ORIENTED_EDGE('',*,*,#76250,.F.);
#76810=ORIENTED_EDGE('',*,*,#71660,.T.);
#76820=ORIENTED_EDGE('',*,*,#75370,.T.);
#76830=CARTESIAN_POINT('',(0.608172999999989,15.430602,-37.679375));
#76840=DIRECTION('',(-0.350523742702191,0.934729980539178,
0.0584206237836986));
#76850=VECTOR('',#76840,1.);
#76860=LINE('',#76830,#76850);
#76870=EDGE_CURVE('',#65490,#75300,#76860,.T.);
#76880=ORIENTED_EDGE('',*,*,#76870,.T.);
#76890=ORIENTED_EDGE('',*,*,#65500,.T.);
#76900=ORIENTED_EDGE('',*,*,#73210,.T.);
#76910=EDGE_LOOP('',(#76900,#76890,#76880,#76820,#76810,#76800));
#76920=FACE_OUTER_BOUND('',#76910,.T.);
#76930=ADVANCED_FACE('',(#76920),#76790,.F.);
#76940=CARTESIAN_POINT('',(-4.023077,32.580602,-37.1325));
#76950=DIRECTION('',(1.,-0.,0.));
#76960=DIRECTION('',(0.,0.,-1.));
#76970=AXIS2_PLACEMENT_3D('',#76940,#76950,#76960);
#76980=PLANE('',#76970);
#76990=ORIENTED_EDGE('',*,*,#72980,.T.);
#77000=ORIENTED_EDGE('',*,*,#73930,.F.);
#77010=CARTESIAN_POINT('',(-4.023077,34.355602,-36.3075));
#77020=DIRECTION('',(0.,-1.,0.));
#77030=VECTOR('',#77020,1.);
#77040=LINE('',#77010,#77030);
#77050=EDGE_CURVE('',#73860,#14320,#77040,.T.);
#77060=ORIENTED_EDGE('',*,*,#77050,.F.);
#77070=ORIENTED_EDGE('',*,*,#14330,.T.);
#77080=EDGE_LOOP('',(#77070,#77060,#77000,#76990));
#77090=FACE_OUTER_BOUND('',#77080,.T.);
#77100=ADVANCED_FACE('',(#77090),#76980,.T.);
#77110=CARTESIAN_POINT('',(-4.073077,34.355602,-36.3575));
#77120=DIRECTION('',(0.707106781186549,0.,-0.707106781186546));
#77130=DIRECTION('',(0.707106781186546,0.,0.707106781186549));
#77140=AXIS2_PLACEMENT_3D('',#77110,#77120,#77130);
#77150=PLANE('',#77140);
#77160=ORIENTED_EDGE('',*,*,#77050,.T.);
#77170=ORIENTED_EDGE('',*,*,#73870,.T.);
#77180=CARTESIAN_POINT('',(-5.39495199999999,15.430602,-37.679375));
#77190=DIRECTION('',(0.0622572806364688,0.996116490183505,
0.062257280636469));
#77200=VECTOR('',#77190,1.);
#77210=LINE('',#77180,#77200);
#77220=EDGE_CURVE('',#74670,#73780,#77210,.T.);
#77230=ORIENTED_EDGE('',*,*,#77220,.T.);
#77240=ORIENTED_EDGE('',*,*,#74680,.F.);
#77250=ORIENTED_EDGE('',*,*,#14410,.T.);
#77260=EDGE_LOOP('',(#77250,#77240,#77230,#77170,#77160));
#77270=FACE_OUTER_BOUND('',#77260,.T.);
#77280=ADVANCED_FACE('',(#77270),#77150,.T.);
#77290=CARTESIAN_POINT('',(-7.523077,36.180602,-36.3825));
#77300=DIRECTION('',(0.,0.0623782861551805,-0.998052578482889));
#77310=DIRECTION('',(0.,-0.998052578482889,-0.0623782861551805));
#77320=AXIS2_PLACEMENT_3D('',#77290,#77300,#77310);
#77330=PLANE('',#77320);
#77340=ORIENTED_EDGE('',*,*,#75680,.T.);
#77350=ORIENTED_EDGE('',*,*,#74370,.T.);
#77360=ORIENTED_EDGE('',*,*,#29280,.T.);
#77370=ORIENTED_EDGE('',*,*,#65560,.T.);
#77380=ORIENTED_EDGE('',*,*,#76870,.F.);
#77390=ORIENTED_EDGE('',*,*,#75310,.F.);
#77400=EDGE_LOOP('',(#77390,#77380,#77370,#77360,#77350,#77340));
#77410=FACE_OUTER_BOUND('',#77400,.T.);
#77420=ADVANCED_FACE('',(#77410),#77330,.T.);
#77430=CARTESIAN_POINT('',(-4.873077,36.180602,-36.2325));
#77440=DIRECTION('',(0.936329177569045,-0.351123441588391,0.));
#77450=DIRECTION('',(-0.351123441588391,-0.936329177569045,0.));
#77460=AXIS2_PLACEMENT_3D('',#77430,#77440,#77450);
#77470=PLANE('',#77460);
#77480=CARTESIAN_POINT('',(-12.654327,15.430602,-28.67625));
#77490=DIRECTION('',(0.331294578224539,0.883452208598773,
-0.331294578224539));
#77500=VECTOR('',#77490,1.);
#77510=LINE('',#77480,#77500);
#77520=CARTESIAN_POINT('',(-4.93736271428571,36.0091734285714,
-36.3932142857143));
#77530=VERTEX_POINT('',#77520);
#77540=EDGE_CURVE('',#74980,#77530,#77510,.T.);
#77550=ORIENTED_EDGE('',*,*,#77540,.F.);
#77560=CARTESIAN_POINT('',(-12.654327,15.430602,-37.679375));
#77570=DIRECTION('',(-0.350523742702191,-0.934729980539178,
-0.0584206237836986));
#77580=VECTOR('',#77570,1.);
#77590=LINE('',#77560,#77580);
#77600=EDGE_CURVE('',#73400,#77530,#77590,.T.);
#77610=ORIENTED_EDGE('',*,*,#77600,.T.);
#77620=ORIENTED_EDGE('',*,*,#73410,.T.);
#77630=ORIENTED_EDGE('',*,*,#74190,.T.);
#77640=ORIENTED_EDGE('',*,*,#72290,.T.);
#77650=ORIENTED_EDGE('',*,*,#75050,.T.);
#77660=EDGE_LOOP('',(#77650,#77640,#77630,#77620,#77610,#77550));
#77670=FACE_OUTER_BOUND('',#77660,.T.);
#77680=ADVANCED_FACE('',(#77670),#77470,.F.);
#77690=CARTESIAN_POINT('',(-4.973077,34.355602,-36.3575));
#77700=DIRECTION('',(0.707106781186547,0.,0.707106781186548));
#77710=DIRECTION('',(-0.707106781186548,0.,0.707106781186547));
#77720=AXIS2_PLACEMENT_3D('',#77690,#77700,#77710);
#77730=PLANE('',#77720);
#77740=ORIENTED_EDGE('',*,*,#74820,.T.);
#77750=CARTESIAN_POINT('',(-3.651202,15.430602,-37.679375));
#77760=DIRECTION('',(-0.0622572806364691,0.996116490183505,
0.062257280636469));
#77770=VECTOR('',#77760,1.);
#77780=LINE('',#77750,#77770);
#77790=EDGE_CURVE('',#74750,#77530,#77780,.T.);
#77800=ORIENTED_EDGE('',*,*,#77790,.F.);
#77810=ORIENTED_EDGE('',*,*,#77540,.T.);
#77820=ORIENTED_EDGE('',*,*,#74990,.F.);
#77830=ORIENTED_EDGE('',*,*,#14570,.F.);
#77840=EDGE_LOOP('',(#77830,#77820,#77810,#77800,#77740));
#77850=FACE_OUTER_BOUND('',#77840,.T.);
#77860=ADVANCED_FACE('',(#77850),#77730,.F.);
#77870=CARTESIAN_POINT('',(-4.523077,36.180602,-36.3825));
#77880=DIRECTION('',(0.,0.0623782861551805,-0.998052578482889));
#77890=DIRECTION('',(-2.77015238104552E-16,-0.998052578482889,
-0.0623782861551805));
#77900=AXIS2_PLACEMENT_3D('',#77870,#77880,#77890);
#77910=PLANE('',#77900);
#77920=ORIENTED_EDGE('',*,*,#77600,.F.);
#77930=ORIENTED_EDGE('',*,*,#77790,.T.);
#77940=ORIENTED_EDGE('',*,*,#74760,.T.);
#77950=ORIENTED_EDGE('',*,*,#77220,.F.);
#77960=ORIENTED_EDGE('',*,*,#73790,.T.);
#77970=ORIENTED_EDGE('',*,*,#73490,.F.);
#77980=EDGE_LOOP('',(#77970,#77960,#77950,#77940,#77930,#77920));
#77990=FACE_OUTER_BOUND('',#77980,.T.);
#78000=ADVANCED_FACE('',(#77990),#77910,.T.);
#78010=CARTESIAN_POINT('',(-4.023077,32.580602,-48.5625));
#78020=DIRECTION('',(1.,-0.,0.));
#78030=DIRECTION('',(0.,0.,-1.));
#78040=AXIS2_PLACEMENT_3D('',#78010,#78020,#78030);
#78050=PLANE('',#78040);
#78060=ORIENTED_EDGE('',*,*,#47310,.T.);
#78070=ORIENTED_EDGE('',*,*,#48020,.F.);
#78080=CARTESIAN_POINT('',(-4.023077,34.355602,-47.7375));
#78090=DIRECTION('',(0.,-1.,0.));
#78100=VECTOR('',#78090,1.);
#78110=LINE('',#78080,#78100);
#78120=EDGE_CURVE('',#47950,#10220,#78110,.T.);
#78130=ORIENTED_EDGE('',*,*,#78120,.F.);
#78140=ORIENTED_EDGE('',*,*,#10790,.T.);
#78150=EDGE_LOOP('',(#78140,#78130,#78070,#78060));
#78160=FACE_OUTER_BOUND('',#78150,.T.);
#78170=ADVANCED_FACE('',(#78160),#78050,.T.);
#78180=CARTESIAN_POINT('',(-4.973077,34.355602,-47.7875));
#78190=DIRECTION('',(0.707106781186547,0.,0.707106781186548));
#78200=DIRECTION('',(-0.707106781186548,0.,0.707106781186547));
#78210=AXIS2_PLACEMENT_3D('',#78180,#78190,#78200);
#78220=PLANE('',#78210);
#78230=CARTESIAN_POINT('',(-4.923077,34.355602,-47.8375));
#78240=DIRECTION('',(0.,-1.,0.));
#78250=VECTOR('',#78240,1.);
#78260=LINE('',#78230,#78250);
#78270=CARTESIAN_POINT('',(-4.923077,35.780602,-47.8375));
#78280=VERTEX_POINT('',#78270);
#78290=EDGE_CURVE('',#78280,#10320,#78260,.T.);
#78300=ORIENTED_EDGE('',*,*,#78290,.T.);
#78310=CARTESIAN_POINT('',(-3.651202,15.430602,-49.109375));
#78320=DIRECTION('',(-0.0622572806364691,0.996116490183505,
0.062257280636469));
#78330=VECTOR('',#78320,1.);
#78340=LINE('',#78310,#78330);
#78350=EDGE_CURVE('',#78280,#49140,#78340,.T.);
#78360=ORIENTED_EDGE('',*,*,#78350,.F.);
#78370=ORIENTED_EDGE('',*,*,#49150,.T.);
#78380=ORIENTED_EDGE('',*,*,#49440,.F.);
#78390=ORIENTED_EDGE('',*,*,#10410,.F.);
#78400=EDGE_LOOP('',(#78390,#78380,#78370,#78360,#78300));
#78410=FACE_OUTER_BOUND('',#78400,.T.);
#78420=ADVANCED_FACE('',(#78410),#78220,.F.);
#78430=CARTESIAN_POINT('',(-9.573077,18.280602,-47.8375));
#78440=DIRECTION('',(0.,0.,-1.));
#78450=DIRECTION('',(1.,1.22464679914735E-16,0.));
#78460=AXIS2_PLACEMENT_3D('',#78430,#78440,#78450);
#78470=PLANE('',#78460);
#78480=ORIENTED_EDGE('',*,*,#51220,.F.);
#78490=ORIENTED_EDGE('',*,*,#50340,.F.);
#78500=ORIENTED_EDGE('',*,*,#11310,.T.);
#78510=ORIENTED_EDGE('',*,*,#44720,.F.);
#78520=EDGE_LOOP('',(#78510,#78500,#78490,#78480));
#78530=FACE_OUTER_BOUND('',#78520,.T.);
#78540=ADVANCED_FACE('',(#78530),#78470,.T.);
#78550=CARTESIAN_POINT('',(-4.523077,36.180602,-47.8125));
#78560=DIRECTION('',(0.,0.0623782861551805,-0.998052578482889));
#78570=DIRECTION('',(-2.77015238104552E-16,-0.998052578482889,
-0.0623782861551805));
#78580=AXIS2_PLACEMENT_3D('',#78550,#78560,#78570);
#78590=PLANE('',#78580);
#78600=ORIENTED_EDGE('',*,*,#49210,.F.);
#78610=ORIENTED_EDGE('',*,*,#78350,.T.);
#78620=CARTESIAN_POINT('',(-4.523077,35.780602,-47.8375));
#78630=DIRECTION('',(-1.,0.,0.));
#78640=VECTOR('',#78630,1.);
#78650=LINE('',#78620,#78640);
#78660=CARTESIAN_POINT('',(-4.123077,35.780602,-47.8375));
#78670=VERTEX_POINT('',#78660);
#78680=EDGE_CURVE('',#78670,#78280,#78650,.T.);
#78690=ORIENTED_EDGE('',*,*,#78680,.T.);
#78700=CARTESIAN_POINT('',(-5.39495199999999,15.430602,-49.109375));
#78710=DIRECTION('',(0.0622572806364688,0.996116490183505,
0.062257280636469));
#78720=VECTOR('',#78710,1.);
#78730=LINE('',#78700,#78720);
#78740=EDGE_CURVE('',#78670,#47870,#78730,.T.);
#78750=ORIENTED_EDGE('',*,*,#78740,.F.);
#78760=ORIENTED_EDGE('',*,*,#47880,.T.);
#78770=ORIENTED_EDGE('',*,*,#47580,.F.);
#78780=EDGE_LOOP('',(#78770,#78760,#78750,#78690,#78610,#78600));
#78790=FACE_OUTER_BOUND('',#78780,.T.);
#78800=ADVANCED_FACE('',(#78790),#78590,.T.);
#78810=CARTESIAN_POINT('',(-4.073077,34.355602,-47.7875));
#78820=DIRECTION('',(0.707106781186549,0.,-0.707106781186546));
#78830=DIRECTION('',(0.707106781186546,0.,0.707106781186549));
#78840=AXIS2_PLACEMENT_3D('',#78810,#78820,#78830);
#78850=PLANE('',#78840);
#78860=ORIENTED_EDGE('',*,*,#78120,.T.);
#78870=ORIENTED_EDGE('',*,*,#47960,.T.);
#78880=ORIENTED_EDGE('',*,*,#78740,.T.);
#78890=CARTESIAN_POINT('',(-4.123077,34.355602,-47.8375));
#78900=DIRECTION('',(0.,-1.,0.));
#78910=VECTOR('',#78900,1.);
#78920=LINE('',#78890,#78910);
#78930=EDGE_CURVE('',#78670,#10240,#78920,.T.);
#78940=ORIENTED_EDGE('',*,*,#78930,.F.);
#78950=ORIENTED_EDGE('',*,*,#10250,.T.);
#78960=EDGE_LOOP('',(#78950,#78940,#78880,#78870,#78860));
#78970=FACE_OUTER_BOUND('',#78960,.T.);
#78980=ADVANCED_FACE('',(#78970),#78850,.T.);
#78990=CARTESIAN_POINT('',(-9.573077,18.280602,-47.8375));
#79000=DIRECTION('',(0.,0.,-1.));
#79010=DIRECTION('',(1.,1.22464679914735E-16,0.));
#79020=AXIS2_PLACEMENT_3D('',#78990,#79000,#79010);
#79030=PLANE('',#79020);
#79040=ORIENTED_EDGE('',*,*,#78930,.T.);
#79050=ORIENTED_EDGE('',*,*,#78680,.F.);
#79060=ORIENTED_EDGE('',*,*,#78290,.F.);
#79070=ORIENTED_EDGE('',*,*,#10330,.T.);
#79080=EDGE_LOOP('',(#79070,#79060,#79050,#79040));
#79090=FACE_OUTER_BOUND('',#79080,.T.);
#79100=ADVANCED_FACE('',(#79090),#79030,.T.);
#79110=CARTESIAN_POINT('',(-7.023077,34.205602,-42.675));
#79120=DIRECTION('',(-1.,-0.,-0.));
#79130=DIRECTION('',(0.,0.,-1.));
#79140=AXIS2_PLACEMENT_3D('',#79110,#79120,#79130);
#79150=PLANE('',#79140);
#79160=CARTESIAN_POINT('',(-7.023077,34.355602,-43.3275));
#79170=DIRECTION('',(0.,-1.,0.));
#79180=VECTOR('',#79170,1.);
#79190=LINE('',#79160,#79180);
#79200=EDGE_CURVE('',#36070,#16220,#79190,.T.);
#79210=ORIENTED_EDGE('',*,*,#79200,.T.);
#79220=ORIENTED_EDGE('',*,*,#36480,.F.);
#79230=CARTESIAN_POINT('',(-7.023077,34.355602,-43.9275));
#79240=DIRECTION('',(0.,1.,0.));
#79250=VECTOR('',#79240,1.);
#79260=LINE('',#79230,#79250);
#79270=EDGE_CURVE('',#16300,#36410,#79260,.T.);
#79280=ORIENTED_EDGE('',*,*,#79270,.T.);
#79290=ORIENTED_EDGE('',*,*,#16310,.F.);
#79300=EDGE_LOOP('',(#79290,#79280,#79220,#79210));
#79310=FACE_OUTER_BOUND('',#79300,.T.);
#79320=ADVANCED_FACE('',(#79310),#79150,.F.);
#79330=CARTESIAN_POINT('',(-6.023077,26.530602,-49.2842592592592));
#79340=DIRECTION('',(0.,-1.,0.));
#79350=DIRECTION('',(0.,0.,1.));
#79360=AXIS2_PLACEMENT_3D('',#79330,#79340,#79350);
#79370=PLANE('',#79360);
#79380=ORIENTED_EDGE('',*,*,#21090,.T.);
#79390=ORIENTED_EDGE('',*,*,#45900,.F.);
#79400=ORIENTED_EDGE('',*,*,#7830,.F.);
#79410=ORIENTED_EDGE('',*,*,#34970,.T.);
#79420=ORIENTED_EDGE('',*,*,#4360,.T.);
#79430=ORIENTED_EDGE('',*,*,#41700,.T.);
#79440=ORIENTED_EDGE('',*,*,#45020,.F.);
#79450=ORIENTED_EDGE('',*,*,#20750,.T.);
#79460=ORIENTED_EDGE('',*,*,#3720,.T.);
#79470=ORIENTED_EDGE('',*,*,#39390,.T.);
#79480=ORIENTED_EDGE('',*,*,#25200,.T.);
#79490=ORIENTED_EDGE('',*,*,#35920,.T.);
#79500=EDGE_LOOP('',(#79490,#79480,#79470,#79460,#79450,#79440,#79430,
#79420,#79410,#79400,#79390,#79380));
#79510=FACE_OUTER_BOUND('',#79500,.T.);
#79520=ADVANCED_FACE('',(#79510),#79370,.T.);
#79530=CARTESIAN_POINT('',(-2.473077,18.280602,-43.2275));
#79540=DIRECTION('',(0.,0.,1.));
#79550=DIRECTION('',(-1.,1.22464679914735E-16,0.));
#79560=AXIS2_PLACEMENT_3D('',#79530,#79540,#79550);
#79570=PLANE('',#79560);
#79580=CARTESIAN_POINT('',(-7.923077,34.355602,-43.2275));
#79590=DIRECTION('',(0.,-1.,0.));
#79600=VECTOR('',#79590,1.);
#79610=LINE('',#79580,#79600);
#79620=EDGE_CURVE('',#46700,#16060,#79610,.T.);
#79630=ORIENTED_EDGE('',*,*,#79620,.T.);
#79640=ORIENTED_EDGE('',*,*,#46710,.F.);
#79650=CARTESIAN_POINT('',(-7.123077,34.355602,-43.2275));
#79660=DIRECTION('',(0.,-1.,0.));
#79670=VECTOR('',#79660,1.);
#79680=LINE('',#79650,#79670);
#79690=EDGE_CURVE('',#46620,#16140,#79680,.T.);
#79700=ORIENTED_EDGE('',*,*,#79690,.F.);
#79710=ORIENTED_EDGE('',*,*,#16150,.T.);
#79720=EDGE_LOOP('',(#79710,#79700,#79640,#79630));
#79730=FACE_OUTER_BOUND('',#79720,.T.);
#79740=ADVANCED_FACE('',(#79730),#79570,.T.);
#79750=CARTESIAN_POINT('',(-4.073077,34.355602,-43.9775));
#79760=DIRECTION('',(0.707106781186549,0.,-0.707106781186546));
#79770=DIRECTION('',(0.707106781186546,0.,0.707106781186549));
#79780=AXIS2_PLACEMENT_3D('',#79750,#79760,#79770);
#79790=PLANE('',#79780);
#79800=CARTESIAN_POINT('',(-4.023077,34.355602,-43.9275));
#79810=DIRECTION('',(0.,-1.,0.));
#79820=VECTOR('',#79810,1.);
#79830=LINE('',#79800,#79820);
#79840=CARTESIAN_POINT('',(-4.023077,35.780602,-43.9275));
#79850=VERTEX_POINT('',#79840);
#79860=EDGE_CURVE('',#79850,#15640,#79830,.T.);
#79870=ORIENTED_EDGE('',*,*,#79860,.T.);
#79880=CARTESIAN_POINT('',(3.608173,15.430602,-36.29625));
#79890=DIRECTION('',(0.331294578224539,-0.883452208598772,
0.331294578224541));
#79900=VECTOR('',#79890,1.);
#79910=LINE('',#79880,#79900);
#79920=CARTESIAN_POINT('',(-4.10879128571428,36.0091734285714,
-44.0132142857143));
#79930=VERTEX_POINT('',#79920);
#79940=EDGE_CURVE('',#79930,#79850,#79910,.T.);
#79950=ORIENTED_EDGE('',*,*,#79940,.T.);
#79960=CARTESIAN_POINT('',(-5.39495199999999,15.430602,-45.299375));
#79970=DIRECTION('',(0.0622572806364688,0.996116490183505,
0.062257280636469));
#79980=VECTOR('',#79970,1.);
#79990=LINE('',#79960,#79980);
#80000=CARTESIAN_POINT('',(-4.123077,35.780602,-44.0275));
#80010=VERTEX_POINT('',#80000);
#80020=EDGE_CURVE('',#80010,#79930,#79990,.T.);
#80030=ORIENTED_EDGE('',*,*,#80020,.T.);
#80040=CARTESIAN_POINT('',(-4.123077,34.355602,-44.0275));
#80050=DIRECTION('',(0.,-1.,0.));
#80060=VECTOR('',#80050,1.);
#80070=LINE('',#80040,#80060);
#80080=EDGE_CURVE('',#80010,#15720,#80070,.T.);
#80090=ORIENTED_EDGE('',*,*,#80080,.F.);
#80100=ORIENTED_EDGE('',*,*,#15730,.T.);
#80110=EDGE_LOOP('',(#80100,#80090,#80030,#79950,#79870));
#80120=FACE_OUTER_BOUND('',#80110,.T.);
#80130=ADVANCED_FACE('',(#80120),#79790,.T.);
#80140=CARTESIAN_POINT('',(-9.573077,18.280602,-44.0275));
#80150=DIRECTION('',(0.,0.,-1.));
#80160=DIRECTION('',(1.,1.22464679914735E-16,0.));
#80170=AXIS2_PLACEMENT_3D('',#80140,#80150,#80160);
#80180=PLANE('',#80170);
#80190=ORIENTED_EDGE('',*,*,#80080,.T.);
#80200=CARTESIAN_POINT('',(-4.523077,35.780602,-44.0275));
#80210=DIRECTION('',(-1.,0.,0.));
#80220=VECTOR('',#80210,1.);
#80230=LINE('',#80200,#80220);
#80240=CARTESIAN_POINT('',(-4.923077,35.780602,-44.0275));
#80250=VERTEX_POINT('',#80240);
#80260=EDGE_CURVE('',#80010,#80250,#80230,.T.);
#80270=ORIENTED_EDGE('',*,*,#80260,.F.);
#80280=CARTESIAN_POINT('',(-4.923077,34.355602,-44.0275));
#80290=DIRECTION('',(0.,-1.,0.));
#80300=VECTOR('',#80290,1.);
#80310=LINE('',#80280,#80300);
#80320=EDGE_CURVE('',#80250,#15800,#80310,.T.);
#80330=ORIENTED_EDGE('',*,*,#80320,.F.);
#80340=ORIENTED_EDGE('',*,*,#15810,.T.);
#80350=EDGE_LOOP('',(#80340,#80330,#80270,#80190));
#80360=FACE_OUTER_BOUND('',#80350,.T.);
#80370=ADVANCED_FACE('',(#80360),#80180,.T.);
#80380=CARTESIAN_POINT('',(-4.973077,34.355602,-43.9775));
#80390=DIRECTION('',(0.707106781186547,0.,0.707106781186548));
#80400=DIRECTION('',(-0.707106781186548,0.,0.707106781186547));
#80410=AXIS2_PLACEMENT_3D('',#80380,#80390,#80400);
#80420=PLANE('',#80410);
#80430=ORIENTED_EDGE('',*,*,#80320,.T.);
#80440=CARTESIAN_POINT('',(-3.651202,15.430602,-45.299375));
#80450=DIRECTION('',(-0.0622572806364691,0.996116490183505,
0.062257280636469));
#80460=VECTOR('',#80450,1.);
#80470=LINE('',#80440,#80460);
#80480=CARTESIAN_POINT('',(-4.93736271428571,36.0091734285714,
-44.0132142857143));
#80490=VERTEX_POINT('',#80480);
#80500=EDGE_CURVE('',#80250,#80490,#80470,.T.);
#80510=ORIENTED_EDGE('',*,*,#80500,.F.);
#80520=CARTESIAN_POINT('',(-12.654327,15.430602,-36.29625));
#80530=DIRECTION('',(0.331294578224539,0.883452208598773,
-0.331294578224539));
#80540=VECTOR('',#80530,1.);
#80550=LINE('',#80520,#80540);
#80560=CARTESIAN_POINT('',(-5.023077,35.780602,-43.9275));
#80570=VERTEX_POINT('',#80560);
#80580=EDGE_CURVE('',#80570,#80490,#80550,.T.);
#80590=ORIENTED_EDGE('',*,*,#80580,.T.);
#80600=CARTESIAN_POINT('',(-5.023077,34.355602,-43.9275));
#80610=DIRECTION('',(0.,-1.,0.));
#80620=VECTOR('',#80610,1.);
#80630=LINE('',#80600,#80620);
#80640=EDGE_CURVE('',#80570,#15880,#80630,.T.);
#80650=ORIENTED_EDGE('',*,*,#80640,.F.);
#80660=ORIENTED_EDGE('',*,*,#15890,.F.);
#80670=EDGE_LOOP('',(#80660,#80650,#80590,#80510,#80430));
#80680=FACE_OUTER_BOUND('',#80670,.T.);
#80690=ADVANCED_FACE('',(#80680),#80420,.F.);
#80700=CARTESIAN_POINT('',(-7.073077,34.355602,-43.2775));
#80710=DIRECTION('',(-0.707106781186547,-0.,-0.707106781186548));
#80720=DIRECTION('',(0.707106781186548,0.,-0.707106781186547));
#80730=AXIS2_PLACEMENT_3D('',#80700,#80710,#80720);
#80740=PLANE('',#80730);
#80750=ORIENTED_EDGE('',*,*,#79690,.T.);
#80760=ORIENTED_EDGE('',*,*,#46630,.F.);
#80770=ORIENTED_EDGE('',*,*,#36100,.T.);
#80780=ORIENTED_EDGE('',*,*,#79200,.F.);
#80790=ORIENTED_EDGE('',*,*,#16230,.F.);
#80800=EDGE_LOOP('',(#80790,#80780,#80770,#80760,#80750));
#80810=FACE_OUTER_BOUND('',#80800,.T.);
#80820=ADVANCED_FACE('',(#80810),#80740,.F.);
#80830=CARTESIAN_POINT('',(-4.523077,36.180602,-44.0025));
#80840=DIRECTION('',(0.,0.0623782861551805,-0.998052578482889));
#80850=DIRECTION('',(-2.77015238104552E-16,-0.998052578482889,
-0.0623782861551805));
#80860=AXIS2_PLACEMENT_3D('',#80830,#80840,#80850);
#80870=PLANE('',#80860);
#80880=CARTESIAN_POINT('',(-12.654327,15.430602,-45.299375));
#80890=DIRECTION('',(-0.350523742702191,-0.934729980539178,
-0.0584206237836986));
#80900=VECTOR('',#80890,1.);
#80910=LINE('',#80880,#80900);
#80920=CARTESIAN_POINT('',(-4.723077,36.580602,-43.9775));
#80930=VERTEX_POINT('',#80920);
#80940=EDGE_CURVE('',#80930,#80490,#80910,.T.);
#80950=ORIENTED_EDGE('',*,*,#80940,.F.);
#80960=ORIENTED_EDGE('',*,*,#80500,.T.);
#80970=ORIENTED_EDGE('',*,*,#80260,.T.);
#80980=ORIENTED_EDGE('',*,*,#80020,.F.);
#80990=CARTESIAN_POINT('',(3.608173,15.430602,-45.299375));
#81000=DIRECTION('',(0.350523742702191,-0.934729980539178,
-0.0584206237836986));
#81010=VECTOR('',#81000,1.);
#81020=LINE('',#80990,#81010);
#81030=CARTESIAN_POINT('',(-4.323077,36.580602,-43.9775));
#81040=VERTEX_POINT('',#81030);
#81050=EDGE_CURVE('',#81040,#79930,#81020,.T.);
#81060=ORIENTED_EDGE('',*,*,#81050,.T.);
#81070=CARTESIAN_POINT('',(-4.523077,36.580602,-43.9775));
#81080=DIRECTION('',(-1.,0.,0.));
#81090=VECTOR('',#81080,1.);
#81100=LINE('',#81070,#81090);
#81110=EDGE_CURVE('',#81040,#80930,#81100,.T.);
#81120=ORIENTED_EDGE('',*,*,#81110,.F.);
#81130=EDGE_LOOP('',(#81120,#81060,#80980,#80970,#80960,#80950));
#81140=FACE_OUTER_BOUND('',#81130,.T.);
#81150=ADVANCED_FACE('',(#81140),#80870,.T.);
#81160=CARTESIAN_POINT('',(-4.173077,36.180602,-43.8525));
#81170=DIRECTION('',(0.936329177569045,0.351123441588391,0.));
#81180=DIRECTION('',(0.351123441588391,-0.936329177569045,0.));
#81190=AXIS2_PLACEMENT_3D('',#81160,#81170,#81180);
#81200=PLANE('',#81190);
#81210=ORIENTED_EDGE('',*,*,#81050,.F.);
#81220=ORIENTED_EDGE('',*,*,#79940,.F.);
#81230=CARTESIAN_POINT('',(-4.02307699999999,35.780602,-43.4275));
#81240=DIRECTION('',(0.,0.,-1.));
#81250=VECTOR('',#81240,1.);
#81260=LINE('',#81230,#81250);
#81270=CARTESIAN_POINT('',(-4.02307699999999,35.780602,-43.3275));
#81280=VERTEX_POINT('',#81270);
#81290=EDGE_CURVE('',#81280,#79850,#81260,.T.);
#81300=ORIENTED_EDGE('',*,*,#81290,.T.);
#81310=CARTESIAN_POINT('',(3.60817299999999,15.430602,-50.95875));
#81320=DIRECTION('',(0.331294578224539,-0.883452208598773,
-0.331294578224539));
#81330=VECTOR('',#81320,1.);
#81340=LINE('',#81310,#81330);
#81350=CARTESIAN_POINT('',(-4.10879128571428,36.0091734285714,
-43.2417857142857));
#81360=VERTEX_POINT('',#81350);
#81370=EDGE_CURVE('',#81360,#81280,#81340,.T.);
#81380=ORIENTED_EDGE('',*,*,#81370,.T.);
#81390=CARTESIAN_POINT('',(3.608173,15.430602,-41.955625));
#81400=DIRECTION('',(-0.350523742702191,0.934729980539178,
-0.0584206237836986));
#81410=VECTOR('',#81400,1.);
#81420=LINE('',#81390,#81410);
#81430=CARTESIAN_POINT('',(-4.32307699999999,36.580602,-43.2775));
#81440=VERTEX_POINT('',#81430);
#81450=EDGE_CURVE('',#81360,#81440,#81420,.T.);
#81460=ORIENTED_EDGE('',*,*,#81450,.F.);
#81470=CARTESIAN_POINT('',(-4.323077,36.580602,-43.8525));
#81480=DIRECTION('',(0.,0.,-1.));
#81490=VECTOR('',#81480,1.);
#81500=LINE('',#81470,#81490);
#81510=EDGE_CURVE('',#81440,#81040,#81500,.T.);
#81520=ORIENTED_EDGE('',*,*,#81510,.F.);
#81530=EDGE_LOOP('',(#81520,#81460,#81380,#81300,#81220,#81210));
#81540=FACE_OUTER_BOUND('',#81530,.T.);
#81550=ADVANCED_FACE('',(#81540),#81200,.T.);
#81560=CARTESIAN_POINT('',(-8.023077,32.580602,-42.5025));
#81570=DIRECTION('',(-1.,0.,0.));
#81580=DIRECTION('',(0.,0.,1.));
#81590=AXIS2_PLACEMENT_3D('',#81560,#81570,#81580);
#81600=PLANE('',#81590);
#81610=CARTESIAN_POINT('',(-8.023077,34.355602,-43.9275));
#81620=DIRECTION('',(0.,-1.,0.));
#81630=VECTOR('',#81620,1.);
#81640=LINE('',#81610,#81630);
#81650=CARTESIAN_POINT('',(-8.023077,35.780602,-43.9275));
#81660=VERTEX_POINT('',#81650);
#81670=EDGE_CURVE('',#81660,#16540,#81640,.T.);
#81680=ORIENTED_EDGE('',*,*,#81670,.T.);
#81690=CARTESIAN_POINT('',(-8.023077,35.780602,-43.4275));
#81700=DIRECTION('',(0.,0.,1.));
#81710=VECTOR('',#81700,1.);
#81720=LINE('',#81690,#81710);
#81730=CARTESIAN_POINT('',(-8.023077,35.780602,-43.3275));
#81740=VERTEX_POINT('',#81730);
#81750=EDGE_CURVE('',#81660,#81740,#81720,.T.);
#81760=ORIENTED_EDGE('',*,*,#81750,.F.);
#81770=CARTESIAN_POINT('',(-8.023077,34.355602,-43.3275));
#81780=DIRECTION('',(0.,-1.,0.));
#81790=VECTOR('',#81780,1.);
#81800=LINE('',#81770,#81790);
#81810=EDGE_CURVE('',#81740,#16040,#81800,.T.);
#81820=ORIENTED_EDGE('',*,*,#81810,.F.);
#81830=ORIENTED_EDGE('',*,*,#16610,.T.);
#81840=EDGE_LOOP('',(#81830,#81820,#81760,#81680));
#81850=FACE_OUTER_BOUND('',#81840,.T.);
#81860=ADVANCED_FACE('',(#81850),#81600,.T.);
#81870=CARTESIAN_POINT('',(-4.023077,32.580602,-44.7525));
#81880=DIRECTION('',(1.,-0.,0.));
#81890=DIRECTION('',(0.,0.,-1.));
#81900=AXIS2_PLACEMENT_3D('',#81870,#81880,#81890);
#81910=PLANE('',#81900);
#81920=CARTESIAN_POINT('',(-4.02307699999999,34.355602,-43.3275));
#81930=DIRECTION('',(0.,-1.,0.));
#81940=VECTOR('',#81930,1.);
#81950=LINE('',#81920,#81940);
#81960=EDGE_CURVE('',#81280,#15560,#81950,.T.);
#81970=ORIENTED_EDGE('',*,*,#81960,.T.);
#81980=ORIENTED_EDGE('',*,*,#81290,.F.);
#81990=ORIENTED_EDGE('',*,*,#79860,.F.);
#82000=ORIENTED_EDGE('',*,*,#15650,.T.);
#82010=EDGE_LOOP('',(#82000,#81990,#81980,#81970));
#82020=FACE_OUTER_BOUND('',#82010,.T.);
#82030=ADVANCED_FACE('',(#82020),#81910,.T.);
#82040=CARTESIAN_POINT('',(-7.973077,34.355602,-43.2775));
#82050=DIRECTION('',(-0.707106781186549,0.,0.707106781186546));
#82060=DIRECTION('',(-0.707106781186546,0.,-0.707106781186549));
#82070=AXIS2_PLACEMENT_3D('',#82040,#82050,#82060);
#82080=PLANE('',#82070);
#82090=ORIENTED_EDGE('',*,*,#81810,.T.);
#82100=CARTESIAN_POINT('',(-15.654327,15.430602,-50.95875));
#82110=DIRECTION('',(-0.331294578224539,-0.883452208598772,
-0.331294578224541));
#82120=VECTOR('',#82110,1.);
#82130=LINE('',#82100,#82120);
#82140=EDGE_CURVE('',#46780,#81740,#82130,.T.);
#82150=ORIENTED_EDGE('',*,*,#82140,.T.);
#82160=ORIENTED_EDGE('',*,*,#46790,.T.);
#82170=ORIENTED_EDGE('',*,*,#79620,.F.);
#82180=ORIENTED_EDGE('',*,*,#16070,.T.);
#82190=EDGE_LOOP('',(#82180,#82170,#82160,#82150,#82090));
#82200=FACE_OUTER_BOUND('',#82190,.T.);
#82210=ADVANCED_FACE('',(#82200),#82080,.T.);
#82220=CARTESIAN_POINT('',(-7.973077,34.355602,-43.9775));
#82230=DIRECTION('',(0.707106781186548,0.,0.707106781186548));
#82240=DIRECTION('',(-0.707106781186547,0.,0.707106781186547));
#82250=AXIS2_PLACEMENT_3D('',#82220,#82230,#82240);
#82260=PLANE('',#82250);
#82270=CARTESIAN_POINT('',(-7.923077,34.355602,-44.0275));
#82280=DIRECTION('',(0.,-1.,0.));
#82290=VECTOR('',#82280,1.);
#82300=LINE('',#82270,#82290);
#82310=CARTESIAN_POINT('',(-7.923077,35.780602,-44.0275));
#82320=VERTEX_POINT('',#82310);
#82330=EDGE_CURVE('',#82320,#16460,#82300,.T.);
#82340=ORIENTED_EDGE('',*,*,#82330,.T.);
#82350=CARTESIAN_POINT('',(-6.651202,15.430602,-45.299375));
#82360=DIRECTION('',(-0.062257280636469,0.996116490183505,
0.062257280636469));
#82370=VECTOR('',#82360,1.);
#82380=LINE('',#82350,#82370);
#82390=CARTESIAN_POINT('',(-7.93736271428572,36.0091734285714,
-44.0132142857143));
#82400=VERTEX_POINT('',#82390);
#82410=EDGE_CURVE('',#82320,#82400,#82380,.T.);
#82420=ORIENTED_EDGE('',*,*,#82410,.F.);
#82430=CARTESIAN_POINT('',(-15.654327,15.430602,-36.29625));
#82440=DIRECTION('',(-0.331294578224539,-0.883452208598773,
0.331294578224539));
#82450=VECTOR('',#82440,1.);
#82460=LINE('',#82430,#82450);
#82470=EDGE_CURVE('',#82400,#81660,#82460,.T.);
#82480=ORIENTED_EDGE('',*,*,#82470,.F.);
#82490=ORIENTED_EDGE('',*,*,#81670,.F.);
#82500=ORIENTED_EDGE('',*,*,#16550,.F.);
#82510=EDGE_LOOP('',(#82500,#82490,#82480,#82420,#82340));
#82520=FACE_OUTER_BOUND('',#82510,.T.);
#82530=ADVANCED_FACE('',(#82520),#82260,.F.);
#82540=CARTESIAN_POINT('',(-6.023077,36.580602,-44.58));
#82550=DIRECTION('',(0.,1.,-0.));
#82560=DIRECTION('',(-1.,0.,0.));
#82570=AXIS2_PLACEMENT_3D('',#82540,#82550,#82560);
#82580=PLANE('',#82570);
#82590=ORIENTED_EDGE('',*,*,#36260,.F.);
#82600=ORIENTED_EDGE('',*,*,#46930,.T.);
#82610=CARTESIAN_POINT('',(-7.723077,36.580602,-43.4025));
#82620=DIRECTION('',(0.,0.,1.));
#82630=VECTOR('',#82620,1.);
#82640=LINE('',#82610,#82630);
#82650=CARTESIAN_POINT('',(-7.72307700000001,36.580602,-43.9775));
#82660=VERTEX_POINT('',#82650);
#82670=EDGE_CURVE('',#82660,#46860,#82640,.T.);
#82680=ORIENTED_EDGE('',*,*,#82670,.T.);
#82690=CARTESIAN_POINT('',(-7.523077,36.580602,-43.9775));
#82700=DIRECTION('',(-1.,0.,0.));
#82710=VECTOR('',#82700,1.);
#82720=LINE('',#82690,#82710);
#82730=EDGE_CURVE('',#36250,#82660,#82720,.T.);
#82740=ORIENTED_EDGE('',*,*,#82730,.T.);
#82750=EDGE_LOOP('',(#82740,#82680,#82600,#82590));
#82760=FACE_OUTER_BOUND('',#82750,.T.);
#82770=ADVANCED_FACE('',(#82760),#82580,.T.);
#82780=CARTESIAN_POINT('',(-7.873077,36.180602,-43.4025));
#82790=DIRECTION('',(-0.936329177569045,0.351123441588391,0.));
#82800=DIRECTION('',(-0.351123441588391,-0.936329177569045,0.));
#82810=AXIS2_PLACEMENT_3D('',#82780,#82790,#82800);
#82820=PLANE('',#82810);
#82830=ORIENTED_EDGE('',*,*,#46870,.F.);
#82840=ORIENTED_EDGE('',*,*,#82140,.F.);
#82850=ORIENTED_EDGE('',*,*,#81750,.T.);
#82860=ORIENTED_EDGE('',*,*,#82470,.T.);
#82870=CARTESIAN_POINT('',(-15.654327,15.430602,-45.299375));
#82880=DIRECTION('',(0.350523742702191,0.934729980539178,
0.0584206237836986));
#82890=VECTOR('',#82880,1.);
#82900=LINE('',#82870,#82890);
#82910=EDGE_CURVE('',#82400,#82660,#82900,.T.);
#82920=ORIENTED_EDGE('',*,*,#82910,.F.);
#82930=ORIENTED_EDGE('',*,*,#82670,.F.);
#82940=EDGE_LOOP('',(#82930,#82920,#82860,#82850,#82840,#82830));
#82950=FACE_OUTER_BOUND('',#82940,.T.);
#82960=ADVANCED_FACE('',(#82950),#82820,.T.);
#82970=CARTESIAN_POINT('',(-4.023077,32.580602,-40.9425));
#82980=DIRECTION('',(1.,-0.,0.));
#82990=DIRECTION('',(0.,0.,-1.));
#83000=AXIS2_PLACEMENT_3D('',#82970,#82980,#82990);
#83010=PLANE('',#83000);
#83020=CARTESIAN_POINT('',(-4.02307699999999,34.355602,-39.5175));
#83030=DIRECTION('',(0.,-1.,0.));
#83040=VECTOR('',#83030,1.);
#83050=LINE('',#83020,#83040);
#83060=CARTESIAN_POINT('',(-4.02307699999999,35.780602,-39.5175));
#83070=VERTEX_POINT('',#83060);
#83080=EDGE_CURVE('',#83070,#17360,#83050,.T.);
#83090=ORIENTED_EDGE('',*,*,#83080,.T.);
#83100=CARTESIAN_POINT('',(-4.02307699999999,35.780602,-39.6175));
#83110=DIRECTION('',(0.,0.,-1.));
#83120=VECTOR('',#83110,1.);
#83130=LINE('',#83100,#83120);
#83140=CARTESIAN_POINT('',(-4.023077,35.780602,-40.1175));
#83150=VERTEX_POINT('',#83140);
#83160=EDGE_CURVE('',#83070,#83150,#83130,.T.);
#83170=ORIENTED_EDGE('',*,*,#83160,.F.);
#83180=CARTESIAN_POINT('',(-4.023077,34.355602,-40.1175));
#83190=DIRECTION('',(0.,-1.,0.));
#83200=VECTOR('',#83190,1.);
#83210=LINE('',#83180,#83200);
#83220=EDGE_CURVE('',#83150,#17460,#83210,.T.);
#83230=ORIENTED_EDGE('',*,*,#83220,.F.);
#83240=ORIENTED_EDGE('',*,*,#17470,.T.);
#83250=EDGE_LOOP('',(#83240,#83230,#83170,#83090));
#83260=FACE_OUTER_BOUND('',#83250,.T.);
#83270=ADVANCED_FACE('',(#83260),#83010,.T.);
#83280=CARTESIAN_POINT('',(-7.073077,34.355602,-43.9775));
#83290=DIRECTION('',(-0.707106781186548,0.,0.707106781186548));
#83300=DIRECTION('',(0.707106781186547,0.,0.707106781186547));
#83310=AXIS2_PLACEMENT_3D('',#83280,#83290,#83300);
#83320=PLANE('',#83310);
#83330=ORIENTED_EDGE('',*,*,#16390,.F.);
#83340=ORIENTED_EDGE('',*,*,#79270,.F.);
#83350=ORIENTED_EDGE('',*,*,#36420,.F.);
#83360=CARTESIAN_POINT('',(-8.394952,15.430602,-45.299375));
#83370=DIRECTION('',(-0.062257280636469,-0.996116490183505,
-0.062257280636469));
#83380=VECTOR('',#83370,1.);
#83390=LINE('',#83360,#83380);
#83400=CARTESIAN_POINT('',(-7.123077,35.780602,-44.0275));
#83410=VERTEX_POINT('',#83400);
#83420=EDGE_CURVE('',#36330,#83410,#83390,.T.);
#83430=ORIENTED_EDGE('',*,*,#83420,.F.);
#83440=CARTESIAN_POINT('',(-7.123077,34.355602,-44.0275));
#83450=DIRECTION('',(0.,1.,0.));
#83460=VECTOR('',#83450,1.);
#83470=LINE('',#83440,#83460);
#83480=EDGE_CURVE('',#16380,#83410,#83470,.T.);
#83490=ORIENTED_EDGE('',*,*,#83480,.T.);
#83500=EDGE_LOOP('',(#83490,#83430,#83350,#83340,#83330));
#83510=FACE_OUTER_BOUND('',#83500,.T.);
#83520=ADVANCED_FACE('',(#83510),#83320,.F.);
#83530=CARTESIAN_POINT('',(-9.573077,18.280602,-44.0275));
#83540=DIRECTION('',(0.,0.,-1.));
#83550=DIRECTION('',(1.,1.22464679914735E-16,0.));
#83560=AXIS2_PLACEMENT_3D('',#83530,#83540,#83550);
#83570=PLANE('',#83560);
#83580=CARTESIAN_POINT('',(-7.523077,35.780602,-44.0275));
#83590=DIRECTION('',(-1.,0.,0.));
#83600=VECTOR('',#83590,1.);
#83610=LINE('',#83580,#83600);
#83620=EDGE_CURVE('',#83410,#82320,#83610,.T.);
#83630=ORIENTED_EDGE('',*,*,#83620,.F.);
#83640=ORIENTED_EDGE('',*,*,#82330,.F.);
#83650=ORIENTED_EDGE('',*,*,#16470,.T.);
#83660=ORIENTED_EDGE('',*,*,#83480,.F.);
#83670=EDGE_LOOP('',(#83660,#83650,#83640,#83630));
#83680=FACE_OUTER_BOUND('',#83670,.T.);
#83690=ADVANCED_FACE('',(#83680),#83570,.T.);
#83700=CARTESIAN_POINT('',(-7.523077,36.180602,-44.0025));
#83710=DIRECTION('',(0.,0.0623782861551805,-0.998052578482889));
#83720=DIRECTION('',(0.,-0.998052578482889,-0.0623782861551805));
#83730=AXIS2_PLACEMENT_3D('',#83700,#83710,#83720);
#83740=PLANE('',#83730);
#83750=ORIENTED_EDGE('',*,*,#82910,.T.);
#83760=ORIENTED_EDGE('',*,*,#82410,.T.);
#83770=ORIENTED_EDGE('',*,*,#83620,.T.);
#83780=ORIENTED_EDGE('',*,*,#83420,.T.);
#83790=ORIENTED_EDGE('',*,*,#36340,.F.);
#83800=ORIENTED_EDGE('',*,*,#82730,.F.);
#83810=EDGE_LOOP('',(#83800,#83790,#83780,#83770,#83760,#83750));
#83820=FACE_OUTER_BOUND('',#83810,.T.);
#83830=ADVANCED_FACE('',(#83820),#83740,.T.);
#83840=CARTESIAN_POINT('',(-4.973077,34.355602,-43.2775));
#83850=DIRECTION('',(0.707106781186548,0.,-0.707106781186548));
#83860=DIRECTION('',(-0.707106781186547,0.,-0.707106781186547));
#83870=AXIS2_PLACEMENT_3D('',#83840,#83850,#83860);
#83880=PLANE('',#83870);
#83890=ORIENTED_EDGE('',*,*,#15410,.F.);
#83900=CARTESIAN_POINT('',(-5.023077,34.355602,-43.3275));
#83910=DIRECTION('',(0.,1.,0.));
#83920=VECTOR('',#83910,1.);
#83930=LINE('',#83900,#83920);
#83940=CARTESIAN_POINT('',(-5.023077,35.780602,-43.3275));
#83950=VERTEX_POINT('',#83940);
#83960=EDGE_CURVE('',#15400,#83950,#83930,.T.);
#83970=ORIENTED_EDGE('',*,*,#83960,.F.);
#83980=CARTESIAN_POINT('',(-12.654327,15.430602,-50.95875));
#83990=DIRECTION('',(0.331294578224539,0.883452208598772,
0.331294578224539));
#84000=VECTOR('',#83990,1.);
#84010=LINE('',#83980,#84000);
#84020=CARTESIAN_POINT('',(-4.93736271428571,36.0091734285714,
-43.2417857142857));
#84030=VERTEX_POINT('',#84020);
#84040=EDGE_CURVE('',#83950,#84030,#84010,.T.);
#84050=ORIENTED_EDGE('',*,*,#84040,.F.);
#84060=CARTESIAN_POINT('',(-3.651202,15.430602,-41.955625));
#84070=DIRECTION('',(0.062257280636469,-0.996116490183505,
0.062257280636469));
#84080=VECTOR('',#84070,1.);
#84090=LINE('',#84060,#84080);
#84100=CARTESIAN_POINT('',(-4.923077,35.780602,-43.2275));
#84110=VERTEX_POINT('',#84100);
#84120=EDGE_CURVE('',#84030,#84110,#84090,.T.);
#84130=ORIENTED_EDGE('',*,*,#84120,.F.);
#84140=CARTESIAN_POINT('',(-4.923077,34.355602,-43.2275));
#84150=DIRECTION('',(0.,1.,0.));
#84160=VECTOR('',#84150,1.);
#84170=LINE('',#84140,#84160);
#84180=EDGE_CURVE('',#15380,#84110,#84170,.T.);
#84190=ORIENTED_EDGE('',*,*,#84180,.T.);
#84200=EDGE_LOOP('',(#84190,#84130,#84050,#83970,#83890));
#84210=FACE_OUTER_BOUND('',#84200,.T.);
#84220=ADVANCED_FACE('',(#84210),#83880,.F.);
#84230=CARTESIAN_POINT('',(-5.023077,34.205602,-44.58));
#84240=DIRECTION('',(1.,0.,-0.));
#84250=DIRECTION('',(0.,0.,1.));
#84260=AXIS2_PLACEMENT_3D('',#84230,#84240,#84250);
#84270=PLANE('',#84260);
#84280=ORIENTED_EDGE('',*,*,#80640,.T.);
#84290=CARTESIAN_POINT('',(-5.023077,35.780602,-43.4025));
#84300=DIRECTION('',(0.,0.,-1.));
#84310=VECTOR('',#84300,1.);
#84320=LINE('',#84290,#84310);
#84330=EDGE_CURVE('',#83950,#80570,#84320,.T.);
#84340=ORIENTED_EDGE('',*,*,#84330,.T.);
#84350=ORIENTED_EDGE('',*,*,#83960,.T.);
#84360=ORIENTED_EDGE('',*,*,#15950,.F.);
#84370=EDGE_LOOP('',(#84360,#84350,#84340,#84280));
#84380=FACE_OUTER_BOUND('',#84370,.T.);
#84390=ADVANCED_FACE('',(#84380),#84270,.F.);
#84400=CARTESIAN_POINT('',(-4.873077,36.180602,-43.4025));
#84410=DIRECTION('',(-0.936329177569045,0.351123441588391,0.));
#84420=DIRECTION('',(-0.351123441588391,-0.936329177569045,0.));
#84430=AXIS2_PLACEMENT_3D('',#84400,#84410,#84420);
#84440=PLANE('',#84430);
#84450=ORIENTED_EDGE('',*,*,#80580,.F.);
#84460=ORIENTED_EDGE('',*,*,#80940,.T.);
#84470=CARTESIAN_POINT('',(-4.723077,36.580602,-43.8525));
#84480=DIRECTION('',(0.,0.,-1.));
#84490=VECTOR('',#84480,1.);
#84500=LINE('',#84470,#84490);
#84510=CARTESIAN_POINT('',(-4.723077,36.580602,-43.2775));
#84520=VERTEX_POINT('',#84510);
#84530=EDGE_CURVE('',#84520,#80930,#84500,.T.);
#84540=ORIENTED_EDGE('',*,*,#84530,.T.);
#84550=CARTESIAN_POINT('',(-12.654327,15.430602,-41.955625));
#84560=DIRECTION('',(0.350523742702191,0.934729980539178,
-0.0584206237836986));
#84570=VECTOR('',#84560,1.);
#84580=LINE('',#84550,#84570);
#84590=EDGE_CURVE('',#84030,#84520,#84580,.T.);
#84600=ORIENTED_EDGE('',*,*,#84590,.T.);
#84610=ORIENTED_EDGE('',*,*,#84040,.T.);
#84620=ORIENTED_EDGE('',*,*,#84330,.F.);
#84630=EDGE_LOOP('',(#84620,#84610,#84600,#84540,#84460,#84450));
#84640=FACE_OUTER_BOUND('',#84630,.T.);
#84650=ADVANCED_FACE('',(#84640),#84440,.T.);
#84660=CARTESIAN_POINT('',(-2.473077,18.280602,-43.2275));
#84670=DIRECTION('',(0.,0.,1.));
#84680=DIRECTION('',(-1.,1.22464679914735E-16,0.));
#84690=AXIS2_PLACEMENT_3D('',#84660,#84670,#84680);
#84700=PLANE('',#84690);
#84710=CARTESIAN_POINT('',(-4.523077,35.780602,-43.2275));
#84720=DIRECTION('',(1.,0.,0.));
#84730=VECTOR('',#84720,1.);
#84740=LINE('',#84710,#84730);
#84750=CARTESIAN_POINT('',(-4.12307699999999,35.780602,-43.2275));
#84760=VERTEX_POINT('',#84750);
#84770=EDGE_CURVE('',#84110,#84760,#84740,.T.);
#84780=ORIENTED_EDGE('',*,*,#84770,.F.);
#84790=CARTESIAN_POINT('',(-4.12307699999999,34.355602,-43.2275));
#84800=DIRECTION('',(0.,-1.,0.));
#84810=VECTOR('',#84800,1.);
#84820=LINE('',#84790,#84810);
#84830=EDGE_CURVE('',#84760,#15480,#84820,.T.);
#84840=ORIENTED_EDGE('',*,*,#84830,.F.);
#84850=ORIENTED_EDGE('',*,*,#15490,.T.);
#84860=ORIENTED_EDGE('',*,*,#84180,.F.);
#84870=EDGE_LOOP('',(#84860,#84850,#84840,#84780));
#84880=FACE_OUTER_BOUND('',#84870,.T.);
#84890=ADVANCED_FACE('',(#84880),#84700,.T.);
#84900=CARTESIAN_POINT('',(-4.523077,36.180602,-43.2525));
#84910=DIRECTION('',(-0.,0.0623782861551805,0.998052578482889));
#84920=DIRECTION('',(0.,-0.998052578482889,0.0623782861551805));
#84930=AXIS2_PLACEMENT_3D('',#84900,#84910,#84920);
#84940=PLANE('',#84930);
#84950=ORIENTED_EDGE('',*,*,#81450,.T.);
#84960=CARTESIAN_POINT('',(-5.39495199999999,15.430602,-41.955625));
#84970=DIRECTION('',(0.062257280636469,0.996116490183505,
-0.062257280636469));
#84980=VECTOR('',#84970,1.);
#84990=LINE('',#84960,#84980);
#85000=EDGE_CURVE('',#84760,#81360,#84990,.T.);
#85010=ORIENTED_EDGE('',*,*,#85000,.T.);
#85020=ORIENTED_EDGE('',*,*,#84770,.T.);
#85030=ORIENTED_EDGE('',*,*,#84120,.T.);
#85040=ORIENTED_EDGE('',*,*,#84590,.F.);
#85050=CARTESIAN_POINT('',(-4.523077,36.580602,-43.2775));
#85060=DIRECTION('',(1.,0.,0.));
#85070=VECTOR('',#85060,1.);
#85080=LINE('',#85050,#85070);
#85090=EDGE_CURVE('',#84520,#81440,#85080,.T.);
#85100=ORIENTED_EDGE('',*,*,#85090,.F.);
#85110=EDGE_LOOP('',(#85100,#85040,#85030,#85020,#85010,#84950));
#85120=FACE_OUTER_BOUND('',#85110,.T.);
#85130=ADVANCED_FACE('',(#85120),#84940,.T.);
#85140=CARTESIAN_POINT('',(-6.023077,36.580602,-42.675));
#85150=DIRECTION('',(-0.,1.,0.));
#85160=DIRECTION('',(1.,0.,0.));
#85170=AXIS2_PLACEMENT_3D('',#85140,#85150,#85160);
#85180=PLANE('',#85170);
#85190=ORIENTED_EDGE('',*,*,#84530,.F.);
#85200=ORIENTED_EDGE('',*,*,#81110,.T.);
#85210=ORIENTED_EDGE('',*,*,#81510,.T.);
#85220=ORIENTED_EDGE('',*,*,#85090,.T.);
#85230=EDGE_LOOP('',(#85220,#85210,#85200,#85190));
#85240=FACE_OUTER_BOUND('',#85230,.T.);
#85250=ADVANCED_FACE('',(#85240),#85180,.T.);
#85260=CARTESIAN_POINT('',(-4.07307699999999,34.355602,-43.2775));
#85270=DIRECTION('',(-0.707106781186548,-0.,-0.707106781186548));
#85280=DIRECTION('',(0.707106781186547,0.,-0.707106781186547));
#85290=AXIS2_PLACEMENT_3D('',#85260,#85270,#85280);
#85300=PLANE('',#85290);
#85310=ORIENTED_EDGE('',*,*,#84830,.T.);
#85320=ORIENTED_EDGE('',*,*,#85000,.F.);
#85330=ORIENTED_EDGE('',*,*,#81370,.F.);
#85340=ORIENTED_EDGE('',*,*,#81960,.F.);
#85350=ORIENTED_EDGE('',*,*,#15570,.F.);
#85360=EDGE_LOOP('',(#85350,#85340,#85330,#85320,#85310));
#85370=FACE_OUTER_BOUND('',#85360,.T.);
#85380=ADVANCED_FACE('',(#85370),#85300,.F.);
#85390=ORIENTED_EDGE('',*,*,#38430,.F.);
#85400=ORIENTED_EDGE('',*,*,#20280,.F.);
#85410=ORIENTED_EDGE('',*,*,#8220,.F.);
#85420=ORIENTED_EDGE('',*,*,#5910,.T.);
#85430=ORIENTED_EDGE('',*,*,#21260,.T.);
#85440=ORIENTED_EDGE('',*,*,#6530,.T.);
#85450=ORIENTED_EDGE('',*,*,#25010,.T.);
#85460=ORIENTED_EDGE('',*,*,#6790,.F.);
#85470=ORIENTED_EDGE('',*,*,#39100,.T.);
#85480=ORIENTED_EDGE('',*,*,#21510,.T.);
#85490=ORIENTED_EDGE('',*,*,#5590,.T.);
#85500=ORIENTED_EDGE('',*,*,#26840,.T.);
#85510=EDGE_LOOP('',(#85500,#85490,#85480,#85470,#85460,#85450,#85440,
#85430,#85420,#85410,#85400,#85390));
#85520=FACE_OUTER_BOUND('',#85510,.T.);
#85530=ADVANCED_FACE('',(#85520),#79370,.T.);
#85540=CARTESIAN_POINT('',(-4.07307699999999,34.355602,-39.4675));
#85550=DIRECTION('',(-0.707106781186548,-0.,-0.707106781186548));
#85560=DIRECTION('',(0.707106781186547,0.,-0.707106781186547));
#85570=AXIS2_PLACEMENT_3D('',#85540,#85550,#85560);
#85580=PLANE('',#85570);
#85590=CARTESIAN_POINT('',(-4.12307699999999,34.355602,-39.4175));
#85600=DIRECTION('',(0.,-1.,0.));
#85610=VECTOR('',#85600,1.);
#85620=LINE('',#85590,#85610);
#85630=CARTESIAN_POINT('',(-4.12307699999999,35.780602,-39.4175));
#85640=VERTEX_POINT('',#85630);
#85650=EDGE_CURVE('',#85640,#17380,#85620,.T.);
#85660=ORIENTED_EDGE('',*,*,#85650,.T.);
#85670=CARTESIAN_POINT('',(-5.39495199999999,15.430602,-38.145625));
#85680=DIRECTION('',(0.062257280636469,0.996116490183505,
-0.062257280636469));
#85690=VECTOR('',#85680,1.);
#85700=LINE('',#85670,#85690);
#85710=CARTESIAN_POINT('',(-4.10879128571428,36.0091734285714,
-39.4317857142857));
#85720=VERTEX_POINT('',#85710);
#85730=EDGE_CURVE('',#85640,#85720,#85700,.T.);
#85740=ORIENTED_EDGE('',*,*,#85730,.F.);
#85750=CARTESIAN_POINT('',(3.60817299999999,15.430602,-47.14875));
#85760=DIRECTION('',(0.331294578224539,-0.883452208598773,
-0.331294578224539));
#85770=VECTOR('',#85760,1.);
#85780=LINE('',#85750,#85770);
#85790=EDGE_CURVE('',#85720,#83070,#85780,.T.);
#85800=ORIENTED_EDGE('',*,*,#85790,.F.);
#85810=ORIENTED_EDGE('',*,*,#83080,.F.);
#85820=ORIENTED_EDGE('',*,*,#17390,.F.);
#85830=EDGE_LOOP('',(#85820,#85810,#85800,#85740,#85660));
#85840=FACE_OUTER_BOUND('',#85830,.T.);
#85850=ADVANCED_FACE('',(#85840),#85580,.F.);
#85860=CARTESIAN_POINT('',(-7.973077,34.355602,-40.1675));
#85870=DIRECTION('',(0.707106781186548,0.,0.707106781186548));
#85880=DIRECTION('',(-0.707106781186547,0.,0.707106781186547));
#85890=AXIS2_PLACEMENT_3D('',#85860,#85870,#85880);
#85900=PLANE('',#85890);
#85910=CARTESIAN_POINT('',(-7.923077,34.355602,-40.2175));
#85920=DIRECTION('',(0.,-1.,0.));
#85930=VECTOR('',#85920,1.);
#85940=LINE('',#85910,#85930);
#85950=CARTESIAN_POINT('',(-7.923077,35.780602,-40.2175));
#85960=VERTEX_POINT('',#85950);
#85970=EDGE_CURVE('',#85960,#17120,#85940,.T.);
#85980=ORIENTED_EDGE('',*,*,#85970,.T.);
#85990=CARTESIAN_POINT('',(-6.651202,15.430602,-41.489375));
#86000=DIRECTION('',(-0.062257280636469,0.996116490183505,
0.062257280636469));
#86010=VECTOR('',#86000,1.);
#86020=LINE('',#85990,#86010);
#86030=CARTESIAN_POINT('',(-7.93736271428572,36.0091734285714,
-40.2032142857143));
#86040=VERTEX_POINT('',#86030);
#86050=EDGE_CURVE('',#85960,#86040,#86020,.T.);
#86060=ORIENTED_EDGE('',*,*,#86050,.F.);
#86070=CARTESIAN_POINT('',(-15.654327,15.430602,-32.48625));
#86080=DIRECTION('',(-0.331294578224539,-0.883452208598773,
0.331294578224539));
#86090=VECTOR('',#86080,1.);
#86100=LINE('',#86070,#86090);
#86110=CARTESIAN_POINT('',(-8.023077,35.780602,-40.1175));
#86120=VERTEX_POINT('',#86110);
#86130=EDGE_CURVE('',#86040,#86120,#86100,.T.);
#86140=ORIENTED_EDGE('',*,*,#86130,.F.);
#86150=CARTESIAN_POINT('',(-8.023077,34.355602,-40.1175));
#86160=DIRECTION('',(0.,-1.,0.));
#86170=VECTOR('',#86160,1.);
#86180=LINE('',#86150,#86170);
#86190=EDGE_CURVE('',#86120,#17200,#86180,.T.);
#86200=ORIENTED_EDGE('',*,*,#86190,.F.);
#86210=ORIENTED_EDGE('',*,*,#17210,.F.);
#86220=EDGE_LOOP('',(#86210,#86200,#86140,#86060,#85980));
#86230=FACE_OUTER_BOUND('',#86220,.T.);
#86240=ADVANCED_FACE('',(#86230),#85900,.F.);
#86250=CARTESIAN_POINT('',(-6.023077,36.580602,-40.77));
#86260=DIRECTION('',(0.,1.,-0.));
#86270=DIRECTION('',(-1.,0.,0.));
#86280=AXIS2_PLACEMENT_3D('',#86250,#86260,#86270);
#86290=PLANE('',#86280);
#86300=CARTESIAN_POINT('',(-7.323077,36.580602,-39.5925));
#86310=DIRECTION('',(0.,0.,1.));
#86320=VECTOR('',#86310,1.);
#86330=LINE('',#86300,#86320);
#86340=CARTESIAN_POINT('',(-7.323077,36.580602,-40.1675));
#86350=VERTEX_POINT('',#86340);
#86360=CARTESIAN_POINT('',(-7.323077,36.580602,-39.4675));
#86370=VERTEX_POINT('',#86360);
#86380=EDGE_CURVE('',#86350,#86370,#86330,.T.);
#86390=ORIENTED_EDGE('',*,*,#86380,.F.);
#86400=CARTESIAN_POINT('',(-7.523077,36.580602,-39.4675));
#86410=DIRECTION('',(1.,0.,0.));
#86420=VECTOR('',#86410,1.);
#86430=LINE('',#86400,#86420);
#86440=CARTESIAN_POINT('',(-7.723077,36.580602,-39.4675));
#86450=VERTEX_POINT('',#86440);
#86460=EDGE_CURVE('',#86450,#86370,#86430,.T.);
#86470=ORIENTED_EDGE('',*,*,#86460,.T.);
#86480=CARTESIAN_POINT('',(-7.72307700000001,36.580602,-40.0425));
#86490=DIRECTION('',(0.,0.,1.));
#86500=VECTOR('',#86490,1.);
#86510=LINE('',#86480,#86500);
#86520=CARTESIAN_POINT('',(-7.72307700000001,36.580602,-40.1675));
#86530=VERTEX_POINT('',#86520);
#86540=EDGE_CURVE('',#86530,#86450,#86510,.T.);
#86550=ORIENTED_EDGE('',*,*,#86540,.T.);
#86560=CARTESIAN_POINT('',(-7.523077,36.580602,-40.1675));
#86570=DIRECTION('',(-1.,0.,0.));
#86580=VECTOR('',#86570,1.);
#86590=LINE('',#86560,#86580);
#86600=EDGE_CURVE('',#86350,#86530,#86590,.T.);
#86610=ORIENTED_EDGE('',*,*,#86600,.T.);
#86620=EDGE_LOOP('',(#86610,#86550,#86470,#86390));
#86630=FACE_OUTER_BOUND('',#86620,.T.);
#86640=ADVANCED_FACE('',(#86630),#86290,.T.);
#86650=CARTESIAN_POINT('',(-7.873077,36.180602,-40.0425));
#86660=DIRECTION('',(-0.936329177569045,0.351123441588391,0.));
#86670=DIRECTION('',(-0.351123441588391,-0.936329177569045,
1.29941776445686E-16));
#86680=AXIS2_PLACEMENT_3D('',#86650,#86660,#86670);
#86690=PLANE('',#86680);
#86700=CARTESIAN_POINT('',(-15.654327,15.430602,-38.145625));
#86710=DIRECTION('',(-0.350523742702191,-0.934729980539178,
0.0584206237836986));
#86720=VECTOR('',#86710,1.);
#86730=LINE('',#86700,#86720);
#86740=CARTESIAN_POINT('',(-7.93736271428571,36.0091734285714,
-39.4317857142857));
#86750=VERTEX_POINT('',#86740);
#86760=EDGE_CURVE('',#86450,#86750,#86730,.T.);
#86770=ORIENTED_EDGE('',*,*,#86760,.F.);
#86780=CARTESIAN_POINT('',(-15.654327,15.430602,-47.14875));
#86790=DIRECTION('',(-0.331294578224539,-0.883452208598772,
-0.331294578224541));
#86800=VECTOR('',#86790,1.);
#86810=LINE('',#86780,#86800);
#86820=CARTESIAN_POINT('',(-8.023077,35.780602,-39.5175));
#86830=VERTEX_POINT('',#86820);
#86840=EDGE_CURVE('',#86750,#86830,#86810,.T.);
#86850=ORIENTED_EDGE('',*,*,#86840,.F.);
#86860=CARTESIAN_POINT('',(-8.023077,35.780602,-39.6175));
#86870=DIRECTION('',(0.,0.,1.));
#86880=VECTOR('',#86870,1.);
#86890=LINE('',#86860,#86880);
#86900=EDGE_CURVE('',#86120,#86830,#86890,.T.);
#86910=ORIENTED_EDGE('',*,*,#86900,.T.);
#86920=ORIENTED_EDGE('',*,*,#86130,.T.);
#86930=CARTESIAN_POINT('',(-15.654327,15.430602,-41.489375));
#86940=DIRECTION('',(0.350523742702191,0.934729980539178,
0.0584206237836986));
#86950=VECTOR('',#86940,1.);
#86960=LINE('',#86930,#86950);
#86970=EDGE_CURVE('',#86040,#86530,#86960,.T.);
#86980=ORIENTED_EDGE('',*,*,#86970,.F.);
#86990=ORIENTED_EDGE('',*,*,#86540,.F.);
#87000=EDGE_LOOP('',(#86990,#86980,#86920,#86910,#86850,#86770));
#87010=FACE_OUTER_BOUND('',#87000,.T.);
#87020=ADVANCED_FACE('',(#87010),#86690,.T.);
#87030=ORIENTED_EDGE('',*,*,#5310,.T.);
#87040=ORIENTED_EDGE('',*,*,#19260,.T.);
#87050=ORIENTED_EDGE('',*,*,#19970,.T.);
#87060=ORIENTED_EDGE('',*,*,#37190,.T.);
#87070=ORIENTED_EDGE('',*,*,#2000,.T.);
#87080=ORIENTED_EDGE('',*,*,#18950,.T.);
#87090=ORIENTED_EDGE('',*,*,#22130,.F.);
#87100=ORIENTED_EDGE('',*,*,#34530,.T.);
#87110=ORIENTED_EDGE('',*,*,#23460,.T.);
#87120=ORIENTED_EDGE('',*,*,#33400,.T.);
#87130=ORIENTED_EDGE('',*,*,#38380,.F.);
#87140=ORIENTED_EDGE('',*,*,#35700,.T.);
#87150=EDGE_LOOP('',(#87140,#87130,#87120,#87110,#87100,#87090,#87080,
#87070,#87060,#87050,#87040,#87030));
#87160=FACE_OUTER_BOUND('',#87150,.T.);
#87170=ADVANCED_FACE('',(#87160),#79370,.T.);
#87180=CARTESIAN_POINT('',(-7.073077,34.355602,-40.1675));
#87190=DIRECTION('',(-0.707106781186548,0.,0.707106781186548));
#87200=DIRECTION('',(0.707106781186547,0.,0.707106781186547));
#87210=AXIS2_PLACEMENT_3D('',#87180,#87190,#87200);
#87220=PLANE('',#87210);
#87230=ORIENTED_EDGE('',*,*,#17050,.F.);
#87240=CARTESIAN_POINT('',(-7.023077,34.355602,-40.1175));
#87250=DIRECTION('',(0.,1.,0.));
#87260=VECTOR('',#87250,1.);
#87270=LINE('',#87240,#87260);
#87280=CARTESIAN_POINT('',(-7.023077,35.780602,-40.1175));
#87290=VERTEX_POINT('',#87280);
#87300=EDGE_CURVE('',#16960,#87290,#87270,.T.);
#87310=ORIENTED_EDGE('',*,*,#87300,.F.);
#87320=CARTESIAN_POINT('',(0.608172999999995,15.430602,-32.48625));
#87330=DIRECTION('',(-0.331294578224539,0.883452208598772,
-0.331294578224539));
#87340=VECTOR('',#87330,1.);
#87350=LINE('',#87320,#87340);
#87360=CARTESIAN_POINT('',(-7.10879128571429,36.0091734285714,
-40.2032142857143));
#87370=VERTEX_POINT('',#87360);
#87380=EDGE_CURVE('',#87290,#87370,#87350,.T.);
#87390=ORIENTED_EDGE('',*,*,#87380,.F.);
#87400=CARTESIAN_POINT('',(-8.394952,15.430602,-41.489375));
#87410=DIRECTION('',(-0.062257280636469,-0.996116490183505,
-0.062257280636469));
#87420=VECTOR('',#87410,1.);
#87430=LINE('',#87400,#87420);
#87440=CARTESIAN_POINT('',(-7.123077,35.780602,-40.2175));
#87450=VERTEX_POINT('',#87440);
#87460=EDGE_CURVE('',#87370,#87450,#87430,.T.);
#87470=ORIENTED_EDGE('',*,*,#87460,.F.);
#87480=CARTESIAN_POINT('',(-7.123077,34.355602,-40.2175));
#87490=DIRECTION('',(0.,1.,0.));
#87500=VECTOR('',#87490,1.);
#87510=LINE('',#87480,#87500);
#87520=EDGE_CURVE('',#17040,#87450,#87510,.T.);
#87530=ORIENTED_EDGE('',*,*,#87520,.T.);
#87540=EDGE_LOOP('',(#87530,#87470,#87390,#87310,#87230));
#87550=FACE_OUTER_BOUND('',#87540,.T.);
#87560=ADVANCED_FACE('',(#87550),#87220,.F.);
#87570=CARTESIAN_POINT('',(-9.573077,18.280602,-40.2175));
#87580=DIRECTION('',(0.,0.,-1.));
#87590=DIRECTION('',(1.,1.22464679914735E-16,0.));
#87600=AXIS2_PLACEMENT_3D('',#87570,#87580,#87590);
#87610=PLANE('',#87600);
#87620=CARTESIAN_POINT('',(-7.523077,35.780602,-40.2175));
#87630=DIRECTION('',(-1.,0.,0.));
#87640=VECTOR('',#87630,1.);
#87650=LINE('',#87620,#87640);
#87660=EDGE_CURVE('',#87450,#85960,#87650,.T.);
#87670=ORIENTED_EDGE('',*,*,#87660,.F.);
#87680=ORIENTED_EDGE('',*,*,#85970,.F.);
#87690=ORIENTED_EDGE('',*,*,#17130,.T.);
#87700=ORIENTED_EDGE('',*,*,#87520,.F.);
#87710=EDGE_LOOP('',(#87700,#87690,#87680,#87670));
#87720=FACE_OUTER_BOUND('',#87710,.T.);
#87730=ADVANCED_FACE('',(#87720),#87610,.T.);
#87740=CARTESIAN_POINT('',(-7.523077,36.180602,-40.1925));
#87750=DIRECTION('',(0.,0.0623782861551805,-0.998052578482889));
#87760=DIRECTION('',(0.,-0.998052578482889,-0.0623782861551805));
#87770=AXIS2_PLACEMENT_3D('',#87740,#87750,#87760);
#87780=PLANE('',#87770);
#87790=ORIENTED_EDGE('',*,*,#86970,.T.);
#87800=ORIENTED_EDGE('',*,*,#86050,.T.);
#87810=ORIENTED_EDGE('',*,*,#87660,.T.);
#87820=ORIENTED_EDGE('',*,*,#87460,.T.);
#87830=CARTESIAN_POINT('',(0.608172999999989,15.430602,-41.489375));
#87840=DIRECTION('',(-0.350523742702191,0.934729980539178,
0.0584206237836986));
#87850=VECTOR('',#87840,1.);
#87860=LINE('',#87830,#87850);
#87870=EDGE_CURVE('',#87370,#86350,#87860,.T.);
#87880=ORIENTED_EDGE('',*,*,#87870,.F.);
#87890=ORIENTED_EDGE('',*,*,#86600,.F.);
#87900=EDGE_LOOP('',(#87890,#87880,#87820,#87810,#87800,#87790));
#87910=FACE_OUTER_BOUND('',#87900,.T.);
#87920=ADVANCED_FACE('',(#87910),#87780,.T.);
#87930=CARTESIAN_POINT('',(-7.173077,36.180602,-40.0425));
#87940=DIRECTION('',(0.936329177569045,0.351123441588391,0.));
#87950=DIRECTION('',(0.351123441588391,-0.936329177569045,0.));
#87960=AXIS2_PLACEMENT_3D('',#87930,#87940,#87950);
#87970=PLANE('',#87960);
#87980=CARTESIAN_POINT('',(0.608172999999993,15.430602,-47.14875));
#87990=DIRECTION('',(-0.331294578224539,0.883452208598773,
0.331294578224539));
#88000=VECTOR('',#87990,1.);
#88010=LINE('',#87980,#88000);
#88020=CARTESIAN_POINT('',(-7.023077,35.780602,-39.5175));
#88030=VERTEX_POINT('',#88020);
#88040=CARTESIAN_POINT('',(-7.10879128571429,36.0091734285714,
-39.4317857142857));
#88050=VERTEX_POINT('',#88040);
#88060=EDGE_CURVE('',#88030,#88050,#88010,.T.);
#88070=ORIENTED_EDGE('',*,*,#88060,.F.);
#88080=CARTESIAN_POINT('',(0.608172999999995,15.430602,-38.145625));
#88090=DIRECTION('',(0.350523742702191,-0.934729980539178,
0.0584206237836986));
#88100=VECTOR('',#88090,1.);
#88110=LINE('',#88080,#88100);
#88120=EDGE_CURVE('',#86370,#88050,#88110,.T.);
#88130=ORIENTED_EDGE('',*,*,#88120,.T.);
#88140=ORIENTED_EDGE('',*,*,#86380,.T.);
#88150=ORIENTED_EDGE('',*,*,#87870,.T.);
#88160=ORIENTED_EDGE('',*,*,#87380,.T.);
#88170=CARTESIAN_POINT('',(-7.023077,35.780602,-39.6175));
#88180=DIRECTION('',(0.,0.,-1.));
#88190=VECTOR('',#88180,1.);
#88200=LINE('',#88170,#88190);
#88210=EDGE_CURVE('',#88030,#87290,#88200,.T.);
#88220=ORIENTED_EDGE('',*,*,#88210,.T.);
#88230=EDGE_LOOP('',(#88220,#88160,#88150,#88140,#88130,#88070));
#88240=FACE_OUTER_BOUND('',#88230,.T.);
#88250=ADVANCED_FACE('',(#88240),#87970,.T.);
#88260=CARTESIAN_POINT('',(-7.023077,34.205602,-38.865));
#88270=DIRECTION('',(-1.,-0.,-0.));
#88280=DIRECTION('',(0.,0.,-1.));
#88290=AXIS2_PLACEMENT_3D('',#88260,#88270,#88280);
#88300=PLANE('',#88290);
#88310=CARTESIAN_POINT('',(-7.023077,34.355602,-39.5175));
#88320=DIRECTION('',(0.,-1.,0.));
#88330=VECTOR('',#88320,1.);
#88340=LINE('',#88310,#88330);
#88350=EDGE_CURVE('',#88030,#16880,#88340,.T.);
#88360=ORIENTED_EDGE('',*,*,#88350,.T.);
#88370=ORIENTED_EDGE('',*,*,#88210,.F.);
#88380=ORIENTED_EDGE('',*,*,#87300,.T.);
#88390=ORIENTED_EDGE('',*,*,#16970,.F.);
#88400=EDGE_LOOP('',(#88390,#88380,#88370,#88360));
#88410=FACE_OUTER_BOUND('',#88400,.T.);
#88420=ADVANCED_FACE('',(#88410),#88300,.F.);
#88430=CARTESIAN_POINT('',(-4.973077,34.355602,-39.4675));
#88440=DIRECTION('',(0.707106781186548,0.,-0.707106781186548));
#88450=DIRECTION('',(-0.707106781186547,0.,-0.707106781186547));
#88460=AXIS2_PLACEMENT_3D('',#88430,#88440,#88450);
#88470=PLANE('',#88460);
#88480=ORIENTED_EDGE('',*,*,#17870,.F.);
#88490=ORIENTED_EDGE('',*,*,#76570,.F.);
#88500=CARTESIAN_POINT('',(-12.654327,15.430602,-47.14875));
#88510=DIRECTION('',(0.331294578224539,0.883452208598772,
0.331294578224539));
#88520=VECTOR('',#88510,1.);
#88530=LINE('',#88500,#88520);
#88540=CARTESIAN_POINT('',(-4.93736271428571,36.0091734285714,
-39.4317857142857));
#88550=VERTEX_POINT('',#88540);
#88560=EDGE_CURVE('',#76500,#88550,#88530,.T.);
#88570=ORIENTED_EDGE('',*,*,#88560,.F.);
#88580=CARTESIAN_POINT('',(-3.651202,15.430602,-38.145625));
#88590=DIRECTION('',(0.062257280636469,-0.996116490183505,
0.062257280636469));
#88600=VECTOR('',#88590,1.);
#88610=LINE('',#88580,#88600);
#88620=CARTESIAN_POINT('',(-4.923077,35.780602,-39.4175));
#88630=VERTEX_POINT('',#88620);
#88640=EDGE_CURVE('',#88550,#88630,#88610,.T.);
#88650=ORIENTED_EDGE('',*,*,#88640,.F.);
#88660=CARTESIAN_POINT('',(-4.923077,34.355602,-39.4175));
#88670=DIRECTION('',(0.,1.,0.));
#88680=VECTOR('',#88670,1.);
#88690=LINE('',#88660,#88680);
#88700=EDGE_CURVE('',#17860,#88630,#88690,.T.);
#88710=ORIENTED_EDGE('',*,*,#88700,.T.);
#88720=EDGE_LOOP('',(#88710,#88650,#88570,#88490,#88480));
#88730=FACE_OUTER_BOUND('',#88720,.T.);
#88740=ADVANCED_FACE('',(#88730),#88470,.F.);
#88750=CARTESIAN_POINT('',(-4.073077,34.355602,-40.1675));
#88760=DIRECTION('',(0.707106781186549,0.,-0.707106781186546));
#88770=DIRECTION('',(0.707106781186546,0.,0.707106781186549));
#88780=AXIS2_PLACEMENT_3D('',#88750,#88760,#88770);
#88790=PLANE('',#88780);
#88800=ORIENTED_EDGE('',*,*,#83220,.T.);
#88810=CARTESIAN_POINT('',(3.608173,15.430602,-32.48625));
#88820=DIRECTION('',(0.331294578224539,-0.883452208598772,
0.331294578224541));
#88830=VECTOR('',#88820,1.);
#88840=LINE('',#88810,#88830);
#88850=CARTESIAN_POINT('',(-4.10879128571428,36.0091734285714,
-40.2032142857143));
#88860=VERTEX_POINT('',#88850);
#88870=EDGE_CURVE('',#88860,#83150,#88840,.T.);
#88880=ORIENTED_EDGE('',*,*,#88870,.T.);
#88890=CARTESIAN_POINT('',(-5.39495199999999,15.430602,-41.489375));
#88900=DIRECTION('',(0.0622572806364688,0.996116490183505,
0.062257280636469));
#88910=VECTOR('',#88900,1.);
#88920=LINE('',#88890,#88910);
#88930=CARTESIAN_POINT('',(-4.123077,35.780602,-40.2175));
#88940=VERTEX_POINT('',#88930);
#88950=EDGE_CURVE('',#88940,#88860,#88920,.T.);
#88960=ORIENTED_EDGE('',*,*,#88950,.T.);
#88970=CARTESIAN_POINT('',(-4.123077,34.355602,-40.2175));
#88980=DIRECTION('',(0.,-1.,0.));
#88990=VECTOR('',#88980,1.);
#89000=LINE('',#88970,#88990);
#89010=EDGE_CURVE('',#88940,#17540,#89000,.T.);
#89020=ORIENTED_EDGE('',*,*,#89010,.F.);
#89030=ORIENTED_EDGE('',*,*,#17550,.T.);
#89040=EDGE_LOOP('',(#89030,#89020,#88960,#88880,#88800));
#89050=FACE_OUTER_BOUND('',#89040,.T.);
#89060=ADVANCED_FACE('',(#89050),#88790,.T.);
#89070=CARTESIAN_POINT('',(-9.573077,18.280602,-40.2175));
#89080=DIRECTION('',(0.,0.,-1.));
#89090=DIRECTION('',(1.,1.22464679914735E-16,0.));
#89100=AXIS2_PLACEMENT_3D('',#89070,#89080,#89090);
#89110=PLANE('',#89100);
#89120=ORIENTED_EDGE('',*,*,#89010,.T.);
#89130=CARTESIAN_POINT('',(-4.523077,35.780602,-40.2175));
#89140=DIRECTION('',(-1.,0.,0.));
#89150=VECTOR('',#89140,1.);
#89160=LINE('',#89130,#89150);
#89170=CARTESIAN_POINT('',(-4.923077,35.780602,-40.2175));
#89180=VERTEX_POINT('',#89170);
#89190=EDGE_CURVE('',#88940,#89180,#89160,.T.);
#89200=ORIENTED_EDGE('',*,*,#89190,.F.);
#89210=CARTESIAN_POINT('',(-4.923077,34.355602,-40.2175));
#89220=DIRECTION('',(0.,-1.,0.));
#89230=VECTOR('',#89220,1.);
#89240=LINE('',#89210,#89230);
#89250=EDGE_CURVE('',#89180,#17620,#89240,.T.);
#89260=ORIENTED_EDGE('',*,*,#89250,.F.);
#89270=ORIENTED_EDGE('',*,*,#17630,.T.);
#89280=EDGE_LOOP('',(#89270,#89260,#89200,#89120));
#89290=FACE_OUTER_BOUND('',#89280,.T.);
#89300=ADVANCED_FACE('',(#89290),#89110,.T.);
#89310=CARTESIAN_POINT('',(-4.973077,34.355602,-40.1675));
#89320=DIRECTION('',(0.707106781186547,0.,0.707106781186548));
#89330=DIRECTION('',(-0.707106781186548,0.,0.707106781186547));
#89340=AXIS2_PLACEMENT_3D('',#89310,#89320,#89330);
#89350=PLANE('',#89340);
#89360=ORIENTED_EDGE('',*,*,#89250,.T.);
#89370=CARTESIAN_POINT('',(-3.651202,15.430602,-41.489375));
#89380=DIRECTION('',(-0.0622572806364691,0.996116490183505,
0.062257280636469));
#89390=VECTOR('',#89380,1.);
#89400=LINE('',#89370,#89390);
#89410=CARTESIAN_POINT('',(-4.93736271428571,36.0091734285714,
-40.2032142857143));
#89420=VERTEX_POINT('',#89410);
#89430=EDGE_CURVE('',#89180,#89420,#89400,.T.);
#89440=ORIENTED_EDGE('',*,*,#89430,.F.);
#89450=CARTESIAN_POINT('',(-12.654327,15.430602,-32.48625));
#89460=DIRECTION('',(0.331294578224539,0.883452208598773,
-0.331294578224539));
#89470=VECTOR('',#89460,1.);
#89480=LINE('',#89450,#89470);
#89490=EDGE_CURVE('',#76420,#89420,#89480,.T.);
#89500=ORIENTED_EDGE('',*,*,#89490,.T.);
#89510=ORIENTED_EDGE('',*,*,#76430,.F.);
#89520=ORIENTED_EDGE('',*,*,#17710,.F.);
#89530=EDGE_LOOP('',(#89520,#89510,#89500,#89440,#89360));
#89540=FACE_OUTER_BOUND('',#89530,.T.);
#89550=ADVANCED_FACE('',(#89540),#89350,.F.);
#89560=CARTESIAN_POINT('',(-4.523077,36.180602,-39.4425));
#89570=DIRECTION('',(-0.,0.0623782861551805,0.998052578482889));
#89580=DIRECTION('',(0.,-0.998052578482889,0.0623782861551805));
#89590=AXIS2_PLACEMENT_3D('',#89560,#89570,#89580);
#89600=PLANE('',#89590);
#89610=CARTESIAN_POINT('',(3.608173,15.430602,-38.145625));
#89620=DIRECTION('',(-0.350523742702191,0.934729980539178,
-0.0584206237836986));
#89630=VECTOR('',#89620,1.);
#89640=LINE('',#89610,#89630);
#89650=CARTESIAN_POINT('',(-4.32307699999999,36.580602,-39.4675));
#89660=VERTEX_POINT('',#89650);
#89670=EDGE_CURVE('',#85720,#89660,#89640,.T.);
#89680=ORIENTED_EDGE('',*,*,#89670,.T.);
#89690=ORIENTED_EDGE('',*,*,#85730,.T.);
#89700=CARTESIAN_POINT('',(-4.523077,35.780602,-39.4175));
#89710=DIRECTION('',(1.,0.,0.));
#89720=VECTOR('',#89710,1.);
#89730=LINE('',#89700,#89720);
#89740=EDGE_CURVE('',#88630,#85640,#89730,.T.);
#89750=ORIENTED_EDGE('',*,*,#89740,.T.);
#89760=ORIENTED_EDGE('',*,*,#88640,.T.);
#89770=CARTESIAN_POINT('',(-12.654327,15.430602,-38.145625));
#89780=DIRECTION('',(0.350523742702191,0.934729980539178,
-0.0584206237836986));
#89790=VECTOR('',#89780,1.);
#89800=LINE('',#89770,#89790);
#89810=CARTESIAN_POINT('',(-4.723077,36.580602,-39.4675));
#89820=VERTEX_POINT('',#89810);
#89830=EDGE_CURVE('',#88550,#89820,#89800,.T.);
#89840=ORIENTED_EDGE('',*,*,#89830,.F.);
#89850=CARTESIAN_POINT('',(-4.523077,36.580602,-39.4675));
#89860=DIRECTION('',(1.,0.,0.));
#89870=VECTOR('',#89860,1.);
#89880=LINE('',#89850,#89870);
#89890=EDGE_CURVE('',#89820,#89660,#89880,.T.);
#89900=ORIENTED_EDGE('',*,*,#89890,.F.);
#89910=EDGE_LOOP('',(#89900,#89840,#89760,#89750,#89690,#89680));
#89920=FACE_OUTER_BOUND('',#89910,.T.);
#89930=ADVANCED_FACE('',(#89920),#89600,.T.);
#89940=CARTESIAN_POINT('',(-6.023077,36.580602,-40.77));
#89950=DIRECTION('',(0.,1.,-0.));
#89960=DIRECTION('',(-1.,0.,0.));
#89970=AXIS2_PLACEMENT_3D('',#89940,#89950,#89960);
#89980=PLANE('',#89970);
#89990=CARTESIAN_POINT('',(-4.323077,36.580602,-40.0425));
#90000=DIRECTION('',(0.,0.,-1.));
#90010=VECTOR('',#90000,1.);
#90020=LINE('',#89990,#90010);
#90030=CARTESIAN_POINT('',(-4.323077,36.580602,-40.1675));
#90040=VERTEX_POINT('',#90030);
#90050=EDGE_CURVE('',#89660,#90040,#90020,.T.);
#90060=ORIENTED_EDGE('',*,*,#90050,.T.);
#90070=ORIENTED_EDGE('',*,*,#89890,.T.);
#90080=CARTESIAN_POINT('',(-4.723077,36.580602,-40.0425));
#90090=DIRECTION('',(0.,0.,-1.));
#90100=VECTOR('',#90090,1.);
#90110=LINE('',#90080,#90100);
#90120=CARTESIAN_POINT('',(-4.723077,36.580602,-40.1675));
#90130=VERTEX_POINT('',#90120);
#90140=EDGE_CURVE('',#89820,#90130,#90110,.T.);
#90150=ORIENTED_EDGE('',*,*,#90140,.F.);
#90160=CARTESIAN_POINT('',(-4.523077,36.580602,-40.1675));
#90170=DIRECTION('',(-1.,0.,0.));
#90180=VECTOR('',#90170,1.);
#90190=LINE('',#90160,#90180);
#90200=EDGE_CURVE('',#90040,#90130,#90190,.T.);
#90210=ORIENTED_EDGE('',*,*,#90200,.T.);
#90220=EDGE_LOOP('',(#90210,#90150,#90070,#90060));
#90230=FACE_OUTER_BOUND('',#90220,.T.);
#90240=ADVANCED_FACE('',(#90230),#89980,.T.);
#90250=CARTESIAN_POINT('',(-4.173077,36.180602,-40.0425));
#90260=DIRECTION('',(0.936329177569045,0.351123441588391,0.));
#90270=DIRECTION('',(0.351123441588391,-0.936329177569045,0.));
#90280=AXIS2_PLACEMENT_3D('',#90250,#90260,#90270);
#90290=PLANE('',#90280);
#90300=CARTESIAN_POINT('',(3.608173,15.430602,-41.489375));
#90310=DIRECTION('',(0.350523742702191,-0.934729980539178,
-0.0584206237836986));
#90320=VECTOR('',#90310,1.);
#90330=LINE('',#90300,#90320);
#90340=EDGE_CURVE('',#90040,#88860,#90330,.T.);
#90350=ORIENTED_EDGE('',*,*,#90340,.F.);
#90360=ORIENTED_EDGE('',*,*,#88870,.F.);
#90370=ORIENTED_EDGE('',*,*,#83160,.T.);
#90380=ORIENTED_EDGE('',*,*,#85790,.T.);
#90390=ORIENTED_EDGE('',*,*,#89670,.F.);
#90400=ORIENTED_EDGE('',*,*,#90050,.F.);
#90410=EDGE_LOOP('',(#90400,#90390,#90380,#90370,#90360,#90350));
#90420=FACE_OUTER_BOUND('',#90410,.T.);
#90430=ADVANCED_FACE('',(#90420),#90290,.T.);
#90440=CARTESIAN_POINT('',(-4.523077,36.180602,-40.1925));
#90450=DIRECTION('',(0.,0.0623782861551805,-0.998052578482889));
#90460=DIRECTION('',(-2.77015238104552E-16,-0.998052578482889,
-0.0623782861551805));
#90470=AXIS2_PLACEMENT_3D('',#90440,#90450,#90460);
#90480=PLANE('',#90470);
#90490=CARTESIAN_POINT('',(-12.654327,15.430602,-41.489375));
#90500=DIRECTION('',(-0.350523742702191,-0.934729980539178,
-0.0584206237836986));
#90510=VECTOR('',#90500,1.);
#90520=LINE('',#90490,#90510);
#90530=EDGE_CURVE('',#90130,#89420,#90520,.T.);
#90540=ORIENTED_EDGE('',*,*,#90530,.F.);
#90550=ORIENTED_EDGE('',*,*,#89430,.T.);
#90560=ORIENTED_EDGE('',*,*,#89190,.T.);
#90570=ORIENTED_EDGE('',*,*,#88950,.F.);
#90580=ORIENTED_EDGE('',*,*,#90340,.T.);
#90590=ORIENTED_EDGE('',*,*,#90200,.F.);
#90600=EDGE_LOOP('',(#90590,#90580,#90570,#90560,#90550,#90540));
#90610=FACE_OUTER_BOUND('',#90600,.T.);
#90620=ADVANCED_FACE('',(#90610),#90480,.T.);
#90630=CARTESIAN_POINT('',(-4.873077,36.180602,-40.0425));
#90640=DIRECTION('',(0.936329177569045,-0.351123441588391,0.));
#90650=DIRECTION('',(-0.351123441588391,-0.936329177569045,0.));
#90660=AXIS2_PLACEMENT_3D('',#90630,#90640,#90650);
#90670=PLANE('',#90660);
#90680=ORIENTED_EDGE('',*,*,#89490,.F.);
#90690=ORIENTED_EDGE('',*,*,#90530,.T.);
#90700=ORIENTED_EDGE('',*,*,#90140,.T.);
#90710=ORIENTED_EDGE('',*,*,#89830,.T.);
#90720=ORIENTED_EDGE('',*,*,#88560,.T.);
#90730=ORIENTED_EDGE('',*,*,#76510,.F.);
#90740=EDGE_LOOP('',(#90730,#90720,#90710,#90700,#90690,#90680));
#90750=FACE_OUTER_BOUND('',#90740,.T.);
#90760=ADVANCED_FACE('',(#90750),#90670,.F.);
#90770=CARTESIAN_POINT('',(-7.523077,36.180602,-39.4425));
#90780=DIRECTION('',(-0.,0.0623782861551805,0.998052578482889));
#90790=DIRECTION('',(2.77015238104552E-16,-0.998052578482889,
0.0623782861551805));
#90800=AXIS2_PLACEMENT_3D('',#90770,#90780,#90790);
#90810=PLANE('',#90800);
#90820=ORIENTED_EDGE('',*,*,#88120,.F.);
#90830=CARTESIAN_POINT('',(-8.394952,15.430602,-38.145625));
#90840=DIRECTION('',(0.0622572806364691,0.996116490183505,
-0.062257280636469));
#90850=VECTOR('',#90840,1.);
#90860=LINE('',#90830,#90850);
#90870=CARTESIAN_POINT('',(-7.123077,35.780602,-39.4175));
#90880=VERTEX_POINT('',#90870);
#90890=EDGE_CURVE('',#90880,#88050,#90860,.T.);
#90900=ORIENTED_EDGE('',*,*,#90890,.T.);
#90910=CARTESIAN_POINT('',(-7.523077,35.780602,-39.4175));
#90920=DIRECTION('',(1.,0.,0.));
#90930=VECTOR('',#90920,1.);
#90940=LINE('',#90910,#90930);
#90950=CARTESIAN_POINT('',(-7.923077,35.780602,-39.4175));
#90960=VERTEX_POINT('',#90950);
#90970=EDGE_CURVE('',#90960,#90880,#90940,.T.);
#90980=ORIENTED_EDGE('',*,*,#90970,.T.);
#90990=CARTESIAN_POINT('',(-6.65120200000001,15.430602,-38.145625));
#91000=DIRECTION('',(-0.0622572806364688,0.996116490183505,
-0.062257280636469));
#91010=VECTOR('',#91000,1.);
#91020=LINE('',#90990,#91010);
#91030=EDGE_CURVE('',#90960,#86750,#91020,.T.);
#91040=ORIENTED_EDGE('',*,*,#91030,.F.);
#91050=ORIENTED_EDGE('',*,*,#86760,.T.);
#91060=ORIENTED_EDGE('',*,*,#86460,.F.);
#91070=EDGE_LOOP('',(#91060,#91050,#91040,#90980,#90900,#90820));
#91080=FACE_OUTER_BOUND('',#91070,.T.);
#91090=ADVANCED_FACE('',(#91080),#90810,.T.);
#91100=CARTESIAN_POINT('',(-7.073077,34.355602,-39.4675));
#91110=DIRECTION('',(-0.707106781186547,-0.,-0.707106781186548));
#91120=DIRECTION('',(0.707106781186548,0.,-0.707106781186547));
#91130=AXIS2_PLACEMENT_3D('',#91100,#91110,#91120);
#91140=PLANE('',#91130);
#91150=CARTESIAN_POINT('',(-7.123077,34.355602,-39.4175));
#91160=DIRECTION('',(0.,-1.,0.));
#91170=VECTOR('',#91160,1.);
#91180=LINE('',#91150,#91170);
#91190=EDGE_CURVE('',#90880,#16800,#91180,.T.);
#91200=ORIENTED_EDGE('',*,*,#91190,.T.);
#91210=ORIENTED_EDGE('',*,*,#90890,.F.);
#91220=ORIENTED_EDGE('',*,*,#88060,.T.);
#91230=ORIENTED_EDGE('',*,*,#88350,.F.);
#91240=ORIENTED_EDGE('',*,*,#16890,.F.);
#91250=EDGE_LOOP('',(#91240,#91230,#91220,#91210,#91200));
#91260=FACE_OUTER_BOUND('',#91250,.T.);
#91270=ADVANCED_FACE('',(#91260),#91140,.F.);
#91280=CARTESIAN_POINT('',(-2.473077,18.280602,-39.4175));
#91290=DIRECTION('',(0.,0.,1.));
#91300=DIRECTION('',(-1.,1.22464679914735E-16,0.));
#91310=AXIS2_PLACEMENT_3D('',#91280,#91290,#91300);
#91320=PLANE('',#91310);
#91330=ORIENTED_EDGE('',*,*,#89740,.F.);
#91340=ORIENTED_EDGE('',*,*,#85650,.F.);
#91350=ORIENTED_EDGE('',*,*,#17930,.T.);
#91360=ORIENTED_EDGE('',*,*,#88700,.F.);
#91370=EDGE_LOOP('',(#91360,#91350,#91340,#91330));
#91380=FACE_OUTER_BOUND('',#91370,.T.);
#91390=ADVANCED_FACE('',(#91380),#91320,.T.);
#91400=CARTESIAN_POINT('',(-8.023077,32.580602,-38.6925));
#91410=DIRECTION('',(-1.,0.,0.));
#91420=DIRECTION('',(0.,0.,1.));
#91430=AXIS2_PLACEMENT_3D('',#91400,#91410,#91420);
#91440=PLANE('',#91430);
#91450=ORIENTED_EDGE('',*,*,#86190,.T.);
#91460=ORIENTED_EDGE('',*,*,#86900,.F.);
#91470=CARTESIAN_POINT('',(-8.023077,34.355602,-39.5175));
#91480=DIRECTION('',(0.,-1.,0.));
#91490=VECTOR('',#91480,1.);
#91500=LINE('',#91470,#91490);
#91510=EDGE_CURVE('',#86830,#16700,#91500,.T.);
#91520=ORIENTED_EDGE('',*,*,#91510,.F.);
#91530=ORIENTED_EDGE('',*,*,#17270,.T.);
#91540=EDGE_LOOP('',(#91530,#91520,#91460,#91450));
#91550=FACE_OUTER_BOUND('',#91540,.T.);
#91560=ADVANCED_FACE('',(#91550),#91440,.T.);
#91570=CARTESIAN_POINT('',(-7.973077,34.355602,-39.4675));
#91580=DIRECTION('',(-0.707106781186549,0.,0.707106781186546));
#91590=DIRECTION('',(-0.707106781186546,0.,-0.707106781186549));
#91600=AXIS2_PLACEMENT_3D('',#91570,#91580,#91590);
#91610=PLANE('',#91600);
#91620=ORIENTED_EDGE('',*,*,#91510,.T.);
#91630=ORIENTED_EDGE('',*,*,#86840,.T.);
#91640=ORIENTED_EDGE('',*,*,#91030,.T.);
#91650=CARTESIAN_POINT('',(-7.923077,34.355602,-39.4175));
#91660=DIRECTION('',(0.,-1.,0.));
#91670=VECTOR('',#91660,1.);
#91680=LINE('',#91650,#91670);
#91690=EDGE_CURVE('',#90960,#16720,#91680,.T.);
#91700=ORIENTED_EDGE('',*,*,#91690,.F.);
#91710=ORIENTED_EDGE('',*,*,#16730,.T.);
#91720=EDGE_LOOP('',(#91710,#91700,#91640,#91630,#91620));
#91730=FACE_OUTER_BOUND('',#91720,.T.);
#91740=ADVANCED_FACE('',(#91730),#91610,.T.);
#91750=CARTESIAN_POINT('',(-2.473077,18.280602,-39.4175));
#91760=DIRECTION('',(0.,0.,1.));
#91770=DIRECTION('',(-1.,1.22464679914735E-16,0.));
#91780=AXIS2_PLACEMENT_3D('',#91750,#91760,#91770);
#91790=PLANE('',#91780);
#91800=ORIENTED_EDGE('',*,*,#91690,.T.);
#91810=ORIENTED_EDGE('',*,*,#90970,.F.);
#91820=ORIENTED_EDGE('',*,*,#91190,.F.);
#91830=ORIENTED_EDGE('',*,*,#16810,.T.);
#91840=EDGE_LOOP('',(#91830,#91820,#91810,#91800));
#91850=FACE_OUTER_BOUND('',#91840,.T.);
#91860=ADVANCED_FACE('',(#91850),#91790,.T.);
#91870=ORIENTED_EDGE('',*,*,#24730,.F.);
#91880=ORIENTED_EDGE('',*,*,#34070,.T.);
#91890=ORIENTED_EDGE('',*,*,#9960,.T.);
#91900=ORIENTED_EDGE('',*,*,#34140,.F.);
#91910=EDGE_LOOP('',(#91900,#91890,#91880,#91870));
#91920=FACE_OUTER_BOUND('',#91910,.T.);
#91930=ADVANCED_FACE('',(#91920),#34020,.T.);
#91940=ORIENTED_EDGE('',*,*,#10110,.F.);
#91950=ORIENTED_EDGE('',*,*,#35450,.F.);
#91960=ORIENTED_EDGE('',*,*,#43080,.T.);
#91970=ORIENTED_EDGE('',*,*,#35300,.T.);
#91980=EDGE_LOOP('',(#91970,#91960,#91950,#91940));
#91990=FACE_OUTER_BOUND('',#91980,.T.);
#92000=ADVANCED_FACE('',(#91990),#35230,.T.);
#92010=CLOSED_SHELL('',(#1620,#2300,#2780,#3180,#3580,#3980,#4740,#5140,
#5770,#6170,#6570,#6970,#7370,#7690,#8090,#8400,#17970,#18280,#18680,
#18990,#19300,#19700,#20010,#20320,#20540,#20850,#21300,#21610,#22010,
#22600,#22910,#23150,#23320,#23720,#23940,#24160,#24330,#24580,#24790,
#25240,#25640,#26040,#26570,#26880,#27190,#28440,#28750,#29140,#29450,
#29610,#32070,#32260,#32500,#33060,#33280,#33520,#33970,#34190,#34430,
#34600,#34840,#35010,#35180,#35500,#35740,#35960,#36520,#36690,#36990,
#37060,#37230,#37350,#37820,#38130,#38300,#38470,#38590,#38760,#38970,
#39140,#39260,#39430,#39740,#39910,#40030,#40200,#40510,#40820,#40990,
#41430,#41740,#41910,#42220,#42780,#43020,#43130,#43250,#43380,#43550,
#43670,#43840,#44080,#44200,#44320,#44440,#44760,#44880,#45160,#45290,
#45410,#45530,#45650,#45770,#45940,#46500,#46970,#47360,#47760,#48140,
#48260,#48650,#48820,#49010,#49340,#49510,#49980,#50220,#50520,#50740,
#50920,#51100,#51340,#51460,#51600,#51910,#52480,#52720,#52960,#53390,
#53560,#53730,#53900,#54020,#54330,#54850,#55090,#55540,#55710,#55880,
#56050,#56220,#56340,#56600,#56840,#57030,#57200,#57320,#57580,#57820,
#58010,#58180,#58300,#58610,#58850,#59090,#59260,#59380,#59640,#59880,
#60070,#60240,#60360,#60670,#61190,#61430,#61880,#62050,#62220,#62390,
#62560,#62680,#62990,#63510,#63750,#63990,#64370,#64540,#64710,#64880,
#65000,#65220,#65290,#65610,#66000,#66240,#66560,#66960,#67200,#67530,
#67860,#68030,#68340,#68650,#68830,#69080,#69340,#69520,#69840,#70030,
#70220,#70390,#70510,#70820,#71060,#71190,#71320,#71520,#72080,#72470,
#72710,#73030,#73270,#73670,#74050,#74240,#74560,#74870,#75110,#75420,
#75730,#75950,#76130,#76310,#76620,#76740,#76930,#77100,#77280,#77420,
#77680,#77860,#78000,#78170,#78420,#78540,#78800,#78980,#79100,#79320,
#79520,#79740,#80130,#80370,#80690,#80820,#81150,#81550,#81860,#82030,
#82210,#82530,#82770,#82960,#83270,#83520,#83690,#83830,#84220,#84390,
#84650,#84890,#85130,#85250,#85380,#85530,#85850,#86240,#86640,#87020,
#87170,#87560,#87730,#87920,#88250,#88420,#88740,#89060,#89300,#89550,
#89930,#90240,#90430,#90620,#90760,#91090,#91270,#91390,#91560,#91740,
#91860,#91930,#92000));
#92020=MANIFOLD_SOLID_BREP('',#92010);
#92030=CARTESIAN_POINT('',(0.,0.,0.));
#92040=DIRECTION('',(0.,0.,1.));
#92050=DIRECTION('',(1.,0.,0.));
#92060=AXIS2_PLACEMENT_3D('',#92030,#92040,#92050);
#92070=APPLICATION_CONTEXT(' ');
#92080=APPLICATION_PROTOCOL_DEFINITION(' ','automotive_design',1998,
#92070);
#92090=PRODUCT_CONTEXT('',#92070,'mechanical');
#92100=PRODUCT_DEFINITION_CONTEXT('part definition',#92070,'design');
#92110=PRODUCT('FX30B-5S-3.81DSA','FX30B-5S-3.81DSA','',(#92090));
#92120=PRODUCT_RELATED_PRODUCT_CATEGORY('part',' ',(#92110));
#92130=PRODUCT_DEFINITION_FORMATION_WITH_SPECIFIED_SOURCE('','',#92110,
.BOUGHT.);
#92140=PRODUCT_DEFINITION('',' ',#92130,#92100);
#92150=PRODUCT_DEFINITION_SHAPE('','',#92140);
#92160=DIMENSIONAL_EXPONENTS(1.,0.,0.,0.,0.,0.,0.);
#92170=DIMENSIONAL_EXPONENTS(0.,0.,0.,0.,0.,0.,0.);
#92180=DIMENSIONAL_EXPONENTS(0.,0.,0.,0.,0.,0.,0.);
#92190=(LENGTH_UNIT() NAMED_UNIT(*) SI_UNIT(.MILLI.,.METRE.));
#92200=(NAMED_UNIT(*) PLANE_ANGLE_UNIT() SI_UNIT($,.RADIAN.));
#92210=(NAMED_UNIT(*) SI_UNIT($,.STERADIAN.) SOLID_ANGLE_UNIT());
#92220=(GEOMETRIC_REPRESENTATION_CONTEXT(3) 
GLOBAL_UNCERTAINTY_ASSIGNED_CONTEXT((#92230)) 
GLOBAL_UNIT_ASSIGNED_CONTEXT((#92190,#92200,#92210)) 
REPRESENTATION_CONTEXT('',''));
#92230=UNCERTAINTY_MEASURE_WITH_UNIT(LENGTH_MEASURE(1.E-6),#92190,
'distance_accuracy_value','maximum gap value');
#92240=ADVANCED_BREP_SHAPE_REPRESENTATION('',(#92060,#92020),#92220);
#92250=SHAPE_DEFINITION_REPRESENTATION(#92150,#92240);
#92260=COLOUR_RGB('',0.760784387588501,0.772549092769623,
0.372549027204514);
#92270=FILL_AREA_STYLE_COLOUR('',#92260);
#92280=FILL_AREA_STYLE('',(#92270));
#92290=SURFACE_STYLE_FILL_AREA(#92280);
#92300=SURFACE_SIDE_STYLE('',(#92290));
#92310=SURFACE_STYLE_USAGE(.BOTH.,#92300);
#92320=PRESENTATION_STYLE_ASSIGNMENT((#92310));
#92330=STYLED_ITEM('',(#92320),#92020);
#92340=DRAUGHTING_MODEL('',(#92330),#92220);
ENDSEC;
END-ISO-10303-21;
